nohup: ignoring input
INFO:     Started server process [1169231]
INFO:     Waiting for application startup.
INFO:backend.main:Starting AI Knowledge Platform …
2026-05-07 09:12:33,169 INFO sqlalchemy.engine.Engine select pg_catalog.version()
INFO:sqlalchemy.engine.Engine:select pg_catalog.version()
2026-05-07 09:12:33,170 INFO sqlalchemy.engine.Engine [raw sql] {}
INFO:sqlalchemy.engine.Engine:[raw sql] {}
2026-05-07 09:12:33,171 INFO sqlalchemy.engine.Engine select current_schema()
INFO:sqlalchemy.engine.Engine:select current_schema()
2026-05-07 09:12:33,172 INFO sqlalchemy.engine.Engine [raw sql] {}
INFO:sqlalchemy.engine.Engine:[raw sql] {}
2026-05-07 09:12:33,172 INFO sqlalchemy.engine.Engine show standard_conforming_strings
INFO:sqlalchemy.engine.Engine:show standard_conforming_strings
2026-05-07 09:12:33,173 INFO sqlalchemy.engine.Engine [raw sql] {}
INFO:sqlalchemy.engine.Engine:[raw sql] {}
2026-05-07 09:12:33,174 INFO sqlalchemy.engine.Engine BEGIN (implicit)
INFO:sqlalchemy.engine.Engine:BEGIN (implicit)
2026-05-07 09:12:33,180 INFO sqlalchemy.engine.Engine SELECT pg_catalog.pg_class.relname 
FROM pg_catalog.pg_class JOIN pg_catalog.pg_namespace ON pg_catalog.pg_namespace.oid = pg_catalog.pg_class.relnamespace 
WHERE pg_catalog.pg_class.relname = %(table_name)s AND pg_catalog.pg_class.relkind = ANY (ARRAY[%(param_1)s, %(param_2)s, %(param_3)s, %(param_4)s, %(param_5)s]) AND pg_catalog.pg_table_is_visible(pg_catalog.pg_class.oid) AND pg_catalog.pg_namespace.nspname != %(nspname_1)s
INFO:sqlalchemy.engine.Engine:SELECT pg_catalog.pg_class.relname 
FROM pg_catalog.pg_class JOIN pg_catalog.pg_namespace ON pg_catalog.pg_namespace.oid = pg_catalog.pg_class.relnamespace 
WHERE pg_catalog.pg_class.relname = %(table_name)s AND pg_catalog.pg_class.relkind = ANY (ARRAY[%(param_1)s, %(param_2)s, %(param_3)s, %(param_4)s, %(param_5)s]) AND pg_catalog.pg_table_is_visible(pg_catalog.pg_class.oid) AND pg_catalog.pg_namespace.nspname != %(nspname_1)s
2026-05-07 09:12:33,180 INFO sqlalchemy.engine.Engine [generated in 0.00042s] {'table_name': 'documents', 'param_1': 'r', 'param_2': 'p', 'param_3': 'f', 'param_4': 'v', 'param_5': 'm', 'nspname_1': 'pg_catalog'}
INFO:sqlalchemy.engine.Engine:[generated in 0.00042s] {'table_name': 'documents', 'param_1': 'r', 'param_2': 'p', 'param_3': 'f', 'param_4': 'v', 'param_5': 'm', 'nspname_1': 'pg_catalog'}
2026-05-07 09:12:33,183 INFO sqlalchemy.engine.Engine SELECT pg_catalog.pg_class.relname 
FROM pg_catalog.pg_class JOIN pg_catalog.pg_namespace ON pg_catalog.pg_namespace.oid = pg_catalog.pg_class.relnamespace 
WHERE pg_catalog.pg_class.relname = %(table_name)s AND pg_catalog.pg_class.relkind = ANY (ARRAY[%(param_1)s, %(param_2)s, %(param_3)s, %(param_4)s, %(param_5)s]) AND pg_catalog.pg_table_is_visible(pg_catalog.pg_class.oid) AND pg_catalog.pg_namespace.nspname != %(nspname_1)s
INFO:sqlalchemy.engine.Engine:SELECT pg_catalog.pg_class.relname 
FROM pg_catalog.pg_class JOIN pg_catalog.pg_namespace ON pg_catalog.pg_namespace.oid = pg_catalog.pg_class.relnamespace 
WHERE pg_catalog.pg_class.relname = %(table_name)s AND pg_catalog.pg_class.relkind = ANY (ARRAY[%(param_1)s, %(param_2)s, %(param_3)s, %(param_4)s, %(param_5)s]) AND pg_catalog.pg_table_is_visible(pg_catalog.pg_class.oid) AND pg_catalog.pg_namespace.nspname != %(nspname_1)s
2026-05-07 09:12:33,183 INFO sqlalchemy.engine.Engine [cached since 0.003014s ago] {'table_name': 'prompt_templates', 'param_1': 'r', 'param_2': 'p', 'param_3': 'f', 'param_4': 'v', 'param_5': 'm', 'nspname_1': 'pg_catalog'}
INFO:sqlalchemy.engine.Engine:[cached since 0.003014s ago] {'table_name': 'prompt_templates', 'param_1': 'r', 'param_2': 'p', 'param_3': 'f', 'param_4': 'v', 'param_5': 'm', 'nspname_1': 'pg_catalog'}
2026-05-07 09:12:33,184 INFO sqlalchemy.engine.Engine SELECT pg_catalog.pg_class.relname 
FROM pg_catalog.pg_class JOIN pg_catalog.pg_namespace ON pg_catalog.pg_namespace.oid = pg_catalog.pg_class.relnamespace 
WHERE pg_catalog.pg_class.relname = %(table_name)s AND pg_catalog.pg_class.relkind = ANY (ARRAY[%(param_1)s, %(param_2)s, %(param_3)s, %(param_4)s, %(param_5)s]) AND pg_catalog.pg_table_is_visible(pg_catalog.pg_class.oid) AND pg_catalog.pg_namespace.nspname != %(nspname_1)s
INFO:sqlalchemy.engine.Engine:SELECT pg_catalog.pg_class.relname 
FROM pg_catalog.pg_class JOIN pg_catalog.pg_namespace ON pg_catalog.pg_namespace.oid = pg_catalog.pg_class.relnamespace 
WHERE pg_catalog.pg_class.relname = %(table_name)s AND pg_catalog.pg_class.relkind = ANY (ARRAY[%(param_1)s, %(param_2)s, %(param_3)s, %(param_4)s, %(param_5)s]) AND pg_catalog.pg_table_is_visible(pg_catalog.pg_class.oid) AND pg_catalog.pg_namespace.nspname != %(nspname_1)s
2026-05-07 09:12:33,184 INFO sqlalchemy.engine.Engine [cached since 0.004284s ago] {'table_name': 'conversations', 'param_1': 'r', 'param_2': 'p', 'param_3': 'f', 'param_4': 'v', 'param_5': 'm', 'nspname_1': 'pg_catalog'}
INFO:sqlalchemy.engine.Engine:[cached since 0.004284s ago] {'table_name': 'conversations', 'param_1': 'r', 'param_2': 'p', 'param_3': 'f', 'param_4': 'v', 'param_5': 'm', 'nspname_1': 'pg_catalog'}
2026-05-07 09:12:33,185 INFO sqlalchemy.engine.Engine SELECT pg_catalog.pg_class.relname 
FROM pg_catalog.pg_class JOIN pg_catalog.pg_namespace ON pg_catalog.pg_namespace.oid = pg_catalog.pg_class.relnamespace 
WHERE pg_catalog.pg_class.relname = %(table_name)s AND pg_catalog.pg_class.relkind = ANY (ARRAY[%(param_1)s, %(param_2)s, %(param_3)s, %(param_4)s, %(param_5)s]) AND pg_catalog.pg_table_is_visible(pg_catalog.pg_class.oid) AND pg_catalog.pg_namespace.nspname != %(nspname_1)s
INFO:sqlalchemy.engine.Engine:SELECT pg_catalog.pg_class.relname 
FROM pg_catalog.pg_class JOIN pg_catalog.pg_namespace ON pg_catalog.pg_namespace.oid = pg_catalog.pg_class.relnamespace 
WHERE pg_catalog.pg_class.relname = %(table_name)s AND pg_catalog.pg_class.relkind = ANY (ARRAY[%(param_1)s, %(param_2)s, %(param_3)s, %(param_4)s, %(param_5)s]) AND pg_catalog.pg_table_is_visible(pg_catalog.pg_class.oid) AND pg_catalog.pg_namespace.nspname != %(nspname_1)s
2026-05-07 09:12:33,185 INFO sqlalchemy.engine.Engine [cached since 0.00545s ago] {'table_name': 'users', 'param_1': 'r', 'param_2': 'p', 'param_3': 'f', 'param_4': 'v', 'param_5': 'm', 'nspname_1': 'pg_catalog'}
INFO:sqlalchemy.engine.Engine:[cached since 0.00545s ago] {'table_name': 'users', 'param_1': 'r', 'param_2': 'p', 'param_3': 'f', 'param_4': 'v', 'param_5': 'm', 'nspname_1': 'pg_catalog'}
2026-05-07 09:12:33,186 INFO sqlalchemy.engine.Engine SELECT pg_catalog.pg_class.relname 
FROM pg_catalog.pg_class JOIN pg_catalog.pg_namespace ON pg_catalog.pg_namespace.oid = pg_catalog.pg_class.relnamespace 
WHERE pg_catalog.pg_class.relname = %(table_name)s AND pg_catalog.pg_class.relkind = ANY (ARRAY[%(param_1)s, %(param_2)s, %(param_3)s, %(param_4)s, %(param_5)s]) AND pg_catalog.pg_table_is_visible(pg_catalog.pg_class.oid) AND pg_catalog.pg_namespace.nspname != %(nspname_1)s
INFO:sqlalchemy.engine.Engine:SELECT pg_catalog.pg_class.relname 
FROM pg_catalog.pg_class JOIN pg_catalog.pg_namespace ON pg_catalog.pg_namespace.oid = pg_catalog.pg_class.relnamespace 
WHERE pg_catalog.pg_class.relname = %(table_name)s AND pg_catalog.pg_class.relkind = ANY (ARRAY[%(param_1)s, %(param_2)s, %(param_3)s, %(param_4)s, %(param_5)s]) AND pg_catalog.pg_table_is_visible(pg_catalog.pg_class.oid) AND pg_catalog.pg_namespace.nspname != %(nspname_1)s
2026-05-07 09:12:33,186 INFO sqlalchemy.engine.Engine [cached since 0.006628s ago] {'table_name': 'llm_usage', 'param_1': 'r', 'param_2': 'p', 'param_3': 'f', 'param_4': 'v', 'param_5': 'm', 'nspname_1': 'pg_catalog'}
INFO:sqlalchemy.engine.Engine:[cached since 0.006628s ago] {'table_name': 'llm_usage', 'param_1': 'r', 'param_2': 'p', 'param_3': 'f', 'param_4': 'v', 'param_5': 'm', 'nspname_1': 'pg_catalog'}
2026-05-07 09:12:33,187 INFO sqlalchemy.engine.Engine SELECT pg_catalog.pg_class.relname 
FROM pg_catalog.pg_class JOIN pg_catalog.pg_namespace ON pg_catalog.pg_namespace.oid = pg_catalog.pg_class.relnamespace 
WHERE pg_catalog.pg_class.relname = %(table_name)s AND pg_catalog.pg_class.relkind = ANY (ARRAY[%(param_1)s, %(param_2)s, %(param_3)s, %(param_4)s, %(param_5)s]) AND pg_catalog.pg_table_is_visible(pg_catalog.pg_class.oid) AND pg_catalog.pg_namespace.nspname != %(nspname_1)s
INFO:sqlalchemy.engine.Engine:SELECT pg_catalog.pg_class.relname 
FROM pg_catalog.pg_class JOIN pg_catalog.pg_namespace ON pg_catalog.pg_namespace.oid = pg_catalog.pg_class.relnamespace 
WHERE pg_catalog.pg_class.relname = %(table_name)s AND pg_catalog.pg_class.relkind = ANY (ARRAY[%(param_1)s, %(param_2)s, %(param_3)s, %(param_4)s, %(param_5)s]) AND pg_catalog.pg_table_is_visible(pg_catalog.pg_class.oid) AND pg_catalog.pg_namespace.nspname != %(nspname_1)s
2026-05-07 09:12:33,188 INFO sqlalchemy.engine.Engine [cached since 0.007771s ago] {'table_name': 'saved_reports', 'param_1': 'r', 'param_2': 'p', 'param_3': 'f', 'param_4': 'v', 'param_5': 'm', 'nspname_1': 'pg_catalog'}
INFO:sqlalchemy.engine.Engine:[cached since 0.007771s ago] {'table_name': 'saved_reports', 'param_1': 'r', 'param_2': 'p', 'param_3': 'f', 'param_4': 'v', 'param_5': 'm', 'nspname_1': 'pg_catalog'}
2026-05-07 09:12:33,188 INFO sqlalchemy.engine.Engine SELECT pg_catalog.pg_class.relname 
FROM pg_catalog.pg_class JOIN pg_catalog.pg_namespace ON pg_catalog.pg_namespace.oid = pg_catalog.pg_class.relnamespace 
WHERE pg_catalog.pg_class.relname = %(table_name)s AND pg_catalog.pg_class.relkind = ANY (ARRAY[%(param_1)s, %(param_2)s, %(param_3)s, %(param_4)s, %(param_5)s]) AND pg_catalog.pg_table_is_visible(pg_catalog.pg_class.oid) AND pg_catalog.pg_namespace.nspname != %(nspname_1)s
INFO:sqlalchemy.engine.Engine:SELECT pg_catalog.pg_class.relname 
FROM pg_catalog.pg_class JOIN pg_catalog.pg_namespace ON pg_catalog.pg_namespace.oid = pg_catalog.pg_class.relnamespace 
WHERE pg_catalog.pg_class.relname = %(table_name)s AND pg_catalog.pg_class.relkind = ANY (ARRAY[%(param_1)s, %(param_2)s, %(param_3)s, %(param_4)s, %(param_5)s]) AND pg_catalog.pg_table_is_visible(pg_catalog.pg_class.oid) AND pg_catalog.pg_namespace.nspname != %(nspname_1)s
2026-05-07 09:12:33,189 INFO sqlalchemy.engine.Engine [cached since 0.008845s ago] {'table_name': 'audit_logs', 'param_1': 'r', 'param_2': 'p', 'param_3': 'f', 'param_4': 'v', 'param_5': 'm', 'nspname_1': 'pg_catalog'}
INFO:sqlalchemy.engine.Engine:[cached since 0.008845s ago] {'table_name': 'audit_logs', 'param_1': 'r', 'param_2': 'p', 'param_3': 'f', 'param_4': 'v', 'param_5': 'm', 'nspname_1': 'pg_catalog'}
2026-05-07 09:12:33,192 INFO sqlalchemy.engine.Engine SELECT pg_catalog.pg_type.typname 
FROM pg_catalog.pg_type JOIN pg_catalog.pg_namespace ON pg_catalog.pg_namespace.oid = pg_catalog.pg_type.typnamespace 
WHERE pg_catalog.pg_type.typname = %(typname_1)s AND pg_catalog.pg_type_is_visible(pg_catalog.pg_type.oid) AND pg_catalog.pg_namespace.nspname != %(nspname_1)s
INFO:sqlalchemy.engine.Engine:SELECT pg_catalog.pg_type.typname 
FROM pg_catalog.pg_type JOIN pg_catalog.pg_namespace ON pg_catalog.pg_namespace.oid = pg_catalog.pg_type.typnamespace 
WHERE pg_catalog.pg_type.typname = %(typname_1)s AND pg_catalog.pg_type_is_visible(pg_catalog.pg_type.oid) AND pg_catalog.pg_namespace.nspname != %(nspname_1)s
2026-05-07 09:12:33,192 INFO sqlalchemy.engine.Engine [generated in 0.00034s] {'typname_1': 'doc_status', 'nspname_1': 'pg_catalog'}
INFO:sqlalchemy.engine.Engine:[generated in 0.00034s] {'typname_1': 'doc_status', 'nspname_1': 'pg_catalog'}
2026-05-07 09:12:33,193 INFO sqlalchemy.engine.Engine COMMIT
INFO:sqlalchemy.engine.Engine:COMMIT
INFO:backend.main:Database tables ensured.
2026-05-07 09:12:33,202 INFO sqlalchemy.engine.Engine BEGIN (implicit)
INFO:sqlalchemy.engine.Engine:BEGIN (implicit)
2026-05-07 09:12:33,205 INFO sqlalchemy.engine.Engine SELECT prompt_templates.id AS prompt_templates_id, prompt_templates.name AS prompt_templates_name, prompt_templates.category AS prompt_templates_category, prompt_templates.template AS prompt_templates_template, prompt_templates.description AS prompt_templates_description, prompt_templates.created_at AS prompt_templates_created_at 
FROM prompt_templates 
WHERE prompt_templates.name = %(name_1)s 
 LIMIT %(param_1)s
INFO:sqlalchemy.engine.Engine:SELECT prompt_templates.id AS prompt_templates_id, prompt_templates.name AS prompt_templates_name, prompt_templates.category AS prompt_templates_category, prompt_templates.template AS prompt_templates_template, prompt_templates.description AS prompt_templates_description, prompt_templates.created_at AS prompt_templates_created_at 
FROM prompt_templates 
WHERE prompt_templates.name = %(name_1)s 
 LIMIT %(param_1)s
2026-05-07 09:12:33,205 INFO sqlalchemy.engine.Engine [generated in 0.00048s] {'name_1': 'Default RAG', 'param_1': 1}
INFO:sqlalchemy.engine.Engine:[generated in 0.00048s] {'name_1': 'Default RAG', 'param_1': 1}
2026-05-07 09:12:33,208 INFO sqlalchemy.engine.Engine SELECT prompt_templates.id AS prompt_templates_id, prompt_templates.name AS prompt_templates_name, prompt_templates.category AS prompt_templates_category, prompt_templates.template AS prompt_templates_template, prompt_templates.description AS prompt_templates_description, prompt_templates.created_at AS prompt_templates_created_at 
FROM prompt_templates 
WHERE prompt_templates.name = %(name_1)s 
 LIMIT %(param_1)s
INFO:sqlalchemy.engine.Engine:SELECT prompt_templates.id AS prompt_templates_id, prompt_templates.name AS prompt_templates_name, prompt_templates.category AS prompt_templates_category, prompt_templates.template AS prompt_templates_template, prompt_templates.description AS prompt_templates_description, prompt_templates.created_at AS prompt_templates_created_at 
FROM prompt_templates 
WHERE prompt_templates.name = %(name_1)s 
 LIMIT %(param_1)s
2026-05-07 09:12:33,208 INFO sqlalchemy.engine.Engine [cached since 0.003426s ago] {'name_1': 'Executive Summary', 'param_1': 1}
INFO:sqlalchemy.engine.Engine:[cached since 0.003426s ago] {'name_1': 'Executive Summary', 'param_1': 1}
2026-05-07 09:12:33,210 INFO sqlalchemy.engine.Engine SELECT prompt_templates.id AS prompt_templates_id, prompt_templates.name AS prompt_templates_name, prompt_templates.category AS prompt_templates_category, prompt_templates.template AS prompt_templates_template, prompt_templates.description AS prompt_templates_description, prompt_templates.created_at AS prompt_templates_created_at 
FROM prompt_templates 
WHERE prompt_templates.name = %(name_1)s 
 LIMIT %(param_1)s
INFO:sqlalchemy.engine.Engine:SELECT prompt_templates.id AS prompt_templates_id, prompt_templates.name AS prompt_templates_name, prompt_templates.category AS prompt_templates_category, prompt_templates.template AS prompt_templates_template, prompt_templates.description AS prompt_templates_description, prompt_templates.created_at AS prompt_templates_created_at 
FROM prompt_templates 
WHERE prompt_templates.name = %(name_1)s 
 LIMIT %(param_1)s
2026-05-07 09:12:33,210 INFO sqlalchemy.engine.Engine [cached since 0.005186s ago] {'name_1': 'Comparative Analysis', 'param_1': 1}
INFO:sqlalchemy.engine.Engine:[cached since 0.005186s ago] {'name_1': 'Comparative Analysis', 'param_1': 1}
2026-05-07 09:12:33,211 INFO sqlalchemy.engine.Engine SELECT prompt_templates.id AS prompt_templates_id, prompt_templates.name AS prompt_templates_name, prompt_templates.category AS prompt_templates_category, prompt_templates.template AS prompt_templates_template, prompt_templates.description AS prompt_templates_description, prompt_templates.created_at AS prompt_templates_created_at 
FROM prompt_templates 
WHERE prompt_templates.name = %(name_1)s 
 LIMIT %(param_1)s
INFO:sqlalchemy.engine.Engine:SELECT prompt_templates.id AS prompt_templates_id, prompt_templates.name AS prompt_templates_name, prompt_templates.category AS prompt_templates_category, prompt_templates.template AS prompt_templates_template, prompt_templates.description AS prompt_templates_description, prompt_templates.created_at AS prompt_templates_created_at 
FROM prompt_templates 
WHERE prompt_templates.name = %(name_1)s 
 LIMIT %(param_1)s
2026-05-07 09:12:33,211 INFO sqlalchemy.engine.Engine [cached since 0.006517s ago] {'name_1': 'Data Extraction', 'param_1': 1}
INFO:sqlalchemy.engine.Engine:[cached since 0.006517s ago] {'name_1': 'Data Extraction', 'param_1': 1}
2026-05-07 09:12:33,212 INFO sqlalchemy.engine.Engine COMMIT
INFO:sqlalchemy.engine.Engine:COMMIT
INFO:backend.prompt_manager:Default prompt templates seeded.
INFO:backend.embeddings:Loading embedding model: BAAI/bge-base-en-v1.5
INFO:sentence_transformers.SentenceTransformer:Use pytorch device_name: cpu
INFO:sentence_transformers.SentenceTransformer:Load pretrained SentenceTransformer: BAAI/bge-base-en-v1.5
INFO:backend.embeddings:Embedding dimension: 768
[0;93m2026-05-07 09:12:35.792688262 [W:onnxruntime:Default, device_discovery.cc:211 DiscoverDevicesForPlatform] GPU device discovery failed: device_discovery.cc:91 ReadFileContents Failed to open file: "/sys/class/drm/card0/device/vendor"[m
ERROR:chromadb.telemetry.product.posthog:Failed to send telemetry event ClientStartEvent: capture() takes 1 positional argument but 3 were given
ERROR:chromadb.telemetry.product.posthog:Failed to send telemetry event ClientCreateCollectionEvent: capture() takes 1 positional argument but 3 were given
INFO:backend.vector_store:ChromaDB collection 'documents' ready (898 items)
INFO:backend.main:Services pre-warmed: embedding model loaded and ready.
INFO:     Application startup complete.
INFO:     Uvicorn running on http://0.0.0.0:8000 (Press CTRL+C to quit)
INFO:     103.203.59.1:0 - "GET / HTTP/1.1" 404 Not Found
INFO:     127.0.0.1:58326 - "GET /docs HTTP/1.1" 200 OK
:[raw sql] {}
2026-05-07 09:12:36,586 INFO sqlalchemy.engine.Engine select current_schema()
INFO:sqlalchemy.engine.Engine:select current_schema()
2026-05-07 09:12:36,586 INFO sqlalchemy.engine.Engine [raw sql] {}
INFO:sqlalchemy.engine.Engine:[raw sql] {}
2026-05-07 09:12:36,587 INFO sqlalchemy.engine.Engine show standard_conforming_strings
INFO:sqlalchemy.engine.Engine:show standard_conforming_strings
2026-05-07 09:12:36,587 INFO sqlalchemy.engine.Engine [raw sql] {}
INFO:sqlalchemy.engine.Engine:[raw sql] {}
2026-05-07 09:12:36,588 INFO sqlalchemy.engine.Engine BEGIN (implicit)
INFO:sqlalchemy.engine.Engine:BEGIN (implicit)
2026-05-07 09:12:36,594 INFO sqlalchemy.engine.Engine SELECT pg_catalog.pg_class.relname 
FROM pg_catalog.pg_class JOIN pg_catalog.pg_namespace ON pg_catalog.pg_namespace.oid = pg_catalog.pg_class.relnamespace 
WHERE pg_catalog.pg_class.relname = %(table_name)s AND pg_catalog.pg_class.relkind = ANY (ARRAY[%(param_1)s, %(param_2)s, %(param_3)s, %(param_4)s, %(param_5)s]) AND pg_catalog.pg_table_is_visible(pg_catalog.pg_class.oid) AND pg_catalog.pg_namespace.nspname != %(nspname_1)s
INFO:sqlalchemy.engine.Engine:SELECT pg_catalog.pg_class.relname 
FROM pg_catalog.pg_class JOIN pg_catalog.pg_namespace ON pg_catalog.pg_namespace.oid = pg_catalog.pg_class.relnamespace 
WHERE pg_catalog.pg_class.relname = %(table_name)s AND pg_catalog.pg_class.relkind = ANY (ARRAY[%(param_1)s, %(param_2)s, %(param_3)s, %(param_4)s, %(param_5)s]) AND pg_catalog.pg_table_is_visible(pg_catalog.pg_class.oid) AND pg_catalog.pg_namespace.nspname != %(nspname_1)s
2026-05-07 09:12:36,594 INFO sqlalchemy.engine.Engine [generated in 0.00032s] {'table_name': 'documents', 'param_1': 'r', 'param_2': 'p', 'param_3': 'f', 'param_4': 'v', 'param_5': 'm', 'nspname_1': 'pg_catalog'}
INFO:sqlalchemy.engine.Engine:[generated in 0.00032s] {'table_name': 'documents', 'param_1': 'r', 'param_2': 'p', 'param_3': 'f', 'param_4': 'v', 'param_5': 'm', 'nspname_1': 'pg_catalog'}
2026-05-07 09:12:36,596 INFO sqlalchemy.engine.Engine SELECT pg_catalog.pg_class.relname 
FROM pg_catalog.pg_class JOIN pg_catalog.pg_namespace ON pg_catalog.pg_namespace.oid = pg_catalog.pg_class.relnamespace 
WHERE pg_catalog.pg_class.relname = %(table_name)s AND pg_catalog.pg_class.relkind = ANY (ARRAY[%(param_1)s, %(param_2)s, %(param_3)s, %(param_4)s, %(param_5)s]) AND pg_catalog.pg_table_is_visible(pg_catalog.pg_class.oid) AND pg_catalog.pg_namespace.nspname != %(nspname_1)s
INFO:sqlalchemy.engine.Engine:SELECT pg_catalog.pg_class.relname 
FROM pg_catalog.pg_class JOIN pg_catalog.pg_namespace ON pg_catalog.pg_namespace.oid = pg_catalog.pg_class.relnamespace 
WHERE pg_catalog.pg_class.relname = %(table_name)s AND pg_catalog.pg_class.relkind = ANY (ARRAY[%(param_1)s, %(param_2)s, %(param_3)s, %(param_4)s, %(param_5)s]) AND pg_catalog.pg_table_is_visible(pg_catalog.pg_class.oid) AND pg_catalog.pg_namespace.nspname != %(nspname_1)s
2026-05-07 09:12:36,597 INFO sqlalchemy.engine.Engine [cached since 0.002792s ago] {'table_name': 'prompt_templates', 'param_1': 'r', 'param_2': 'p', 'param_3': 'f', 'param_4': 'v', 'param_5': 'm', 'nspname_1': 'pg_catalog'}
INFO:sqlalchemy.engine.Engine:[cached since 0.002792s ago] {'table_name': 'prompt_templates', 'param_1': 'r', 'param_2': 'p', 'param_3': 'f', 'param_4': 'v', 'param_5': 'm', 'nspname_1': 'pg_catalog'}
2026-05-07 09:12:36,597 INFO sqlalchemy.engine.Engine SELECT pg_catalog.pg_class.relname 
FROM pg_catalog.pg_class JOIN pg_catalog.pg_namespace ON pg_catalog.pg_namespace.oid = pg_catalog.pg_class.relnamespace 
WHERE pg_catalog.pg_class.relname = %(table_name)s AND pg_catalog.pg_class.relkind = ANY (ARRAY[%(param_1)s, %(param_2)s, %(param_3)s, %(param_4)s, %(param_5)s]) AND pg_catalog.pg_table_is_visible(pg_catalog.pg_class.oid) AND pg_catalog.pg_namespace.nspname != %(nspname_1)s
INFO:sqlalchemy.engine.Engine:SELECT pg_catalog.pg_class.relname 
FROM pg_catalog.pg_class JOIN pg_catalog.pg_namespace ON pg_catalog.pg_namespace.oid = pg_catalog.pg_class.relnamespace 
WHERE pg_catalog.pg_class.relname = %(table_name)s AND pg_catalog.pg_class.relkind = ANY (ARRAY[%(param_1)s, %(param_2)s, %(param_3)s, %(param_4)s, %(param_5)s]) AND pg_catalog.pg_table_is_visible(pg_catalog.pg_class.oid) AND pg_catalog.pg_namespace.nspname != %(nspname_1)s
2026-05-07 09:12:36,598 INFO sqlalchemy.engine.Engine [cached since 0.003894s ago] {'table_name': 'conversations', 'param_1': 'r', 'param_2': 'p', 'param_3': 'f', 'param_4': 'v', 'param_5': 'm', 'nspname_1': 'pg_catalog'}
INFO:sqlalchemy.engine.Engine:[cached since 0.003894s ago] {'table_name': 'conversations', 'param_1': 'r', 'param_2': 'p', 'param_3': 'f', 'param_4': 'v', 'param_5': 'm', 'nspname_1': 'pg_catalog'}
2026-05-07 09:12:36,598 INFO sqlalchemy.engine.Engine SELECT pg_catalog.pg_class.relname 
FROM pg_catalog.pg_class JOIN pg_catalog.pg_namespace ON pg_catalog.pg_namespace.oid = pg_catalog.pg_class.relnamespace 
WHERE pg_catalog.pg_class.relname = %(table_name)s AND pg_catalog.pg_class.relkind = ANY (ARRAY[%(param_1)s, %(param_2)s, %(param_3)s, %(param_4)s, %(param_5)s]) AND pg_catalog.pg_table_is_visible(pg_catalog.pg_class.oid) AND pg_catalog.pg_namespace.nspname != %(nspname_1)s
INFO:sqlalchemy.engine.Engine:SELECT pg_catalog.pg_class.relname 
FROM pg_catalog.pg_class JOIN pg_catalog.pg_namespace ON pg_catalog.pg_namespace.oid = pg_catalog.pg_class.relnamespace 
WHERE pg_catalog.pg_class.relname = %(table_name)s AND pg_catalog.pg_class.relkind = ANY (ARRAY[%(param_1)s, %(param_2)s, %(param_3)s, %(param_4)s, %(param_5)s]) AND pg_catalog.pg_table_is_visible(pg_catalog.pg_class.oid) AND pg_catalog.pg_namespace.nspname != %(nspname_1)s
2026-05-07 09:12:36,599 INFO sqlalchemy.engine.Engine [cached since 0.004811s ago] {'table_name': 'users', 'param_1': 'r', 'param_2': 'p', 'param_3': 'f', 'param_4': 'v', 'param_5': 'm', 'nspname_1': 'pg_catalog'}
INFO:sqlalchemy.engine.Engine:[cached since 0.004811s ago] {'table_name': 'users', 'param_1': 'r', 'param_2': 'p', 'param_3': 'f', 'param_4': 'v', 'param_5': 'm', 'nspname_1': 'pg_catalog'}
2026-05-07 09:12:36,599 INFO sqlalchemy.engine.Engine SELECT pg_catalog.pg_class.relname 
FROM pg_catalog.pg_class JOIN pg_catalog.pg_namespace ON pg_catalog.pg_namespace.oid = pg_catalog.pg_class.relnamespace 
WHERE pg_catalog.pg_class.relname = %(table_name)s AND pg_catalog.pg_class.relkind = ANY (ARRAY[%(param_1)s, %(param_2)s, %(param_3)s, %(param_4)s, %(param_5)s]) AND pg_catalog.pg_table_is_visible(pg_catalog.pg_class.oid) AND pg_catalog.pg_namespace.nspname != %(nspname_1)s
INFO:sqlalchemy.engine.Engine:SELECT pg_catalog.pg_class.relname 
FROM pg_catalog.pg_class JOIN pg_catalog.pg_namespace ON pg_catalog.pg_namespace.oid = pg_catalog.pg_class.relnamespace 
WHERE pg_catalog.pg_class.relname = %(table_name)s AND pg_catalog.pg_class.relkind = ANY (ARRAY[%(param_1)s, %(param_2)s, %(param_3)s, %(param_4)s, %(param_5)s]) AND pg_catalog.pg_table_is_visible(pg_catalog.pg_class.oid) AND pg_catalog.pg_namespace.nspname != %(nspname_1)s
2026-05-07 09:12:36,599 INFO sqlalchemy.engine.Engine [cached since 0.005648s ago] {'table_name': 'llm_usage', 'param_1': 'r', 'param_2': 'p', 'param_3': 'f', 'param_4': 'v', 'param_5': 'm', 'nspname_1': 'pg_catalog'}
INFO:sqlalchemy.engine.Engine:[cached since 0.005648s ago] {'table_name': 'llm_usage', 'param_1': 'r', 'param_2': 'p', 'param_3': 'f', 'param_4': 'v', 'param_5': 'm', 'nspname_1': 'pg_catalog'}
2026-05-07 09:12:36,600 INFO sqlalchemy.engine.Engine SELECT pg_catalog.pg_class.relname 
FROM pg_catalog.pg_class JOIN pg_catalog.pg_namespace ON pg_catalog.pg_namespace.oid = pg_catalog.pg_class.relnamespace 
WHERE pg_catalog.pg_class.relname = %(table_name)s AND pg_catalog.pg_class.relkind = ANY (ARRAY[%(param_1)s, %(param_2)s, %(param_3)s, %(param_4)s, %(param_5)s]) AND pg_catalog.pg_table_is_visible(pg_catalog.pg_class.oid) AND pg_catalog.pg_namespace.nspname != %(nspname_1)s
INFO:sqlalchemy.engine.Engine:SELECT pg_catalog.pg_class.relname 
FROM pg_catalog.pg_class JOIN pg_catalog.pg_namespace ON pg_catalog.pg_namespace.oid = pg_catalog.pg_class.relnamespace 
WHERE pg_catalog.pg_class.relname = %(table_name)s AND pg_catalog.pg_class.relkind = ANY (ARRAY[%(param_1)s, %(param_2)s, %(param_3)s, %(param_4)s, %(param_5)s]) AND pg_catalog.pg_table_is_visible(pg_catalog.pg_class.oid) AND pg_catalog.pg_namespace.nspname != %(nspname_1)s
2026-05-07 09:12:36,600 INFO sqlalchemy.engine.Engine [cached since 0.006476s ago] {'table_name': 'saved_reports', 'param_1': 'r', 'param_2': 'p', 'param_3': 'f', 'param_4': 'v', 'param_5': 'm', 'nspname_1': 'pg_catalog'}
INFO:sqlalchemy.engine.Engine:[cached since 0.006476s ago] {'table_name': 'saved_reports', 'param_1': 'r', 'param_2': 'p', 'param_3': 'f', 'param_4': 'v', 'param_5': 'm', 'nspname_1': 'pg_catalog'}
2026-05-07 09:12:36,601 INFO sqlalchemy.engine.Engine SELECT pg_catalog.pg_class.relname 
FROM pg_catalog.pg_class JOIN pg_catalog.pg_namespace ON pg_catalog.pg_namespace.oid = pg_catalog.pg_class.relnamespace 
WHERE pg_catalog.pg_class.relname = %(table_name)s AND pg_catalog.pg_class.relkind = ANY (ARRAY[%(param_1)s, %(param_2)s, %(param_3)s, %(param_4)s, %(param_5)s]) AND pg_catalog.pg_table_is_visible(pg_catalog.pg_class.oid) AND pg_catalog.pg_namespace.nspname != %(nspname_1)s
INFO:sqlalchemy.engine.Engine:SELECT pg_catalog.pg_class.relname 
FROM pg_catalog.pg_class JOIN pg_catalog.pg_namespace ON pg_catalog.pg_namespace.oid = pg_catalog.pg_class.relnamespace 
WHERE pg_catalog.pg_class.relname = %(table_name)s AND pg_catalog.pg_class.relkind = ANY (ARRAY[%(param_1)s, %(param_2)s, %(param_3)s, %(param_4)s, %(param_5)s]) AND pg_catalog.pg_table_is_visible(pg_catalog.pg_class.oid) AND pg_catalog.pg_namespace.nspname != %(nspname_1)s
2026-05-07 09:12:36,601 INFO sqlalchemy.engine.Engine [cached since 0.007303s ago] {'table_name': 'audit_logs', 'param_1': 'r', 'param_2': 'p', 'param_3': 'f', 'param_4': 'v', 'param_5': 'm', 'nspname_1': 'pg_catalog'}
INFO:sqlalchemy.engine.Engine:[cached since 0.007303s ago] {'table_name': 'audit_logs', 'param_1': 'r', 'param_2': 'p', 'param_3': 'f', 'param_4': 'v', 'param_5': 'm', 'nspname_1': 'pg_catalog'}
2026-05-07 09:12:36,604 INFO sqlalchemy.engine.Engine SELECT pg_catalog.pg_type.typname 
FROM pg_catalog.pg_type JOIN pg_catalog.pg_namespace ON pg_catalog.pg_namespace.oid = pg_catalog.pg_type.typnamespace 
WHERE pg_catalog.pg_type.typname = %(typname_1)s AND pg_catalog.pg_type_is_visible(pg_catalog.pg_type.oid) AND pg_catalog.pg_namespace.nspname != %(nspname_1)s
INFO:sqlalchemy.engine.Engine:SELECT pg_catalog.pg_type.typname 
FROM pg_catalog.pg_type JOIN pg_catalog.pg_namespace ON pg_catalog.pg_namespace.oid = pg_catalog.pg_type.typnamespace 
WHERE pg_catalog.pg_type.typname = %(typname_1)s AND pg_catalog.pg_type_is_visible(pg_catalog.pg_type.oid) AND pg_catalog.pg_namespace.nspname != %(nspname_1)s
2026-05-07 09:12:36,604 INFO sqlalchemy.engine.Engine [generated in 0.00025s] {'typname_1': 'doc_status', 'nspname_1': 'pg_catalog'}
INFO:sqlalchemy.engine.Engine:[generated in 0.00025s] {'typname_1': 'doc_status', 'nspname_1': 'pg_catalog'}
2026-05-07 09:12:36,605 INFO sqlalchemy.engine.Engine COMMIT
INFO:sqlalchemy.engine.Engine:COMMIT
INFO:backend.main:Database tables ensured.
2026-05-07 09:12:36,613 INFO sqlalchemy.engine.Engine BEGIN (implicit)
INFO:sqlalchemy.engine.Engine:BEGIN (implicit)
2026-05-07 09:12:36,616 INFO sqlalchemy.engine.Engine SELECT prompt_templates.id AS prompt_templates_id, prompt_templates.name AS prompt_templates_name, prompt_templates.category AS prompt_templates_category, prompt_templates.template AS prompt_templates_template, prompt_templates.description AS prompt_templates_description, prompt_templates.created_at AS prompt_templates_created_at 
FROM prompt_templates 
WHERE prompt_templates.name = %(name_1)s 
 LIMIT %(param_1)s
INFO:sqlalchemy.engine.Engine:SELECT prompt_templates.id AS prompt_templates_id, prompt_templates.name AS prompt_templates_name, prompt_templates.category AS prompt_templates_category, prompt_templates.template AS prompt_templates_template, prompt_templates.description AS prompt_templates_description, prompt_templates.created_at AS prompt_templates_created_at 
FROM prompt_templates 
WHERE prompt_templates.name = %(name_1)s 
 LIMIT %(param_1)s
2026-05-07 09:12:36,616 INFO sqlalchemy.engine.Engine [generated in 0.00034s] {'name_1': 'Default RAG', 'param_1': 1}
INFO:sqlalchemy.engine.Engine:[generated in 0.00034s] {'name_1': 'Default RAG', 'param_1': 1}
2026-05-07 09:12:36,619 INFO sqlalchemy.engine.Engine SELECT prompt_templates.id AS prompt_templates_id, prompt_templates.name AS prompt_templates_name, prompt_templates.category AS prompt_templates_category, prompt_templates.template AS prompt_templates_template, prompt_templates.description AS prompt_templates_description, prompt_templates.created_at AS prompt_templates_created_at 
FROM prompt_templates 
WHERE prompt_templates.name = %(name_1)s 
 LIMIT %(param_1)s
INFO:sqlalchemy.engine.Engine:SELECT prompt_templates.id AS prompt_templates_id, prompt_templates.name AS prompt_templates_name, prompt_templates.category AS prompt_templates_category, prompt_templates.template AS prompt_templates_template, prompt_templates.description AS prompt_templates_description, prompt_templates.created_at AS prompt_templates_created_at 
FROM prompt_templates 
WHERE prompt_templates.name = %(name_1)s 
 LIMIT %(param_1)s
2026-05-07 09:12:36,619 INFO sqlalchemy.engine.Engine [cached since 0.002976s ago] {'name_1': 'Executive Summary', 'param_1': 1}
INFO:sqlalchemy.engine.Engine:[cached since 0.002976s ago] {'name_1': 'Executive Summary', 'param_1': 1}
2026-05-07 09:12:36,620 INFO sqlalchemy.engine.Engine SELECT prompt_templates.id AS prompt_templates_id, prompt_templates.name AS prompt_templates_name, prompt_templates.category AS prompt_templates_category, prompt_templates.template AS prompt_templates_template, prompt_templates.description AS prompt_templates_description, prompt_templates.created_at AS prompt_templates_created_at 
FROM prompt_templates 
WHERE prompt_templates.name = %(name_1)s 
 LIMIT %(param_1)s
INFO:sqlalchemy.engine.Engine:SELECT prompt_templates.id AS prompt_templates_id, prompt_templates.name AS prompt_templates_name, prompt_templates.category AS prompt_templates_category, prompt_templates.template AS prompt_templates_template, prompt_templates.description AS prompt_templates_description, prompt_templates.created_at AS prompt_templates_created_at 
FROM prompt_templates 
WHERE prompt_templates.name = %(name_1)s 
 LIMIT %(param_1)s
2026-05-07 09:12:36,621 INFO sqlalchemy.engine.Engine [cached since 0.004444s ago] {'name_1': 'Comparative Analysis', 'param_1': 1}
INFO:sqlalchemy.engine.Engine:[cached since 0.004444s ago] {'name_1': 'Comparative Analysis', 'param_1': 1}
2026-05-07 09:12:36,622 INFO sqlalchemy.engine.Engine SELECT prompt_templates.id AS prompt_templates_id, prompt_templates.name AS prompt_templates_name, prompt_templates.category AS prompt_templates_category, prompt_templates.template AS prompt_templates_template, prompt_templates.description AS prompt_templates_description, prompt_templates.created_at AS prompt_templates_created_at 
FROM prompt_templates 
WHERE prompt_templates.name = %(name_1)s 
 LIMIT %(param_1)s
INFO:sqlalchemy.engine.Engine:SELECT prompt_templates.id AS prompt_templates_id, prompt_templates.name AS prompt_templates_name, prompt_templates.category AS prompt_templates_category, prompt_templates.template AS prompt_templates_template, prompt_templates.description AS prompt_templates_description, prompt_templates.created_at AS prompt_templates_created_at 
FROM prompt_templates 
WHERE prompt_templates.name = %(name_1)s 
 LIMIT %(param_1)s
2026-05-07 09:12:36,622 INFO sqlalchemy.engine.Engine [cached since 0.005725s ago] {'name_1': 'Data Extraction', 'param_1': 1}
INFO:sqlalchemy.engine.Engine:[cached since 0.005725s ago] {'name_1': 'Data Extraction', 'param_1': 1}
2026-05-07 09:12:36,622 INFO sqlalchemy.engine.Engine COMMIT
INFO:sqlalchemy.engine.Engine:COMMIT
INFO:backend.prompt_manager:Default prompt templates seeded.
INFO:backend.embeddings:Loading embedding model: BAAI/bge-base-en-v1.5
INFO:sentence_transformers.SentenceTransformer:Use pytorch device_name: cpu
INFO:sentence_transformers.SentenceTransformer:Load pretrained SentenceTransformer: BAAI/bge-base-en-v1.5
INFO:backend.embeddings:Embedding dimension: 768
[0;93m2026-05-07 09:12:38.016970421 [W:onnxruntime:Default, device_discovery.cc:211 DiscoverDevicesForPlatform] GPU device discovery failed: device_discovery.cc:91 ReadFileContents Failed to open file: "/sys/class/drm/card0/device/vendor"[m
ERROR:chromadb.telemetry.product.posthog:Failed to send telemetry event ClientStartEvent: capture() takes 1 positional argument but 3 were given
ERROR:chromadb.telemetry.product.posthog:Failed to send telemetry event ClientCreateCollectionEvent: capture() takes 1 positional argument but 3 were given
INFO:backend.vector_store:ChromaDB collection 'documents' ready (898 items)
INFO:backend.main:Services pre-warmed: embedding model loaded and ready.
INFO:     Application startup complete.
ERROR:    [Errno 98] error while attempting to bind on address ('0.0.0.0', 8000): address already in use
INFO:     Waiting for application shutdown.
INFO:backend.main:Shutdown complete.
INFO:     Application shutdown complete.
INFO:     Started server process [1169458]
INFO:     Waiting for application startup.
INFO:backend.main:Starting AI Knowledge Platform …
2026-05-07 09:12:58,026 INFO sqlalchemy.engine.Engine select pg_catalog.version()
INFO:sqlalchemy.engine.Engine:select pg_catalog.version()
2026-05-07 09:12:58,027 INFO sqlalchemy.engine.Engine [raw sql] {}
INFO:sqlalchemy.engine.Engine:[raw sql] {}
2026-05-07 09:12:58,028 INFO sqlalchemy.engine.Engine select current_schema()
INFO:sqlalchemy.engine.Engine:select current_schema()
2026-05-07 09:12:58,028 INFO sqlalchemy.engine.Engine [raw sql] {}
INFO:sqlalchemy.engine.Engine:[raw sql] {}
2026-05-07 09:12:58,028 INFO sqlalchemy.engine.Engine show standard_conforming_strings
INFO:sqlalchemy.engine.Engine:show standard_conforming_strings
2026-05-07 09:12:58,029 INFO sqlalchemy.engine.Engine [raw sql] {}
INFO:sqlalchemy.engine.Engine:[raw sql] {}
2026-05-07 09:12:58,029 INFO sqlalchemy.engine.Engine BEGIN (implicit)
INFO:sqlalchemy.engine.Engine:BEGIN (implicit)
2026-05-07 09:12:58,033 INFO sqlalchemy.engine.Engine SELECT pg_catalog.pg_class.relname 
FROM pg_catalog.pg_class JOIN pg_catalog.pg_namespace ON pg_catalog.pg_namespace.oid = pg_catalog.pg_class.relnamespace 
WHERE pg_catalog.pg_class.relname = %(table_name)s AND pg_catalog.pg_class.relkind = ANY (ARRAY[%(param_1)s, %(param_2)s, %(param_3)s, %(param_4)s, %(param_5)s]) AND pg_catalog.pg_table_is_visible(pg_catalog.pg_class.oid) AND pg_catalog.pg_namespace.nspname != %(nspname_1)s
INFO:sqlalchemy.engine.Engine:SELECT pg_catalog.pg_class.relname 
FROM pg_catalog.pg_class JOIN pg_catalog.pg_namespace ON pg_catalog.pg_namespace.oid = pg_catalog.pg_class.relnamespace 
WHERE pg_catalog.pg_class.relname = %(table_name)s AND pg_catalog.pg_class.relkind = ANY (ARRAY[%(param_1)s, %(param_2)s, %(param_3)s, %(param_4)s, %(param_5)s]) AND pg_catalog.pg_table_is_visible(pg_catalog.pg_class.oid) AND pg_catalog.pg_namespace.nspname != %(nspname_1)s
2026-05-07 09:12:58,034 INFO sqlalchemy.engine.Engine [generated in 0.00031s] {'table_name': 'documents', 'param_1': 'r', 'param_2': 'p', 'param_3': 'f', 'param_4': 'v', 'param_5': 'm', 'nspname_1': 'pg_catalog'}
INFO:sqlalchemy.engine.Engine:[generated in 0.00031s] {'table_name': 'documents', 'param_1': 'r', 'param_2': 'p', 'param_3': 'f', 'param_4': 'v', 'param_5': 'm', 'nspname_1': 'pg_catalog'}
2026-05-07 09:12:58,035 INFO sqlalchemy.engine.Engine SELECT pg_catalog.pg_class.relname 
FROM pg_catalog.pg_class JOIN pg_catalog.pg_namespace ON pg_catalog.pg_namespace.oid = pg_catalog.pg_class.relnamespace 
WHERE pg_catalog.pg_class.relname = %(table_name)s AND pg_catalog.pg_class.relkind = ANY (ARRAY[%(param_1)s, %(param_2)s, %(param_3)s, %(param_4)s, %(param_5)s]) AND pg_catalog.pg_table_is_visible(pg_catalog.pg_class.oid) AND pg_catalog.pg_namespace.nspname != %(nspname_1)s
INFO:sqlalchemy.engine.Engine:SELECT pg_catalog.pg_class.relname 
FROM pg_catalog.pg_class JOIN pg_catalog.pg_namespace ON pg_catalog.pg_namespace.oid = pg_catalog.pg_class.relnamespace 
WHERE pg_catalog.pg_class.relname = %(table_name)s AND pg_catalog.pg_class.relkind = ANY (ARRAY[%(param_1)s, %(param_2)s, %(param_3)s, %(param_4)s, %(param_5)s]) AND pg_catalog.pg_table_is_visible(pg_catalog.pg_class.oid) AND pg_catalog.pg_namespace.nspname != %(nspname_1)s
2026-05-07 09:12:58,036 INFO sqlalchemy.engine.Engine [cached since 0.002202s ago] {'table_name': 'prompt_templates', 'param_1': 'r', 'param_2': 'p', 'param_3': 'f', 'param_4': 'v', 'param_5': 'm', 'nspname_1': 'pg_catalog'}
INFO:sqlalchemy.engine.Engine:[cached since 0.002202s ago] {'table_name': 'prompt_templates', 'param_1': 'r', 'param_2': 'p', 'param_3': 'f', 'param_4': 'v', 'param_5': 'm', 'nspname_1': 'pg_catalog'}
2026-05-07 09:12:58,036 INFO sqlalchemy.engine.Engine SELECT pg_catalog.pg_class.relname 
FROM pg_catalog.pg_class JOIN pg_catalog.pg_namespace ON pg_catalog.pg_namespace.oid = pg_catalog.pg_class.relnamespace 
WHERE pg_catalog.pg_class.relname = %(table_name)s AND pg_catalog.pg_class.relkind = ANY (ARRAY[%(param_1)s, %(param_2)s, %(param_3)s, %(param_4)s, %(param_5)s]) AND pg_catalog.pg_table_is_visible(pg_catalog.pg_class.oid) AND pg_catalog.pg_namespace.nspname != %(nspname_1)s
INFO:sqlalchemy.engine.Engine:SELECT pg_catalog.pg_class.relname 
FROM pg_catalog.pg_class JOIN pg_catalog.pg_namespace ON pg_catalog.pg_namespace.oid = pg_catalog.pg_class.relnamespace 
WHERE pg_catalog.pg_class.relname = %(table_name)s AND pg_catalog.pg_class.relkind = ANY (ARRAY[%(param_1)s, %(param_2)s, %(param_3)s, %(param_4)s, %(param_5)s]) AND pg_catalog.pg_table_is_visible(pg_catalog.pg_class.oid) AND pg_catalog.pg_namespace.nspname != %(nspname_1)s
2026-05-07 09:12:58,036 INFO sqlalchemy.engine.Engine [cached since 0.003055s ago] {'table_name': 'conversations', 'param_1': 'r', 'param_2': 'p', 'param_3': 'f', 'param_4': 'v', 'param_5': 'm', 'nspname_1': 'pg_catalog'}
INFO:sqlalchemy.engine.Engine:[cached since 0.003055s ago] {'table_name': 'conversations', 'param_1': 'r', 'param_2': 'p', 'param_3': 'f', 'param_4': 'v', 'param_5': 'm', 'nspname_1': 'pg_catalog'}
2026-05-07 09:12:58,037 INFO sqlalchemy.engine.Engine SELECT pg_catalog.pg_class.relname 
FROM pg_catalog.pg_class JOIN pg_catalog.pg_namespace ON pg_catalog.pg_namespace.oid = pg_catalog.pg_class.relnamespace 
WHERE pg_catalog.pg_class.relname = %(table_name)s AND pg_catalog.pg_class.relkind = ANY (ARRAY[%(param_1)s, %(param_2)s, %(param_3)s, %(param_4)s, %(param_5)s]) AND pg_catalog.pg_table_is_visible(pg_catalog.pg_class.oid) AND pg_catalog.pg_namespace.nspname != %(nspname_1)s
INFO:sqlalchemy.engine.Engine:SELECT pg_catalog.pg_class.relname 
FROM pg_catalog.pg_class JOIN pg_catalog.pg_namespace ON pg_catalog.pg_namespace.oid = pg_catalog.pg_class.relnamespace 
WHERE pg_catalog.pg_class.relname = %(table_name)s AND pg_catalog.pg_class.relkind = ANY (ARRAY[%(param_1)s, %(param_2)s, %(param_3)s, %(param_4)s, %(param_5)s]) AND pg_catalog.pg_table_is_visible(pg_catalog.pg_class.oid) AND pg_catalog.pg_namespace.nspname != %(nspname_1)s
2026-05-07 09:12:58,037 INFO sqlalchemy.engine.Engine [cached since 0.003835s ago] {'table_name': 'users', 'param_1': 'r', 'param_2': 'p', 'param_3': 'f', 'param_4': 'v', 'param_5': 'm', 'nspname_1': 'pg_catalog'}
INFO:sqlalchemy.engine.Engine:[cached since 0.003835s ago] {'table_name': 'users', 'param_1': 'r', 'param_2': 'p', 'param_3': 'f', 'param_4': 'v', 'param_5': 'm', 'nspname_1': 'pg_catalog'}
2026-05-07 09:12:58,038 INFO sqlalchemy.engine.Engine SELECT pg_catalog.pg_class.relname 
FROM pg_catalog.pg_class JOIN pg_catalog.pg_namespace ON pg_catalog.pg_namespace.oid = pg_catalog.pg_class.relnamespace 
WHERE pg_catalog.pg_class.relname = %(table_name)s AND pg_catalog.pg_class.relkind = ANY (ARRAY[%(param_1)s, %(param_2)s, %(param_3)s, %(param_4)s, %(param_5)s]) AND pg_catalog.pg_table_is_visible(pg_catalog.pg_class.oid) AND pg_catalog.pg_namespace.nspname != %(nspname_1)s
INFO:sqlalchemy.engine.Engine:SELECT pg_catalog.pg_class.relname 
FROM pg_catalog.pg_class JOIN pg_catalog.pg_namespace ON pg_catalog.pg_namespace.oid = pg_catalog.pg_class.relnamespace 
WHERE pg_catalog.pg_class.relname = %(table_name)s AND pg_catalog.pg_class.relkind = ANY (ARRAY[%(param_1)s, %(param_2)s, %(param_3)s, %(param_4)s, %(param_5)s]) AND pg_catalog.pg_table_is_visible(pg_catalog.pg_class.oid) AND pg_catalog.pg_namespace.nspname != %(nspname_1)s
2026-05-07 09:12:58,038 INFO sqlalchemy.engine.Engine [cached since 0.004582s ago] {'table_name': 'llm_usage', 'param_1': 'r', 'param_2': 'p', 'param_3': 'f', 'param_4': 'v', 'param_5': 'm', 'nspname_1': 'pg_catalog'}
INFO:sqlalchemy.engine.Engine:[cached since 0.004582s ago] {'table_name': 'llm_usage', 'param_1': 'r', 'param_2': 'p', 'param_3': 'f', 'param_4': 'v', 'param_5': 'm', 'nspname_1': 'pg_catalog'}
2026-05-07 09:12:58,039 INFO sqlalchemy.engine.Engine SELECT pg_catalog.pg_class.relname 
FROM pg_catalog.pg_class JOIN pg_catalog.pg_namespace ON pg_catalog.pg_namespace.oid = pg_catalog.pg_class.relnamespace 
WHERE pg_catalog.pg_class.relname = %(table_name)s AND pg_catalog.pg_class.relkind = ANY (ARRAY[%(param_1)s, %(param_2)s, %(param_3)s, %(param_4)s, %(param_5)s]) AND pg_catalog.pg_table_is_visible(pg_catalog.pg_class.oid) AND pg_catalog.pg_namespace.nspname != %(nspname_1)s
INFO:sqlalchemy.engine.Engine:SELECT pg_catalog.pg_class.relname 
FROM pg_catalog.pg_class JOIN pg_catalog.pg_namespace ON pg_catalog.pg_namespace.oid = pg_catalog.pg_class.relnamespace 
WHERE pg_catalog.pg_class.relname = %(table_name)s AND pg_catalog.pg_class.relkind = ANY (ARRAY[%(param_1)s, %(param_2)s, %(param_3)s, %(param_4)s, %(param_5)s]) AND pg_catalog.pg_table_is_visible(pg_catalog.pg_class.oid) AND pg_catalog.pg_namespace.nspname != %(nspname_1)s
2026-05-07 09:12:58,039 INFO sqlalchemy.engine.Engine [cached since 0.005312s ago] {'table_name': 'saved_reports', 'param_1': 'r', 'param_2': 'p', 'param_3': 'f', 'param_4': 'v', 'param_5': 'm', 'nspname_1': 'pg_catalog'}
INFO:sqlalchemy.engine.Engine:[cached since 0.005312s ago] {'table_name': 'saved_reports', 'param_1': 'r', 'param_2': 'p', 'param_3': 'f', 'param_4': 'v', 'param_5': 'm', 'nspname_1': 'pg_catalog'}
2026-05-07 09:12:58,039 INFO sqlalchemy.engine.Engine SELECT pg_catalog.pg_class.relname 
FROM pg_catalog.pg_class JOIN pg_catalog.pg_namespace ON pg_catalog.pg_namespace.oid = pg_catalog.pg_class.relnamespace 
WHERE pg_catalog.pg_class.relname = %(table_name)s AND pg_catalog.pg_class.relkind = ANY (ARRAY[%(param_1)s, %(param_2)s, %(param_3)s, %(param_4)s, %(param_5)s]) AND pg_catalog.pg_table_is_visible(pg_catalog.pg_class.oid) AND pg_catalog.pg_namespace.nspname != %(nspname_1)s
INFO:sqlalchemy.engine.Engine:SELECT pg_catalog.pg_class.relname 
FROM pg_catalog.pg_class JOIN pg_catalog.pg_namespace ON pg_catalog.pg_namespace.oid = pg_catalog.pg_class.relnamespace 
WHERE pg_catalog.pg_class.relname = %(table_name)s AND pg_catalog.pg_class.relkind = ANY (ARRAY[%(param_1)s, %(param_2)s, %(param_3)s, %(param_4)s, %(param_5)s]) AND pg_catalog.pg_table_is_visible(pg_catalog.pg_class.oid) AND pg_catalog.pg_namespace.nspname != %(nspname_1)s
2026-05-07 09:12:58,039 INFO sqlalchemy.engine.Engine [cached since 0.006026s ago] {'table_name': 'audit_logs', 'param_1': 'r', 'param_2': 'p', 'param_3': 'f', 'param_4': 'v', 'param_5': 'm', 'nspname_1': 'pg_catalog'}
INFO:sqlalchemy.engine.Engine:[cached since 0.006026s ago] {'table_name': 'audit_logs', 'param_1': 'r', 'param_2': 'p', 'param_3': 'f', 'param_4': 'v', 'param_5': 'm', 'nspname_1': 'pg_catalog'}
2026-05-07 09:12:58,041 INFO sqlalchemy.engine.Engine SELECT pg_catalog.pg_type.typname 
FROM pg_catalog.pg_type JOIN pg_catalog.pg_namespace ON pg_catalog.pg_namespace.oid = pg_catalog.pg_type.typnamespace 
WHERE pg_catalog.pg_type.typname = %(typname_1)s AND pg_catalog.pg_type_is_visible(pg_catalog.pg_type.oid) AND pg_catalog.pg_namespace.nspname != %(nspname_1)s
INFO:sqlalchemy.engine.Engine:SELECT pg_catalog.pg_type.typname 
FROM pg_catalog.pg_type JOIN pg_catalog.pg_namespace ON pg_catalog.pg_namespace.oid = pg_catalog.pg_type.typnamespace 
WHERE pg_catalog.pg_type.typname = %(typname_1)s AND pg_catalog.pg_type_is_visible(pg_catalog.pg_type.oid) AND pg_catalog.pg_namespace.nspname != %(nspname_1)s
2026-05-07 09:12:58,041 INFO sqlalchemy.engine.Engine [generated in 0.00019s] {'typname_1': 'doc_status', 'nspname_1': 'pg_catalog'}
INFO:sqlalchemy.engine.Engine:[generated in 0.00019s] {'typname_1': 'doc_status', 'nspname_1': 'pg_catalog'}
2026-05-07 09:12:58,042 INFO sqlalchemy.engine.Engine COMMIT
INFO:sqlalchemy.engine.Engine:COMMIT
INFO:backend.main:Database tables ensured.
2026-05-07 09:12:58,047 INFO sqlalchemy.engine.Engine BEGIN (implicit)
INFO:sqlalchemy.engine.Engine:BEGIN (implicit)
2026-05-07 09:12:58,049 INFO sqlalchemy.engine.Engine SELECT prompt_templates.id AS prompt_templates_id, prompt_templates.name AS prompt_templates_name, prompt_templates.category AS prompt_templates_category, prompt_templates.template AS prompt_templates_template, prompt_templates.description AS prompt_templates_description, prompt_templates.created_at AS prompt_templates_created_at 
FROM prompt_templates 
WHERE prompt_templates.name = %(name_1)s 
 LIMIT %(param_1)s
INFO:sqlalchemy.engine.Engine:SELECT prompt_templates.id AS prompt_templates_id, prompt_templates.name AS prompt_templates_name, prompt_templates.category AS prompt_templates_category, prompt_templates.template AS prompt_templates_template, prompt_templates.description AS prompt_templates_description, prompt_templates.created_at AS prompt_templates_created_at 
FROM prompt_templates 
WHERE prompt_templates.name = %(name_1)s 
 LIMIT %(param_1)s
2026-05-07 09:12:58,050 INFO sqlalchemy.engine.Engine [generated in 0.00021s] {'name_1': 'Default RAG', 'param_1': 1}
INFO:sqlalchemy.engine.Engine:[generated in 0.00021s] {'name_1': 'Default RAG', 'param_1': 1}
2026-05-07 09:12:58,051 INFO sqlalchemy.engine.Engine SELECT prompt_templates.id AS prompt_templates_id, prompt_templates.name AS prompt_templates_name, prompt_templates.category AS prompt_templates_category, prompt_templates.template AS prompt_templates_template, prompt_templates.description AS prompt_templates_description, prompt_templates.created_at AS prompt_templates_created_at 
FROM prompt_templates 
WHERE prompt_templates.name = %(name_1)s 
 LIMIT %(param_1)s
INFO:sqlalchemy.engine.Engine:SELECT prompt_templates.id AS prompt_templates_id, prompt_templates.name AS prompt_templates_name, prompt_templates.category AS prompt_templates_category, prompt_templates.template AS prompt_templates_template, prompt_templates.description AS prompt_templates_description, prompt_templates.created_at AS prompt_templates_created_at 
FROM prompt_templates 
WHERE prompt_templates.name = %(name_1)s 
 LIMIT %(param_1)s
2026-05-07 09:12:58,051 INFO sqlalchemy.engine.Engine [cached since 0.002041s ago] {'name_1': 'Executive Summary', 'param_1': 1}
INFO:sqlalchemy.engine.Engine:[cached since 0.002041s ago] {'name_1': 'Executive Summary', 'param_1': 1}
2026-05-07 09:12:58,052 INFO sqlalchemy.engine.Engine SELECT prompt_templates.id AS prompt_templates_id, prompt_templates.name AS prompt_templates_name, prompt_templates.category AS prompt_templates_category, prompt_templates.template AS prompt_templates_template, prompt_templates.description AS prompt_templates_description, prompt_templates.created_at AS prompt_templates_created_at 
FROM prompt_templates 
WHERE prompt_templates.name = %(name_1)s 
 LIMIT %(param_1)s
INFO:sqlalchemy.engine.Engine:SELECT prompt_templates.id AS prompt_templates_id, prompt_templates.name AS prompt_templates_name, prompt_templates.category AS prompt_templates_category, prompt_templates.template AS prompt_templates_template, prompt_templates.description AS prompt_templates_description, prompt_templates.created_at AS prompt_templates_created_at 
FROM prompt_templates 
WHERE prompt_templates.name = %(name_1)s 
 LIMIT %(param_1)s
2026-05-07 09:12:58,052 INFO sqlalchemy.engine.Engine [cached since 0.00311s ago] {'name_1': 'Comparative Analysis', 'param_1': 1}
INFO:sqlalchemy.engine.Engine:[cached since 0.00311s ago] {'name_1': 'Comparative Analysis', 'param_1': 1}
2026-05-07 09:12:58,053 INFO sqlalchemy.engine.Engine SELECT prompt_templates.id AS prompt_templates_id, prompt_templates.name AS prompt_templates_name, prompt_templates.category AS prompt_templates_category, prompt_templates.template AS prompt_templates_template, prompt_templates.description AS prompt_templates_description, prompt_templates.created_at AS prompt_templates_created_at 
FROM prompt_templates 
WHERE prompt_templates.name = %(name_1)s 
 LIMIT %(param_1)s
INFO:sqlalchemy.engine.Engine:SELECT prompt_templates.id AS prompt_templates_id, prompt_templates.name AS prompt_templates_name, prompt_templates.category AS prompt_templates_category, prompt_templates.template AS prompt_templates_template, prompt_templates.description AS prompt_templates_description, prompt_templates.created_at AS prompt_templates_created_at 
FROM prompt_templates 
WHERE prompt_templates.name = %(name_1)s 
 LIMIT %(param_1)s
2026-05-07 09:12:58,053 INFO sqlalchemy.engine.Engine [cached since 0.004s ago] {'name_1': 'Data Extraction', 'param_1': 1}
INFO:sqlalchemy.engine.Engine:[cached since 0.004s ago] {'name_1': 'Data Extraction', 'param_1': 1}
2026-05-07 09:12:58,054 INFO sqlalchemy.engine.Engine COMMIT
INFO:sqlalchemy.engine.Engine:COMMIT
INFO:backend.prompt_manager:Default prompt templates seeded.
INFO:backend.embeddings:Loading embedding model: BAAI/bge-base-en-v1.5
INFO:sentence_transformers.SentenceTransformer:Use pytorch device_name: cpu
INFO:sentence_transformers.SentenceTransformer:Load pretrained SentenceTransformer: BAAI/bge-base-en-v1.5
INFO:backend.embeddings:Embedding dimension: 768
[0;93m2026-05-07 09:12:59.120194237 [W:onnxruntime:Default, device_discovery.cc:211 DiscoverDevicesForPlatform] GPU device discovery failed: device_discovery.cc:91 ReadFileContents Failed to open file: "/sys/class/drm/card0/device/vendor"[m
ERROR:chromadb.telemetry.product.posthog:Failed to send telemetry event ClientStartEvent: capture() takes 1 positional argument but 3 were given
ERROR:chromadb.telemetry.product.posthog:Failed to send telemetry event ClientCreateCollectionEvent: capture() takes 1 positional argument but 3 were given
INFO:backend.vector_store:ChromaDB collection 'documents' ready (898 items)
INFO:backend.main:Services pre-warmed: embedding model loaded and ready.
INFO:     Application startup complete.
ERROR:    [Errno 98] error while attempting to bind on address ('0.0.0.0', 8000): address already in use
INFO:     Waiting for application shutdown.
INFO:backend.main:Shutdown complete.
INFO:     Application shutdown complete.
INFO:     Started server process [1169643]
INFO:     Waiting for application startup.
INFO:backend.main:Starting AI Knowledge Platform …
2026-05-07 09:13:18,859 INFO sqlalchemy.engine.Engine select pg_catalog.version()
INFO:sqlalchemy.engine.Engine:select pg_catalog.version()
2026-05-07 09:13:18,859 INFO sqlalchemy.engine.Engine [raw sql] {}
INFO:sqlalchemy.engine.Engine:[raw sql] {}
2026-05-07 09:13:18,860 INFO sqlalchemy.engine.Engine select current_schema()
INFO:sqlalchemy.engine.Engine:select current_schema()
2026-05-07 09:13:18,860 INFO sqlalchemy.engine.Engine [raw sql] {}
INFO:sqlalchemy.engine.Engine:[raw sql] {}
2026-05-07 09:13:18,861 INFO sqlalchemy.engine.Engine show standard_conforming_strings
INFO:sqlalchemy.engine.Engine:show standard_conforming_strings
2026-05-07 09:13:18,861 INFO sqlalchemy.engine.Engine [raw sql] {}
INFO:sqlalchemy.engine.Engine:[raw sql] {}
2026-05-07 09:13:18,862 INFO sqlalchemy.engine.Engine BEGIN (implicit)
INFO:sqlalchemy.engine.Engine:BEGIN (implicit)
2026-05-07 09:13:18,866 INFO sqlalchemy.engine.Engine SELECT pg_catalog.pg_class.relname 
FROM pg_catalog.pg_class JOIN pg_catalog.pg_namespace ON pg_catalog.pg_namespace.oid = pg_catalog.pg_class.relnamespace 
WHERE pg_catalog.pg_class.relname = %(table_name)s AND pg_catalog.pg_class.relkind = ANY (ARRAY[%(param_1)s, %(param_2)s, %(param_3)s, %(param_4)s, %(param_5)s]) AND pg_catalog.pg_table_is_visible(pg_catalog.pg_class.oid) AND pg_catalog.pg_namespace.nspname != %(nspname_1)s
INFO:sqlalchemy.engine.Engine:SELECT pg_catalog.pg_class.relname 
FROM pg_catalog.pg_class JOIN pg_catalog.pg_namespace ON pg_catalog.pg_namespace.oid = pg_catalog.pg_class.relnamespace 
WHERE pg_catalog.pg_class.relname = %(table_name)s AND pg_catalog.pg_class.relkind = ANY (ARRAY[%(param_1)s, %(param_2)s, %(param_3)s, %(param_4)s, %(param_5)s]) AND pg_catalog.pg_table_is_visible(pg_catalog.pg_class.oid) AND pg_catalog.pg_namespace.nspname != %(nspname_1)s
2026-05-07 09:13:18,866 INFO sqlalchemy.engine.Engine [generated in 0.00027s] {'table_name': 'documents', 'param_1': 'r', 'param_2': 'p', 'param_3': 'f', 'param_4': 'v', 'param_5': 'm', 'nspname_1': 'pg_catalog'}
INFO:sqlalchemy.engine.Engine:[generated in 0.00027s] {'table_name': 'documents', 'param_1': 'r', 'param_2': 'p', 'param_3': 'f', 'param_4': 'v', 'param_5': 'm', 'nspname_1': 'pg_catalog'}
2026-05-07 09:13:18,868 INFO sqlalchemy.engine.Engine SELECT pg_catalog.pg_class.relname 
FROM pg_catalog.pg_class JOIN pg_catalog.pg_namespace ON pg_catalog.pg_namespace.oid = pg_catalog.pg_class.relnamespace 
WHERE pg_catalog.pg_class.relname = %(table_name)s AND pg_catalog.pg_class.relkind = ANY (ARRAY[%(param_1)s, %(param_2)s, %(param_3)s, %(param_4)s, %(param_5)s]) AND pg_catalog.pg_table_is_visible(pg_catalog.pg_class.oid) AND pg_catalog.pg_namespace.nspname != %(nspname_1)s
INFO:sqlalchemy.engine.Engine:SELECT pg_catalog.pg_class.relname 
FROM pg_catalog.pg_class JOIN pg_catalog.pg_namespace ON pg_catalog.pg_namespace.oid = pg_catalog.pg_class.relnamespace 
WHERE pg_catalog.pg_class.relname = %(table_name)s AND pg_catalog.pg_class.relkind = ANY (ARRAY[%(param_1)s, %(param_2)s, %(param_3)s, %(param_4)s, %(param_5)s]) AND pg_catalog.pg_table_is_visible(pg_catalog.pg_class.oid) AND pg_catalog.pg_namespace.nspname != %(nspname_1)s
2026-05-07 09:13:18,868 INFO sqlalchemy.engine.Engine [cached since 0.002217s ago] {'table_name': 'prompt_templates', 'param_1': 'r', 'param_2': 'p', 'param_3': 'f', 'param_4': 'v', 'param_5': 'm', 'nspname_1': 'pg_catalog'}
INFO:sqlalchemy.engine.Engine:[cached since 0.002217s ago] {'table_name': 'prompt_templates', 'param_1': 'r', 'param_2': 'p', 'param_3': 'f', 'param_4': 'v', 'param_5': 'm', 'nspname_1': 'pg_catalog'}
2026-05-07 09:13:18,869 INFO sqlalchemy.engine.Engine SELECT pg_catalog.pg_class.relname 
FROM pg_catalog.pg_class JOIN pg_catalog.pg_namespace ON pg_catalog.pg_namespace.oid = pg_catalog.pg_class.relnamespace 
WHERE pg_catalog.pg_class.relname = %(table_name)s AND pg_catalog.pg_class.relkind = ANY (ARRAY[%(param_1)s, %(param_2)s, %(param_3)s, %(param_4)s, %(param_5)s]) AND pg_catalog.pg_table_is_visible(pg_catalog.pg_class.oid) AND pg_catalog.pg_namespace.nspname != %(nspname_1)s
INFO:sqlalchemy.engine.Engine:SELECT pg_catalog.pg_class.relname 
FROM pg_catalog.pg_class JOIN pg_catalog.pg_namespace ON pg_catalog.pg_namespace.oid = pg_catalog.pg_class.relnamespace 
WHERE pg_catalog.pg_class.relname = %(table_name)s AND pg_catalog.pg_class.relkind = ANY (ARRAY[%(param_1)s, %(param_2)s, %(param_3)s, %(param_4)s, %(param_5)s]) AND pg_catalog.pg_table_is_visible(pg_catalog.pg_class.oid) AND pg_catalog.pg_namespace.nspname != %(nspname_1)s
2026-05-07 09:13:18,869 INFO sqlalchemy.engine.Engine [cached since 0.0032s ago] {'table_name': 'conversations', 'param_1': 'r', 'param_2': 'p', 'param_3': 'f', 'param_4': 'v', 'param_5': 'm', 'nspname_1': 'pg_catalog'}
INFO:sqlalchemy.engine.Engine:[cached since 0.0032s ago] {'table_name': 'conversations', 'param_1': 'r', 'param_2': 'p', 'param_3': 'f', 'param_4': 'v', 'param_5': 'm', 'nspname_1': 'pg_catalog'}
2026-05-07 09:13:18,870 INFO sqlalchemy.engine.Engine SELECT pg_catalog.pg_class.relname 
FROM pg_catalog.pg_class JOIN pg_catalog.pg_namespace ON pg_catalog.pg_namespace.oid = pg_catalog.pg_class.relnamespace 
WHERE pg_catalog.pg_class.relname = %(table_name)s AND pg_catalog.pg_class.relkind = ANY (ARRAY[%(param_1)s, %(param_2)s, %(param_3)s, %(param_4)s, %(param_5)s]) AND pg_catalog.pg_table_is_visible(pg_catalog.pg_class.oid) AND pg_catalog.pg_namespace.nspname != %(nspname_1)s
INFO:sqlalchemy.engine.Engine:SELECT pg_catalog.pg_class.relname 
FROM pg_catalog.pg_class JOIN pg_catalog.pg_namespace ON pg_catalog.pg_namespace.oid = pg_catalog.pg_class.relnamespace 
WHERE pg_catalog.pg_class.relname = %(table_name)s AND pg_catalog.pg_class.relkind = ANY (ARRAY[%(param_1)s, %(param_2)s, %(param_3)s, %(param_4)s, %(param_5)s]) AND pg_catalog.pg_table_is_visible(pg_catalog.pg_class.oid) AND pg_catalog.pg_namespace.nspname != %(nspname_1)s
2026-05-07 09:13:18,870 INFO sqlalchemy.engine.Engine [cached since 0.004057s ago] {'table_name': 'users', 'param_1': 'r', 'param_2': 'p', 'param_3': 'f', 'param_4': 'v', 'param_5': 'm', 'nspname_1': 'pg_catalog'}
INFO:sqlalchemy.engine.Engine:[cached since 0.004057s ago] {'table_name': 'users', 'param_1': 'r', 'param_2': 'p', 'param_3': 'f', 'param_4': 'v', 'param_5': 'm', 'nspname_1': 'pg_catalog'}
2026-05-07 09:13:18,870 INFO sqlalchemy.engine.Engine SELECT pg_catalog.pg_class.relname 
FROM pg_catalog.pg_class JOIN pg_catalog.pg_namespace ON pg_catalog.pg_namespace.oid = pg_catalog.pg_class.relnamespace 
WHERE pg_catalog.pg_class.relname = %(table_name)s AND pg_catalog.pg_class.relkind = ANY (ARRAY[%(param_1)s, %(param_2)s, %(param_3)s, %(param_4)s, %(param_5)s]) AND pg_catalog.pg_table_is_visible(pg_catalog.pg_class.oid) AND pg_catalog.pg_namespace.nspname != %(nspname_1)s
INFO:sqlalchemy.engine.Engine:SELECT pg_catalog.pg_class.relname 
FROM pg_catalog.pg_class JOIN pg_catalog.pg_namespace ON pg_catalog.pg_namespace.oid = pg_catalog.pg_class.relnamespace 
WHERE pg_catalog.pg_class.relname = %(table_name)s AND pg_catalog.pg_class.relkind = ANY (ARRAY[%(param_1)s, %(param_2)s, %(param_3)s, %(param_4)s, %(param_5)s]) AND pg_catalog.pg_table_is_visible(pg_catalog.pg_class.oid) AND pg_catalog.pg_namespace.nspname != %(nspname_1)s
2026-05-07 09:13:18,870 INFO sqlalchemy.engine.Engine [cached since 0.004846s ago] {'table_name': 'llm_usage', 'param_1': 'r', 'param_2': 'p', 'param_3': 'f', 'param_4': 'v', 'param_5': 'm', 'nspname_1': 'pg_catalog'}
INFO:sqlalchemy.engine.Engine:[cached since 0.004846s ago] {'table_name': 'llm_usage', 'param_1': 'r', 'param_2': 'p', 'param_3': 'f', 'param_4': 'v', 'param_5': 'm', 'nspname_1': 'pg_catalog'}
2026-05-07 09:13:18,871 INFO sqlalchemy.engine.Engine SELECT pg_catalog.pg_class.relname 
FROM pg_catalog.pg_class JOIN pg_catalog.pg_namespace ON pg_catalog.pg_namespace.oid = pg_catalog.pg_class.relnamespace 
WHERE pg_catalog.pg_class.relname = %(table_name)s AND pg_catalog.pg_class.relkind = ANY (ARRAY[%(param_1)s, %(param_2)s, %(param_3)s, %(param_4)s, %(param_5)s]) AND pg_catalog.pg_table_is_visible(pg_catalog.pg_class.oid) AND pg_catalog.pg_namespace.nspname != %(nspname_1)s
INFO:sqlalchemy.engine.Engine:SELECT pg_catalog.pg_class.relname 
FROM pg_catalog.pg_class JOIN pg_catalog.pg_namespace ON pg_catalog.pg_namespace.oid = pg_catalog.pg_class.relnamespace 
WHERE pg_catalog.pg_class.relname = %(table_name)s AND pg_catalog.pg_class.relkind = ANY (ARRAY[%(param_1)s, %(param_2)s, %(param_3)s, %(param_4)s, %(param_5)s]) AND pg_catalog.pg_table_is_visible(pg_catalog.pg_class.oid) AND pg_catalog.pg_namespace.nspname != %(nspname_1)s
2026-05-07 09:13:18,871 INFO sqlalchemy.engine.Engine [cached since 0.0056s ago] {'table_name': 'saved_reports', 'param_1': 'r', 'param_2': 'p', 'param_3': 'f', 'param_4': 'v', 'param_5': 'm', 'nspname_1': 'pg_catalog'}
INFO:sqlalchemy.engine.Engine:[cached since 0.0056s ago] {'table_name': 'saved_reports', 'param_1': 'r', 'param_2': 'p', 'param_3': 'f', 'param_4': 'v', 'param_5': 'm', 'nspname_1': 'pg_catalog'}
2026-05-07 09:13:18,872 INFO sqlalchemy.engine.Engine SELECT pg_catalog.pg_class.relname 
FROM pg_catalog.pg_class JOIN pg_catalog.pg_namespace ON pg_catalog.pg_namespace.oid = pg_catalog.pg_class.relnamespace 
WHERE pg_catalog.pg_class.relname = %(table_name)s AND pg_catalog.pg_class.relkind = ANY (ARRAY[%(param_1)s, %(param_2)s, %(param_3)s, %(param_4)s, %(param_5)s]) AND pg_catalog.pg_table_is_visible(pg_catalog.pg_class.oid) AND pg_catalog.pg_namespace.nspname != %(nspname_1)s
INFO:sqlalchemy.engine.Engine:SELECT pg_catalog.pg_class.relname 
FROM pg_catalog.pg_class JOIN pg_catalog.pg_namespace ON pg_catalog.pg_namespace.oid = pg_catalog.pg_class.relnamespace 
WHERE pg_catalog.pg_class.relname = %(table_name)s AND pg_catalog.pg_class.relkind = ANY (ARRAY[%(param_1)s, %(param_2)s, %(param_3)s, %(param_4)s, %(param_5)s]) AND pg_catalog.pg_table_is_visible(pg_catalog.pg_class.oid) AND pg_catalog.pg_namespace.nspname != %(nspname_1)s
2026-05-07 09:13:18,872 INFO sqlalchemy.engine.Engine [cached since 0.006458s ago] {'table_name': 'audit_logs', 'param_1': 'r', 'param_2': 'p', 'param_3': 'f', 'param_4': 'v', 'param_5': 'm', 'nspname_1': 'pg_catalog'}
INFO:sqlalchemy.engine.Engine:[cached since 0.006458s ago] {'table_name': 'audit_logs', 'param_1': 'r', 'param_2': 'p', 'param_3': 'f', 'param_4': 'v', 'param_5': 'm', 'nspname_1': 'pg_catalog'}
2026-05-07 09:13:18,875 INFO sqlalchemy.engine.Engine SELECT pg_catalog.pg_type.typname 
FROM pg_catalog.pg_type JOIN pg_catalog.pg_namespace ON pg_catalog.pg_namespace.oid = pg_catalog.pg_type.typnamespace 
WHERE pg_catalog.pg_type.typname = %(typname_1)s AND pg_catalog.pg_type_is_visible(pg_catalog.pg_type.oid) AND pg_catalog.pg_namespace.nspname != %(nspname_1)s
INFO:sqlalchemy.engine.Engine:SELECT pg_catalog.pg_type.typname 
FROM pg_catalog.pg_type JOIN pg_catalog.pg_namespace ON pg_catalog.pg_namespace.oid = pg_catalog.pg_type.typnamespace 
WHERE pg_catalog.pg_type.typname = %(typname_1)s AND pg_catalog.pg_type_is_visible(pg_catalog.pg_type.oid) AND pg_catalog.pg_namespace.nspname != %(nspname_1)s
2026-05-07 09:13:18,875 INFO sqlalchemy.engine.Engine [generated in 0.00020s] {'typname_1': 'doc_status', 'nspname_1': 'pg_catalog'}
INFO:sqlalchemy.engine.Engine:[generated in 0.00020s] {'typname_1': 'doc_status', 'nspname_1': 'pg_catalog'}
2026-05-07 09:13:18,876 INFO sqlalchemy.engine.Engine COMMIT
INFO:sqlalchemy.engine.Engine:COMMIT
INFO:backend.main:Database tables ensured.
2026-05-07 09:13:18,882 INFO sqlalchemy.engine.Engine BEGIN (implicit)
INFO:sqlalchemy.engine.Engine:BEGIN (implicit)
2026-05-07 09:13:18,884 INFO sqlalchemy.engine.Engine SELECT prompt_templates.id AS prompt_templates_id, prompt_templates.name AS prompt_templates_name, prompt_templates.category AS prompt_templates_category, prompt_templates.template AS prompt_templates_template, prompt_templates.description AS prompt_templates_description, prompt_templates.created_at AS prompt_templates_created_at 
FROM prompt_templates 
WHERE prompt_templates.name = %(name_1)s 
 LIMIT %(param_1)s
INFO:sqlalchemy.engine.Engine:SELECT prompt_templates.id AS prompt_templates_id, prompt_templates.name AS prompt_templates_name, prompt_templates.category AS prompt_templates_category, prompt_templates.template AS prompt_templates_template, prompt_templates.description AS prompt_templates_description, prompt_templates.created_at AS prompt_templates_created_at 
FROM prompt_templates 
WHERE prompt_templates.name = %(name_1)s 
 LIMIT %(param_1)s
2026-05-07 09:13:18,884 INFO sqlalchemy.engine.Engine [generated in 0.00028s] {'name_1': 'Default RAG', 'param_1': 1}
INFO:sqlalchemy.engine.Engine:[generated in 0.00028s] {'name_1': 'Default RAG', 'param_1': 1}
2026-05-07 09:13:18,886 INFO sqlalchemy.engine.Engine SELECT prompt_templates.id AS prompt_templates_id, prompt_templates.name AS prompt_templates_name, prompt_templates.category AS prompt_templates_category, prompt_templates.template AS prompt_templates_template, prompt_templates.description AS prompt_templates_description, prompt_templates.created_at AS prompt_templates_created_at 
FROM prompt_templates 
WHERE prompt_templates.name = %(name_1)s 
 LIMIT %(param_1)s
INFO:sqlalchemy.engine.Engine:SELECT prompt_templates.id AS prompt_templates_id, prompt_templates.name AS prompt_templates_name, prompt_templates.category AS prompt_templates_category, prompt_templates.template AS prompt_templates_template, prompt_templates.description AS prompt_templates_description, prompt_templates.created_at AS prompt_templates_created_at 
FROM prompt_templates 
WHERE prompt_templates.name = %(name_1)s 
 LIMIT %(param_1)s
2026-05-07 09:13:18,887 INFO sqlalchemy.engine.Engine [cached since 0.002381s ago] {'name_1': 'Executive Summary', 'param_1': 1}
INFO:sqlalchemy.engine.Engine:[cached since 0.002381s ago] {'name_1': 'Executive Summary', 'param_1': 1}
2026-05-07 09:13:18,888 INFO sqlalchemy.engine.Engine SELECT prompt_templates.id AS prompt_templates_id, prompt_templates.name AS prompt_templates_name, prompt_templates.category AS prompt_templates_category, prompt_templates.template AS prompt_templates_template, prompt_templates.description AS prompt_templates_description, prompt_templates.created_at AS prompt_templates_created_at 
FROM prompt_templates 
WHERE prompt_templates.name = %(name_1)s 
 LIMIT %(param_1)s
INFO:sqlalchemy.engine.Engine:SELECT prompt_templates.id AS prompt_templates_id, prompt_templates.name AS prompt_templates_name, prompt_templates.category AS prompt_templates_category, prompt_templates.template AS prompt_templates_template, prompt_templates.description AS prompt_templates_description, prompt_templates.created_at AS prompt_templates_created_at 
FROM prompt_templates 
WHERE prompt_templates.name = %(name_1)s 
 LIMIT %(param_1)s
2026-05-07 09:13:18,888 INFO sqlalchemy.engine.Engine [cached since 0.003636s ago] {'name_1': 'Comparative Analysis', 'param_1': 1}
INFO:sqlalchemy.engine.Engine:[cached since 0.003636s ago] {'name_1': 'Comparative Analysis', 'param_1': 1}
2026-05-07 09:13:18,889 INFO sqlalchemy.engine.Engine SELECT prompt_templates.id AS prompt_templates_id, prompt_templates.name AS prompt_templates_name, prompt_templates.category AS prompt_templates_category, prompt_templates.template AS prompt_templates_template, prompt_templates.description AS prompt_templates_description, prompt_templates.created_at AS prompt_templates_created_at 
FROM prompt_templates 
WHERE prompt_templates.name = %(name_1)s 
 LIMIT %(param_1)s
INFO:sqlalchemy.engine.Engine:SELECT prompt_templates.id AS prompt_templates_id, prompt_templates.name AS prompt_templates_name, prompt_templates.category AS prompt_templates_category, prompt_templates.template AS prompt_templates_template, prompt_templates.description AS prompt_templates_description, prompt_templates.created_at AS prompt_templates_created_at 
FROM prompt_templates 
WHERE prompt_templates.name = %(name_1)s 
 LIMIT %(param_1)s
2026-05-07 09:13:18,889 INFO sqlalchemy.engine.Engine [cached since 0.004678s ago] {'name_1': 'Data Extraction', 'param_1': 1}
INFO:sqlalchemy.engine.Engine:[cached since 0.004678s ago] {'name_1': 'Data Extraction', 'param_1': 1}
2026-05-07 09:13:18,889 INFO sqlalchemy.engine.Engine COMMIT
INFO:sqlalchemy.engine.Engine:COMMIT
INFO:backend.prompt_manager:Default prompt templates seeded.
INFO:backend.embeddings:Loading embedding model: BAAI/bge-base-en-v1.5
INFO:sentence_transformers.SentenceTransformer:Use pytorch device_name: cpu
INFO:sentence_transformers.SentenceTransformer:Load pretrained SentenceTransformer: BAAI/bge-base-en-v1.5
INFO:backend.embeddings:Embedding dimension: 768
[0;93m2026-05-07 09:13:19.871346282 [W:onnxruntime:Default, device_discovery.cc:211 DiscoverDevicesForPlatform] GPU device discovery failed: device_discovery.cc:91 ReadFileContents Failed to open file: "/sys/class/drm/card0/device/vendor"[m
ERROR:chromadb.telemetry.product.posthog:Failed to send telemetry event ClientStartEvent: capture() takes 1 positional argument but 3 were given
ERROR:chromadb.telemetry.product.posthog:Failed to send telemetry event ClientCreateCollectionEvent: capture() takes 1 positional argument but 3 were given
INFO:backend.vector_store:ChromaDB collection 'documents' ready (898 items)
INFO:backend.main:Services pre-warmed: embedding model loaded and ready.
INFO:     Application startup complete.
ERROR:    [Errno 98] error while attempting to bind on address ('0.0.0.0', 8000): address already in use
INFO:     Waiting for application shutdown.
INFO:backend.main:Shutdown complete.
INFO:     Application shutdown complete.
INFO:     Started server process [1169734]
INFO:     Waiting for application startup.
INFO:backend.main:Starting AI Knowledge Platform …
2026-05-07 09:13:39,365 INFO sqlalchemy.engine.Engine select pg_catalog.version()
INFO:sqlalchemy.engine.Engine:select pg_catalog.version()
2026-05-07 09:13:39,366 INFO sqlalchemy.engine.Engine [raw sql] {}
INFO:sqlalchemy.engine.Engine:[raw sql] {}
2026-05-07 09:13:39,367 INFO sqlalchemy.engine.Engine select current_schema()
INFO:sqlalchemy.engine.Engine:select current_schema()
2026-05-07 09:13:39,367 INFO sqlalchemy.engine.Engine [raw sql] {}
INFO:sqlalchemy.engine.Engine:[raw sql] {}
2026-05-07 09:13:39,368 INFO sqlalchemy.engine.Engine show standard_conforming_strings
INFO:sqlalchemy.engine.Engine:show standard_conforming_strings
2026-05-07 09:13:39,368 INFO sqlalchemy.engine.Engine [raw sql] {}
INFO:sqlalchemy.engine.Engine:[raw sql] {}
2026-05-07 09:13:39,368 INFO sqlalchemy.engine.Engine BEGIN (implicit)
INFO:sqlalchemy.engine.Engine:BEGIN (implicit)
2026-05-07 09:13:39,373 INFO sqlalchemy.engine.Engine SELECT pg_catalog.pg_class.relname 
FROM pg_catalog.pg_class JOIN pg_catalog.pg_namespace ON pg_catalog.pg_namespace.oid = pg_catalog.pg_class.relnamespace 
WHERE pg_catalog.pg_class.relname = %(table_name)s AND pg_catalog.pg_class.relkind = ANY (ARRAY[%(param_1)s, %(param_2)s, %(param_3)s, %(param_4)s, %(param_5)s]) AND pg_catalog.pg_table_is_visible(pg_catalog.pg_class.oid) AND pg_catalog.pg_namespace.nspname != %(nspname_1)s
INFO:sqlalchemy.engine.Engine:SELECT pg_catalog.pg_class.relname 
FROM pg_catalog.pg_class JOIN pg_catalog.pg_namespace ON pg_catalog.pg_namespace.oid = pg_catalog.pg_class.relnamespace 
WHERE pg_catalog.pg_class.relname = %(table_name)s AND pg_catalog.pg_class.relkind = ANY (ARRAY[%(param_1)s, %(param_2)s, %(param_3)s, %(param_4)s, %(param_5)s]) AND pg_catalog.pg_table_is_visible(pg_catalog.pg_class.oid) AND pg_catalog.pg_namespace.nspname != %(nspname_1)s
2026-05-07 09:13:39,373 INFO sqlalchemy.engine.Engine [generated in 0.00028s] {'table_name': 'documents', 'param_1': 'r', 'param_2': 'p', 'param_3': 'f', 'param_4': 'v', 'param_5': 'm', 'nspname_1': 'pg_catalog'}
INFO:sqlalchemy.engine.Engine:[generated in 0.00028s] {'table_name': 'documents', 'param_1': 'r', 'param_2': 'p', 'param_3': 'f', 'param_4': 'v', 'param_5': 'm', 'nspname_1': 'pg_catalog'}
2026-05-07 09:13:39,375 INFO sqlalchemy.engine.Engine SELECT pg_catalog.pg_class.relname 
FROM pg_catalog.pg_class JOIN pg_catalog.pg_namespace ON pg_catalog.pg_namespace.oid = pg_catalog.pg_class.relnamespace 
WHERE pg_catalog.pg_class.relname = %(table_name)s AND pg_catalog.pg_class.relkind = ANY (ARRAY[%(param_1)s, %(param_2)s, %(param_3)s, %(param_4)s, %(param_5)s]) AND pg_catalog.pg_table_is_visible(pg_catalog.pg_class.oid) AND pg_catalog.pg_namespace.nspname != %(nspname_1)s
INFO:sqlalchemy.engine.Engine:SELECT pg_catalog.pg_class.relname 
FROM pg_catalog.pg_class JOIN pg_catalog.pg_namespace ON pg_catalog.pg_namespace.oid = pg_catalog.pg_class.relnamespace 
WHERE pg_catalog.pg_class.relname = %(table_name)s AND pg_catalog.pg_class.relkind = ANY (ARRAY[%(param_1)s, %(param_2)s, %(param_3)s, %(param_4)s, %(param_5)s]) AND pg_catalog.pg_table_is_visible(pg_catalog.pg_class.oid) AND pg_catalog.pg_namespace.nspname != %(nspname_1)s
2026-05-07 09:13:39,375 INFO sqlalchemy.engine.Engine [cached since 0.002377s ago] {'table_name': 'prompt_templates', 'param_1': 'r', 'param_2': 'p', 'param_3': 'f', 'param_4': 'v', 'param_5': 'm', 'nspname_1': 'pg_catalog'}
INFO:sqlalchemy.engine.Engine:[cached since 0.002377s ago] {'table_name': 'prompt_templates', 'param_1': 'r', 'param_2': 'p', 'param_3': 'f', 'param_4': 'v', 'param_5': 'm', 'nspname_1': 'pg_catalog'}
2026-05-07 09:13:39,376 INFO sqlalchemy.engine.Engine SELECT pg_catalog.pg_class.relname 
FROM pg_catalog.pg_class JOIN pg_catalog.pg_namespace ON pg_catalog.pg_namespace.oid = pg_catalog.pg_class.relnamespace 
WHERE pg_catalog.pg_class.relname = %(table_name)s AND pg_catalog.pg_class.relkind = ANY (ARRAY[%(param_1)s, %(param_2)s, %(param_3)s, %(param_4)s, %(param_5)s]) AND pg_catalog.pg_table_is_visible(pg_catalog.pg_class.oid) AND pg_catalog.pg_namespace.nspname != %(nspname_1)s
INFO:sqlalchemy.engine.Engine:SELECT pg_catalog.pg_class.relname 
FROM pg_catalog.pg_class JOIN pg_catalog.pg_namespace ON pg_catalog.pg_namespace.oid = pg_catalog.pg_class.relnamespace 
WHERE pg_catalog.pg_class.relname = %(table_name)s AND pg_catalog.pg_class.relkind = ANY (ARRAY[%(param_1)s, %(param_2)s, %(param_3)s, %(param_4)s, %(param_5)s]) AND pg_catalog.pg_table_is_visible(pg_catalog.pg_class.oid) AND pg_catalog.pg_namespace.nspname != %(nspname_1)s
2026-05-07 09:13:39,376 INFO sqlalchemy.engine.Engine [cached since 0.003365s ago] {'table_name': 'conversations', 'param_1': 'r', 'param_2': 'p', 'param_3': 'f', 'param_4': 'v', 'param_5': 'm', 'nspname_1': 'pg_catalog'}
INFO:sqlalchemy.engine.Engine:[cached since 0.003365s ago] {'table_name': 'conversations', 'param_1': 'r', 'param_2': 'p', 'param_3': 'f', 'param_4': 'v', 'param_5': 'm', 'nspname_1': 'pg_catalog'}
2026-05-07 09:13:39,377 INFO sqlalchemy.engine.Engine SELECT pg_catalog.pg_class.relname 
FROM pg_catalog.pg_class JOIN pg_catalog.pg_namespace ON pg_catalog.pg_namespace.oid = pg_catalog.pg_class.relnamespace 
WHERE pg_catalog.pg_class.relname = %(table_name)s AND pg_catalog.pg_class.relkind = ANY (ARRAY[%(param_1)s, %(param_2)s, %(param_3)s, %(param_4)s, %(param_5)s]) AND pg_catalog.pg_table_is_visible(pg_catalog.pg_class.oid) AND pg_catalog.pg_namespace.nspname != %(nspname_1)s
INFO:sqlalchemy.engine.Engine:SELECT pg_catalog.pg_class.relname 
FROM pg_catalog.pg_class JOIN pg_catalog.pg_namespace ON pg_catalog.pg_namespace.oid = pg_catalog.pg_class.relnamespace 
WHERE pg_catalog.pg_class.relname = %(table_name)s AND pg_catalog.pg_class.relkind = ANY (ARRAY[%(param_1)s, %(param_2)s, %(param_3)s, %(param_4)s, %(param_5)s]) AND pg_catalog.pg_table_is_visible(pg_catalog.pg_class.oid) AND pg_catalog.pg_namespace.nspname != %(nspname_1)s
2026-05-07 09:13:39,377 INFO sqlalchemy.engine.Engine [cached since 0.00424s ago] {'table_name': 'users', 'param_1': 'r', 'param_2': 'p', 'param_3': 'f', 'param_4': 'v', 'param_5': 'm', 'nspname_1': 'pg_catalog'}
INFO:sqlalchemy.engine.Engine:[cached since 0.00424s ago] {'table_name': 'users', 'param_1': 'r', 'param_2': 'p', 'param_3': 'f', 'param_4': 'v', 'param_5': 'm', 'nspname_1': 'pg_catalog'}
2026-05-07 09:13:39,378 INFO sqlalchemy.engine.Engine SELECT pg_catalog.pg_class.relname 
FROM pg_catalog.pg_class JOIN pg_catalog.pg_namespace ON pg_catalog.pg_namespace.oid = pg_catalog.pg_class.relnamespace 
WHERE pg_catalog.pg_class.relname = %(table_name)s AND pg_catalog.pg_class.relkind = ANY (ARRAY[%(param_1)s, %(param_2)s, %(param_3)s, %(param_4)s, %(param_5)s]) AND pg_catalog.pg_table_is_visible(pg_catalog.pg_class.oid) AND pg_catalog.pg_namespace.nspname != %(nspname_1)s
INFO:sqlalchemy.engine.Engine:SELECT pg_catalog.pg_class.relname 
FROM pg_catalog.pg_class JOIN pg_catalog.pg_namespace ON pg_catalog.pg_namespace.oid = pg_catalog.pg_class.relnamespace 
WHERE pg_catalog.pg_class.relname = %(table_name)s AND pg_catalog.pg_class.relkind = ANY (ARRAY[%(param_1)s, %(param_2)s, %(param_3)s, %(param_4)s, %(param_5)s]) AND pg_catalog.pg_table_is_visible(pg_catalog.pg_class.oid) AND pg_catalog.pg_namespace.nspname != %(nspname_1)s
2026-05-07 09:13:39,378 INFO sqlalchemy.engine.Engine [cached since 0.005079s ago] {'table_name': 'llm_usage', 'param_1': 'r', 'param_2': 'p', 'param_3': 'f', 'param_4': 'v', 'param_5': 'm', 'nspname_1': 'pg_catalog'}
INFO:sqlalchemy.engine.Engine:[cached since 0.005079s ago] {'table_name': 'llm_usage', 'param_1': 'r', 'param_2': 'p', 'param_3': 'f', 'param_4': 'v', 'param_5': 'm', 'nspname_1': 'pg_catalog'}
2026-05-07 09:13:39,378 INFO sqlalchemy.engine.Engine SELECT pg_catalog.pg_class.relname 
FROM pg_catalog.pg_class JOIN pg_catalog.pg_namespace ON pg_catalog.pg_namespace.oid = pg_catalog.pg_class.relnamespace 
WHERE pg_catalog.pg_class.relname = %(table_name)s AND pg_catalog.pg_class.relkind = ANY (ARRAY[%(param_1)s, %(param_2)s, %(param_3)s, %(param_4)s, %(param_5)s]) AND pg_catalog.pg_table_is_visible(pg_catalog.pg_class.oid) AND pg_catalog.pg_namespace.nspname != %(nspname_1)s
INFO:sqlalchemy.engine.Engine:SELECT pg_catalog.pg_class.relname 
FROM pg_catalog.pg_class JOIN pg_catalog.pg_namespace ON pg_catalog.pg_namespace.oid = pg_catalog.pg_class.relnamespace 
WHERE pg_catalog.pg_class.relname = %(table_name)s AND pg_catalog.pg_class.relkind = ANY (ARRAY[%(param_1)s, %(param_2)s, %(param_3)s, %(param_4)s, %(param_5)s]) AND pg_catalog.pg_table_is_visible(pg_catalog.pg_class.oid) AND pg_catalog.pg_namespace.nspname != %(nspname_1)s
2026-05-07 09:13:39,379 INFO sqlalchemy.engine.Engine [cached since 0.005867s ago] {'table_name': 'saved_reports', 'param_1': 'r', 'param_2': 'p', 'param_3': 'f', 'param_4': 'v', 'param_5': 'm', 'nspname_1': 'pg_catalog'}
INFO:sqlalchemy.engine.Engine:[cached since 0.005867s ago] {'table_name': 'saved_reports', 'param_1': 'r', 'param_2': 'p', 'param_3': 'f', 'param_4': 'v', 'param_5': 'm', 'nspname_1': 'pg_catalog'}
2026-05-07 09:13:39,379 INFO sqlalchemy.engine.Engine SELECT pg_catalog.pg_class.relname 
FROM pg_catalog.pg_class JOIN pg_catalog.pg_namespace ON pg_catalog.pg_namespace.oid = pg_catalog.pg_class.relnamespace 
WHERE pg_catalog.pg_class.relname = %(table_name)s AND pg_catalog.pg_class.relkind = ANY (ARRAY[%(param_1)s, %(param_2)s, %(param_3)s, %(param_4)s, %(param_5)s]) AND pg_catalog.pg_table_is_visible(pg_catalog.pg_class.oid) AND pg_catalog.pg_namespace.nspname != %(nspname_1)s
INFO:sqlalchemy.engine.Engine:SELECT pg_catalog.pg_class.relname 
FROM pg_catalog.pg_class JOIN pg_catalog.pg_namespace ON pg_catalog.pg_namespace.oid = pg_catalog.pg_class.relnamespace 
WHERE pg_catalog.pg_class.relname = %(table_name)s AND pg_catalog.pg_class.relkind = ANY (ARRAY[%(param_1)s, %(param_2)s, %(param_3)s, %(param_4)s, %(param_5)s]) AND pg_catalog.pg_table_is_visible(pg_catalog.pg_class.oid) AND pg_catalog.pg_namespace.nspname != %(nspname_1)s
2026-05-07 09:13:39,379 INFO sqlalchemy.engine.Engine [cached since 0.006615s ago] {'table_name': 'audit_logs', 'param_1': 'r', 'param_2': 'p', 'param_3': 'f', 'param_4': 'v', 'param_5': 'm', 'nspname_1': 'pg_catalog'}
INFO:sqlalchemy.engine.Engine:[cached since 0.006615s ago] {'table_name': 'audit_logs', 'param_1': 'r', 'param_2': 'p', 'param_3': 'f', 'param_4': 'v', 'param_5': 'm', 'nspname_1': 'pg_catalog'}
2026-05-07 09:13:39,381 INFO sqlalchemy.engine.Engine SELECT pg_catalog.pg_type.typname 
FROM pg_catalog.pg_type JOIN pg_catalog.pg_namespace ON pg_catalog.pg_namespace.oid = pg_catalog.pg_type.typnamespace 
WHERE pg_catalog.pg_type.typname = %(typname_1)s AND pg_catalog.pg_type_is_visible(pg_catalog.pg_type.oid) AND pg_catalog.pg_namespace.nspname != %(nspname_1)s
INFO:sqlalchemy.engine.Engine:SELECT pg_catalog.pg_type.typname 
FROM pg_catalog.pg_type JOIN pg_catalog.pg_namespace ON pg_catalog.pg_namespace.oid = pg_catalog.pg_type.typnamespace 
WHERE pg_catalog.pg_type.typname = %(typname_1)s AND pg_catalog.pg_type_is_visible(pg_catalog.pg_type.oid) AND pg_catalog.pg_namespace.nspname != %(nspname_1)s
2026-05-07 09:13:39,382 INFO sqlalchemy.engine.Engine [generated in 0.00023s] {'typname_1': 'doc_status', 'nspname_1': 'pg_catalog'}
INFO:sqlalchemy.engine.Engine:[generated in 0.00023s] {'typname_1': 'doc_status', 'nspname_1': 'pg_catalog'}
2026-05-07 09:13:39,382 INFO sqlalchemy.engine.Engine COMMIT
INFO:sqlalchemy.engine.Engine:COMMIT
INFO:backend.main:Database tables ensured.
2026-05-07 09:13:39,388 INFO sqlalchemy.engine.Engine BEGIN (implicit)
INFO:sqlalchemy.engine.Engine:BEGIN (implicit)
2026-05-07 09:13:39,391 INFO sqlalchemy.engine.Engine SELECT prompt_templates.id AS prompt_templates_id, prompt_templates.name AS prompt_templates_name, prompt_templates.category AS prompt_templates_category, prompt_templates.template AS prompt_templates_template, prompt_templates.description AS prompt_templates_description, prompt_templates.created_at AS prompt_templates_created_at 
FROM prompt_templates 
WHERE prompt_templates.name = %(name_1)s 
 LIMIT %(param_1)s
INFO:sqlalchemy.engine.Engine:SELECT prompt_templates.id AS prompt_templates_id, prompt_templates.name AS prompt_templates_name, prompt_templates.category AS prompt_templates_category, prompt_templates.template AS prompt_templates_template, prompt_templates.description AS prompt_templates_description, prompt_templates.created_at AS prompt_templates_created_at 
FROM prompt_templates 
WHERE prompt_templates.name = %(name_1)s 
 LIMIT %(param_1)s
2026-05-07 09:13:39,391 INFO sqlalchemy.engine.Engine [generated in 0.00026s] {'name_1': 'Default RAG', 'param_1': 1}
INFO:sqlalchemy.engine.Engine:[generated in 0.00026s] {'name_1': 'Default RAG', 'param_1': 1}
2026-05-07 09:13:39,393 INFO sqlalchemy.engine.Engine SELECT prompt_templates.id AS prompt_templates_id, prompt_templates.name AS prompt_templates_name, prompt_templates.category AS prompt_templates_category, prompt_templates.template AS prompt_templates_template, prompt_templates.description AS prompt_templates_description, prompt_templates.created_at AS prompt_templates_created_at 
FROM prompt_templates 
WHERE prompt_templates.name = %(name_1)s 
 LIMIT %(param_1)s
INFO:sqlalchemy.engine.Engine:SELECT prompt_templates.id AS prompt_templates_id, prompt_templates.name AS prompt_templates_name, prompt_templates.category AS prompt_templates_category, prompt_templates.template AS prompt_templates_template, prompt_templates.description AS prompt_templates_description, prompt_templates.created_at AS prompt_templates_created_at 
FROM prompt_templates 
WHERE prompt_templates.name = %(name_1)s 
 LIMIT %(param_1)s
2026-05-07 09:13:39,393 INFO sqlalchemy.engine.Engine [cached since 0.002385s ago] {'name_1': 'Executive Summary', 'param_1': 1}
INFO:sqlalchemy.engine.Engine:[cached since 0.002385s ago] {'name_1': 'Executive Summary', 'param_1': 1}
2026-05-07 09:13:39,394 INFO sqlalchemy.engine.Engine SELECT prompt_templates.id AS prompt_templates_id, prompt_templates.name AS prompt_templates_name, prompt_templates.category AS prompt_templates_category, prompt_templates.template AS prompt_templates_template, prompt_templates.description AS prompt_templates_description, prompt_templates.created_at AS prompt_templates_created_at 
FROM prompt_templates 
WHERE prompt_templates.name = %(name_1)s 
 LIMIT %(param_1)s
INFO:sqlalchemy.engine.Engine:SELECT prompt_templates.id AS prompt_templates_id, prompt_templates.name AS prompt_templates_name, prompt_templates.category AS prompt_templates_category, prompt_templates.template AS prompt_templates_template, prompt_templates.description AS prompt_templates_description, prompt_templates.created_at AS prompt_templates_created_at 
FROM prompt_templates 
WHERE prompt_templates.name = %(name_1)s 
 LIMIT %(param_1)s
2026-05-07 09:13:39,394 INFO sqlalchemy.engine.Engine [cached since 0.003827s ago] {'name_1': 'Comparative Analysis', 'param_1': 1}
INFO:sqlalchemy.engine.Engine:[cached since 0.003827s ago] {'name_1': 'Comparative Analysis', 'param_1': 1}
2026-05-07 09:13:39,395 INFO sqlalchemy.engine.Engine SELECT prompt_templates.id AS prompt_templates_id, prompt_templates.name AS prompt_templates_name, prompt_templates.category AS prompt_templates_category, prompt_templates.template AS prompt_templates_template, prompt_templates.description AS prompt_templates_description, prompt_templates.created_at AS prompt_templates_created_at 
FROM prompt_templates 
WHERE prompt_templates.name = %(name_1)s 
 LIMIT %(param_1)s
INFO:sqlalchemy.engine.Engine:SELECT prompt_templates.id AS prompt_templates_id, prompt_templates.name AS prompt_templates_name, prompt_templates.category AS prompt_templates_category, prompt_templates.template AS prompt_templates_template, prompt_templates.description AS prompt_templates_description, prompt_templates.created_at AS prompt_templates_created_at 
FROM prompt_templates 
WHERE prompt_templates.name = %(name_1)s 
 LIMIT %(param_1)s
2026-05-07 09:13:39,395 INFO sqlalchemy.engine.Engine [cached since 0.005008s ago] {'name_1': 'Data Extraction', 'param_1': 1}
INFO:sqlalchemy.engine.Engine:[cached since 0.005008s ago] {'name_1': 'Data Extraction', 'param_1': 1}
2026-05-07 09:13:39,396 INFO sqlalchemy.engine.Engine COMMIT
INFO:sqlalchemy.engine.Engine:COMMIT
INFO:backend.prompt_manager:Default prompt templates seeded.
INFO:backend.embeddings:Loading embedding model: BAAI/bge-base-en-v1.5
INFO:sentence_transformers.SentenceTransformer:Use pytorch device_name: cpu
INFO:sentence_transformers.SentenceTransformer:Load pretrained SentenceTransformer: BAAI/bge-base-en-v1.5
INFO:backend.embeddings:Embedding dimension: 768
[0;93m2026-05-07 09:13:40.425596061 [W:onnxruntime:Default, device_discovery.cc:211 DiscoverDevicesForPlatform] GPU device discovery failed: device_discovery.cc:91 ReadFileContents Failed to open file: "/sys/class/drm/card0/device/vendor"[m
ERROR:chromadb.telemetry.product.posthog:Failed to send telemetry event ClientStartEvent: capture() takes 1 positional argument but 3 were given
ERROR:chromadb.telemetry.product.posthog:Failed to send telemetry event ClientCreateCollectionEvent: capture() takes 1 positional argument but 3 were given
INFO:backend.vector_store:ChromaDB collection 'documents' ready (898 items)
INFO:backend.main:Services pre-warmed: embedding model loaded and ready.
INFO:     Application startup complete.
ERROR:    [Errno 98] error while attempting to bind on address ('0.0.0.0', 8000): address already in use
INFO:     Waiting for application shutdown.
INFO:backend.main:Shutdown complete.
INFO:     Application shutdown complete.
INFO:     Started server process [1169837]
INFO:     Waiting for application startup.
INFO:backend.main:Starting AI Knowledge Platform …
2026-05-07 09:13:59,807 INFO sqlalchemy.engine.Engine select pg_catalog.version()
INFO:sqlalchemy.engine.Engine:select pg_catalog.version()
2026-05-07 09:13:59,807 INFO sqlalchemy.engine.Engine [raw sql] {}
INFO:sqlalchemy.engine.Engine:[raw sql] {}
2026-05-07 09:13:59,808 INFO sqlalchemy.engine.Engine select current_schema()
INFO:sqlalchemy.engine.Engine:select current_schema()
2026-05-07 09:13:59,808 INFO sqlalchemy.engine.Engine [raw sql] {}
INFO:sqlalchemy.engine.Engine:[raw sql] {}
2026-05-07 09:13:59,809 INFO sqlalchemy.engine.Engine show standard_conforming_strings
INFO:sqlalchemy.engine.Engine:show standard_conforming_strings
2026-05-07 09:13:59,809 INFO sqlalchemy.engine.Engine [raw sql] {}
INFO:sqlalchemy.engine.Engine:[raw sql] {}
2026-05-07 09:13:59,809 INFO sqlalchemy.engine.Engine BEGIN (implicit)
INFO:sqlalchemy.engine.Engine:BEGIN (implicit)
2026-05-07 09:13:59,814 INFO sqlalchemy.engine.Engine SELECT pg_catalog.pg_class.relname 
FROM pg_catalog.pg_class JOIN pg_catalog.pg_namespace ON pg_catalog.pg_namespace.oid = pg_catalog.pg_class.relnamespace 
WHERE pg_catalog.pg_class.relname = %(table_name)s AND pg_catalog.pg_class.relkind = ANY (ARRAY[%(param_1)s, %(param_2)s, %(param_3)s, %(param_4)s, %(param_5)s]) AND pg_catalog.pg_table_is_visible(pg_catalog.pg_class.oid) AND pg_catalog.pg_namespace.nspname != %(nspname_1)s
INFO:sqlalchemy.engine.Engine:SELECT pg_catalog.pg_class.relname 
FROM pg_catalog.pg_class JOIN pg_catalog.pg_namespace ON pg_catalog.pg_namespace.oid = pg_catalog.pg_class.relnamespace 
WHERE pg_catalog.pg_class.relname = %(table_name)s AND pg_catalog.pg_class.relkind = ANY (ARRAY[%(param_1)s, %(param_2)s, %(param_3)s, %(param_4)s, %(param_5)s]) AND pg_catalog.pg_table_is_visible(pg_catalog.pg_class.oid) AND pg_catalog.pg_namespace.nspname != %(nspname_1)s
2026-05-07 09:13:59,814 INFO sqlalchemy.engine.Engine [generated in 0.00026s] {'table_name': 'documents', 'param_1': 'r', 'param_2': 'p', 'param_3': 'f', 'param_4': 'v', 'param_5': 'm', 'nspname_1': 'pg_catalog'}
INFO:sqlalchemy.engine.Engine:[generated in 0.00026s] {'table_name': 'documents', 'param_1': 'r', 'param_2': 'p', 'param_3': 'f', 'param_4': 'v', 'param_5': 'm', 'nspname_1': 'pg_catalog'}
2026-05-07 09:13:59,815 INFO sqlalchemy.engine.Engine SELECT pg_catalog.pg_class.relname 
FROM pg_catalog.pg_class JOIN pg_catalog.pg_namespace ON pg_catalog.pg_namespace.oid = pg_catalog.pg_class.relnamespace 
WHERE pg_catalog.pg_class.relname = %(table_name)s AND pg_catalog.pg_class.relkind = ANY (ARRAY[%(param_1)s, %(param_2)s, %(param_3)s, %(param_4)s, %(param_5)s]) AND pg_catalog.pg_table_is_visible(pg_catalog.pg_class.oid) AND pg_catalog.pg_namespace.nspname != %(nspname_1)s
INFO:sqlalchemy.engine.Engine:SELECT pg_catalog.pg_class.relname 
FROM pg_catalog.pg_class JOIN pg_catalog.pg_namespace ON pg_catalog.pg_namespace.oid = pg_catalog.pg_class.relnamespace 
WHERE pg_catalog.pg_class.relname = %(table_name)s AND pg_catalog.pg_class.relkind = ANY (ARRAY[%(param_1)s, %(param_2)s, %(param_3)s, %(param_4)s, %(param_5)s]) AND pg_catalog.pg_table_is_visible(pg_catalog.pg_class.oid) AND pg_catalog.pg_namespace.nspname != %(nspname_1)s
2026-05-07 09:13:59,816 INFO sqlalchemy.engine.Engine [cached since 0.002073s ago] {'table_name': 'prompt_templates', 'param_1': 'r', 'param_2': 'p', 'param_3': 'f', 'param_4': 'v', 'param_5': 'm', 'nspname_1': 'pg_catalog'}
INFO:sqlalchemy.engine.Engine:[cached since 0.002073s ago] {'table_name': 'prompt_templates', 'param_1': 'r', 'param_2': 'p', 'param_3': 'f', 'param_4': 'v', 'param_5': 'm', 'nspname_1': 'pg_catalog'}
2026-05-07 09:13:59,816 INFO sqlalchemy.engine.Engine SELECT pg_catalog.pg_class.relname 
FROM pg_catalog.pg_class JOIN pg_catalog.pg_namespace ON pg_catalog.pg_namespace.oid = pg_catalog.pg_class.relnamespace 
WHERE pg_catalog.pg_class.relname = %(table_name)s AND pg_catalog.pg_class.relkind = ANY (ARRAY[%(param_1)s, %(param_2)s, %(param_3)s, %(param_4)s, %(param_5)s]) AND pg_catalog.pg_table_is_visible(pg_catalog.pg_class.oid) AND pg_catalog.pg_namespace.nspname != %(nspname_1)s
INFO:sqlalchemy.engine.Engine:SELECT pg_catalog.pg_class.relname 
FROM pg_catalog.pg_class JOIN pg_catalog.pg_namespace ON pg_catalog.pg_namespace.oid = pg_catalog.pg_class.relnamespace 
WHERE pg_catalog.pg_class.relname = %(table_name)s AND pg_catalog.pg_class.relkind = ANY (ARRAY[%(param_1)s, %(param_2)s, %(param_3)s, %(param_4)s, %(param_5)s]) AND pg_catalog.pg_table_is_visible(pg_catalog.pg_class.oid) AND pg_catalog.pg_namespace.nspname != %(nspname_1)s
2026-05-07 09:13:59,816 INFO sqlalchemy.engine.Engine [cached since 0.002919s ago] {'table_name': 'conversations', 'param_1': 'r', 'param_2': 'p', 'param_3': 'f', 'param_4': 'v', 'param_5': 'm', 'nspname_1': 'pg_catalog'}
INFO:sqlalchemy.engine.Engine:[cached since 0.002919s ago] {'table_name': 'conversations', 'param_1': 'r', 'param_2': 'p', 'param_3': 'f', 'param_4': 'v', 'param_5': 'm', 'nspname_1': 'pg_catalog'}
2026-05-07 09:13:59,817 INFO sqlalchemy.engine.Engine SELECT pg_catalog.pg_class.relname 
FROM pg_catalog.pg_class JOIN pg_catalog.pg_namespace ON pg_catalog.pg_namespace.oid = pg_catalog.pg_class.relnamespace 
WHERE pg_catalog.pg_class.relname = %(table_name)s AND pg_catalog.pg_class.relkind = ANY (ARRAY[%(param_1)s, %(param_2)s, %(param_3)s, %(param_4)s, %(param_5)s]) AND pg_catalog.pg_table_is_visible(pg_catalog.pg_class.oid) AND pg_catalog.pg_namespace.nspname != %(nspname_1)s
INFO:sqlalchemy.engine.Engine:SELECT pg_catalog.pg_class.relname 
FROM pg_catalog.pg_class JOIN pg_catalog.pg_namespace ON pg_catalog.pg_namespace.oid = pg_catalog.pg_class.relnamespace 
WHERE pg_catalog.pg_class.relname = %(table_name)s AND pg_catalog.pg_class.relkind = ANY (ARRAY[%(param_1)s, %(param_2)s, %(param_3)s, %(param_4)s, %(param_5)s]) AND pg_catalog.pg_table_is_visible(pg_catalog.pg_class.oid) AND pg_catalog.pg_namespace.nspname != %(nspname_1)s
2026-05-07 09:13:59,817 INFO sqlalchemy.engine.Engine [cached since 0.003715s ago] {'table_name': 'users', 'param_1': 'r', 'param_2': 'p', 'param_3': 'f', 'param_4': 'v', 'param_5': 'm', 'nspname_1': 'pg_catalog'}
INFO:sqlalchemy.engine.Engine:[cached since 0.003715s ago] {'table_name': 'users', 'param_1': 'r', 'param_2': 'p', 'param_3': 'f', 'param_4': 'v', 'param_5': 'm', 'nspname_1': 'pg_catalog'}
2026-05-07 09:13:59,818 INFO sqlalchemy.engine.Engine SELECT pg_catalog.pg_class.relname 
FROM pg_catalog.pg_class JOIN pg_catalog.pg_namespace ON pg_catalog.pg_namespace.oid = pg_catalog.pg_class.relnamespace 
WHERE pg_catalog.pg_class.relname = %(table_name)s AND pg_catalog.pg_class.relkind = ANY (ARRAY[%(param_1)s, %(param_2)s, %(param_3)s, %(param_4)s, %(param_5)s]) AND pg_catalog.pg_table_is_visible(pg_catalog.pg_class.oid) AND pg_catalog.pg_namespace.nspname != %(nspname_1)s
INFO:sqlalchemy.engine.Engine:SELECT pg_catalog.pg_class.relname 
FROM pg_catalog.pg_class JOIN pg_catalog.pg_namespace ON pg_catalog.pg_namespace.oid = pg_catalog.pg_class.relnamespace 
WHERE pg_catalog.pg_class.relname = %(table_name)s AND pg_catalog.pg_class.relkind = ANY (ARRAY[%(param_1)s, %(param_2)s, %(param_3)s, %(param_4)s, %(param_5)s]) AND pg_catalog.pg_table_is_visible(pg_catalog.pg_class.oid) AND pg_catalog.pg_namespace.nspname != %(nspname_1)s
2026-05-07 09:13:59,818 INFO sqlalchemy.engine.Engine [cached since 0.004461s ago] {'table_name': 'llm_usage', 'param_1': 'r', 'param_2': 'p', 'param_3': 'f', 'param_4': 'v', 'param_5': 'm', 'nspname_1': 'pg_catalog'}
INFO:sqlalchemy.engine.Engine:[cached since 0.004461s ago] {'table_name': 'llm_usage', 'param_1': 'r', 'param_2': 'p', 'param_3': 'f', 'param_4': 'v', 'param_5': 'm', 'nspname_1': 'pg_catalog'}
2026-05-07 09:13:59,819 INFO sqlalchemy.engine.Engine SELECT pg_catalog.pg_class.relname 
FROM pg_catalog.pg_class JOIN pg_catalog.pg_namespace ON pg_catalog.pg_namespace.oid = pg_catalog.pg_class.relnamespace 
WHERE pg_catalog.pg_class.relname = %(table_name)s AND pg_catalog.pg_class.relkind = ANY (ARRAY[%(param_1)s, %(param_2)s, %(param_3)s, %(param_4)s, %(param_5)s]) AND pg_catalog.pg_table_is_visible(pg_catalog.pg_class.oid) AND pg_catalog.pg_namespace.nspname != %(nspname_1)s
INFO:sqlalchemy.engine.Engine:SELECT pg_catalog.pg_class.relname 
FROM pg_catalog.pg_class JOIN pg_catalog.pg_namespace ON pg_catalog.pg_namespace.oid = pg_catalog.pg_class.relnamespace 
WHERE pg_catalog.pg_class.relname = %(table_name)s AND pg_catalog.pg_class.relkind = ANY (ARRAY[%(param_1)s, %(param_2)s, %(param_3)s, %(param_4)s, %(param_5)s]) AND pg_catalog.pg_table_is_visible(pg_catalog.pg_class.oid) AND pg_catalog.pg_namespace.nspname != %(nspname_1)s
2026-05-07 09:13:59,819 INFO sqlalchemy.engine.Engine [cached since 0.005201s ago] {'table_name': 'saved_reports', 'param_1': 'r', 'param_2': 'p', 'param_3': 'f', 'param_4': 'v', 'param_5': 'm', 'nspname_1': 'pg_catalog'}
INFO:sqlalchemy.engine.Engine:[cached since 0.005201s ago] {'table_name': 'saved_reports', 'param_1': 'r', 'param_2': 'p', 'param_3': 'f', 'param_4': 'v', 'param_5': 'm', 'nspname_1': 'pg_catalog'}
2026-05-07 09:13:59,819 INFO sqlalchemy.engine.Engine SELECT pg_catalog.pg_class.relname 
FROM pg_catalog.pg_class JOIN pg_catalog.pg_namespace ON pg_catalog.pg_namespace.oid = pg_catalog.pg_class.relnamespace 
WHERE pg_catalog.pg_class.relname = %(table_name)s AND pg_catalog.pg_class.relkind = ANY (ARRAY[%(param_1)s, %(param_2)s, %(param_3)s, %(param_4)s, %(param_5)s]) AND pg_catalog.pg_table_is_visible(pg_catalog.pg_class.oid) AND pg_catalog.pg_namespace.nspname != %(nspname_1)s
INFO:sqlalchemy.engine.Engine:SELECT pg_catalog.pg_class.relname 
FROM pg_catalog.pg_class JOIN pg_catalog.pg_namespace ON pg_catalog.pg_namespace.oid = pg_catalog.pg_class.relnamespace 
WHERE pg_catalog.pg_class.relname = %(table_name)s AND pg_catalog.pg_class.relkind = ANY (ARRAY[%(param_1)s, %(param_2)s, %(param_3)s, %(param_4)s, %(param_5)s]) AND pg_catalog.pg_table_is_visible(pg_catalog.pg_class.oid) AND pg_catalog.pg_namespace.nspname != %(nspname_1)s
2026-05-07 09:13:59,819 INFO sqlalchemy.engine.Engine [cached since 0.005905s ago] {'table_name': 'audit_logs', 'param_1': 'r', 'param_2': 'p', 'param_3': 'f', 'param_4': 'v', 'param_5': 'm', 'nspname_1': 'pg_catalog'}
INFO:sqlalchemy.engine.Engine:[cached since 0.005905s ago] {'table_name': 'audit_logs', 'param_1': 'r', 'param_2': 'p', 'param_3': 'f', 'param_4': 'v', 'param_5': 'm', 'nspname_1': 'pg_catalog'}
2026-05-07 09:13:59,821 INFO sqlalchemy.engine.Engine SELECT pg_catalog.pg_type.typname 
FROM pg_catalog.pg_type JOIN pg_catalog.pg_namespace ON pg_catalog.pg_namespace.oid = pg_catalog.pg_type.typnamespace 
WHERE pg_catalog.pg_type.typname = %(typname_1)s AND pg_catalog.pg_type_is_visible(pg_catalog.pg_type.oid) AND pg_catalog.pg_namespace.nspname != %(nspname_1)s
INFO:sqlalchemy.engine.Engine:SELECT pg_catalog.pg_type.typname 
FROM pg_catalog.pg_type JOIN pg_catalog.pg_namespace ON pg_catalog.pg_namespace.oid = pg_catalog.pg_type.typnamespace 
WHERE pg_catalog.pg_type.typname = %(typname_1)s AND pg_catalog.pg_type_is_visible(pg_catalog.pg_type.oid) AND pg_catalog.pg_namespace.nspname != %(nspname_1)s
2026-05-07 09:13:59,822 INFO sqlalchemy.engine.Engine [generated in 0.00019s] {'typname_1': 'doc_status', 'nspname_1': 'pg_catalog'}
INFO:sqlalchemy.engine.Engine:[generated in 0.00019s] {'typname_1': 'doc_status', 'nspname_1': 'pg_catalog'}
2026-05-07 09:13:59,822 INFO sqlalchemy.engine.Engine COMMIT
INFO:sqlalchemy.engine.Engine:COMMIT
INFO:backend.main:Database tables ensured.
2026-05-07 09:13:59,827 INFO sqlalchemy.engine.Engine BEGIN (implicit)
INFO:sqlalchemy.engine.Engine:BEGIN (implicit)
2026-05-07 09:13:59,830 INFO sqlalchemy.engine.Engine SELECT prompt_templates.id AS prompt_templates_id, prompt_templates.name AS prompt_templates_name, prompt_templates.category AS prompt_templates_category, prompt_templates.template AS prompt_templates_template, prompt_templates.description AS prompt_templates_description, prompt_templates.created_at AS prompt_templates_created_at 
FROM prompt_templates 
WHERE prompt_templates.name = %(name_1)s 
 LIMIT %(param_1)s
INFO:sqlalchemy.engine.Engine:SELECT prompt_templates.id AS prompt_templates_id, prompt_templates.name AS prompt_templates_name, prompt_templates.category AS prompt_templates_category, prompt_templates.template AS prompt_templates_template, prompt_templates.description AS prompt_templates_description, prompt_templates.created_at AS prompt_templates_created_at 
FROM prompt_templates 
WHERE prompt_templates.name = %(name_1)s 
 LIMIT %(param_1)s
2026-05-07 09:13:59,830 INFO sqlalchemy.engine.Engine [generated in 0.00023s] {'name_1': 'Default RAG', 'param_1': 1}
INFO:sqlalchemy.engine.Engine:[generated in 0.00023s] {'name_1': 'Default RAG', 'param_1': 1}
2026-05-07 09:13:59,832 INFO sqlalchemy.engine.Engine SELECT prompt_templates.id AS prompt_templates_id, prompt_templates.name AS prompt_templates_name, prompt_templates.category AS prompt_templates_category, prompt_templates.template AS prompt_templates_template, prompt_templates.description AS prompt_templates_description, prompt_templates.created_at AS prompt_templates_created_at 
FROM prompt_templates 
WHERE prompt_templates.name = %(name_1)s 
 LIMIT %(param_1)s
INFO:sqlalchemy.engine.Engine:SELECT prompt_templates.id AS prompt_templates_id, prompt_templates.name AS prompt_templates_name, prompt_templates.category AS prompt_templates_category, prompt_templates.template AS prompt_templates_template, prompt_templates.description AS prompt_templates_description, prompt_templates.created_at AS prompt_templates_created_at 
FROM prompt_templates 
WHERE prompt_templates.name = %(name_1)s 
 LIMIT %(param_1)s
2026-05-07 09:13:59,832 INFO sqlalchemy.engine.Engine [cached since 0.00219s ago] {'name_1': 'Executive Summary', 'param_1': 1}
INFO:sqlalchemy.engine.Engine:[cached since 0.00219s ago] {'name_1': 'Executive Summary', 'param_1': 1}
2026-05-07 09:13:59,833 INFO sqlalchemy.engine.Engine SELECT prompt_templates.id AS prompt_templates_id, prompt_templates.name AS prompt_templates_name, prompt_templates.category AS prompt_templates_category, prompt_templates.template AS prompt_templates_template, prompt_templates.description AS prompt_templates_description, prompt_templates.created_at AS prompt_templates_created_at 
FROM prompt_templates 
WHERE prompt_templates.name = %(name_1)s 
 LIMIT %(param_1)s
INFO:sqlalchemy.engine.Engine:SELECT prompt_templates.id AS prompt_templates_id, prompt_templates.name AS prompt_templates_name, prompt_templates.category AS prompt_templates_category, prompt_templates.template AS prompt_templates_template, prompt_templates.description AS prompt_templates_description, prompt_templates.created_at AS prompt_templates_created_at 
FROM prompt_templates 
WHERE prompt_templates.name = %(name_1)s 
 LIMIT %(param_1)s
2026-05-07 09:13:59,833 INFO sqlalchemy.engine.Engine [cached since 0.003383s ago] {'name_1': 'Comparative Analysis', 'param_1': 1}
INFO:sqlalchemy.engine.Engine:[cached since 0.003383s ago] {'name_1': 'Comparative Analysis', 'param_1': 1}
2026-05-07 09:13:59,834 INFO sqlalchemy.engine.Engine SELECT prompt_templates.id AS prompt_templates_id, prompt_templates.name AS prompt_templates_name, prompt_templates.category AS prompt_templates_category, prompt_templates.template AS prompt_templates_template, prompt_templates.description AS prompt_templates_description, prompt_templates.created_at AS prompt_templates_created_at 
FROM prompt_templates 
WHERE prompt_templates.name = %(name_1)s 
 LIMIT %(param_1)s
INFO:sqlalchemy.engine.Engine:SELECT prompt_templates.id AS prompt_templates_id, prompt_templates.name AS prompt_templates_name, prompt_templates.category AS prompt_templates_category, prompt_templates.template AS prompt_templates_template, prompt_templates.description AS prompt_templates_description, prompt_templates.created_at AS prompt_templates_created_at 
FROM prompt_templates 
WHERE prompt_templates.name = %(name_1)s 
 LIMIT %(param_1)s
2026-05-07 09:13:59,834 INFO sqlalchemy.engine.Engine [cached since 0.004417s ago] {'name_1': 'Data Extraction', 'param_1': 1}
INFO:sqlalchemy.engine.Engine:[cached since 0.004417s ago] {'name_1': 'Data Extraction', 'param_1': 1}
2026-05-07 09:13:59,835 INFO sqlalchemy.engine.Engine COMMIT
INFO:sqlalchemy.engine.Engine:COMMIT
INFO:backend.prompt_manager:Default prompt templates seeded.
INFO:backend.embeddings:Loading embedding model: BAAI/bge-base-en-v1.5
INFO:sentence_transformers.SentenceTransformer:Use pytorch device_name: cpu
INFO:sentence_transformers.SentenceTransformer:Load pretrained SentenceTransformer: BAAI/bge-base-en-v1.5
INFO:backend.embeddings:Embedding dimension: 768
[0;93m2026-05-07 09:14:00.963958472 [W:onnxruntime:Default, device_discovery.cc:211 DiscoverDevicesForPlatform] GPU device discovery failed: device_discovery.cc:91 ReadFileContents Failed to open file: "/sys/class/drm/card0/device/vendor"[m
ERROR:chromadb.telemetry.product.posthog:Failed to send telemetry event ClientStartEvent: capture() takes 1 positional argument but 3 were given
ERROR:chromadb.telemetry.product.posthog:Failed to send telemetry event ClientCreateCollectionEvent: capture() takes 1 positional argument but 3 were given
INFO:backend.vector_store:ChromaDB collection 'documents' ready (898 items)
INFO:backend.main:Services pre-warmed: embedding model loaded and ready.
INFO:     Application startup complete.
ERROR:    [Errno 98] error while attempting to bind on address ('0.0.0.0', 8000): address already in use
INFO:     Waiting for application shutdown.
INFO:backend.main:Shutdown complete.
INFO:     Application shutdown complete.
INFO:     Started server process [1169927]
INFO:     Waiting for application startup.
INFO:backend.main:Starting AI Knowledge Platform …
2026-05-07 09:14:20,496 INFO sqlalchemy.engine.Engine select pg_catalog.version()
INFO:sqlalchemy.engine.Engine:select pg_catalog.version()
2026-05-07 09:14:20,496 INFO sqlalchemy.engine.Engine [raw sql] {}
INFO:sqlalchemy.engine.Engine:[raw sql] {}
2026-05-07 09:14:20,497 INFO sqlalchemy.engine.Engine select current_schema()
INFO:sqlalchemy.engine.Engine:select current_schema()
2026-05-07 09:14:20,497 INFO sqlalchemy.engine.Engine [raw sql] {}
INFO:sqlalchemy.engine.Engine:[raw sql] {}
2026-05-07 09:14:20,498 INFO sqlalchemy.engine.Engine show standard_conforming_strings
INFO:sqlalchemy.engine.Engine:show standard_conforming_strings
2026-05-07 09:14:20,498 INFO sqlalchemy.engine.Engine [raw sql] {}
INFO:sqlalchemy.engine.Engine:[raw sql] {}
2026-05-07 09:14:20,499 INFO sqlalchemy.engine.Engine BEGIN (implicit)
INFO:sqlalchemy.engine.Engine:BEGIN (implicit)
2026-05-07 09:14:20,503 INFO sqlalchemy.engine.Engine SELECT pg_catalog.pg_class.relname 
FROM pg_catalog.pg_class JOIN pg_catalog.pg_namespace ON pg_catalog.pg_namespace.oid = pg_catalog.pg_class.relnamespace 
WHERE pg_catalog.pg_class.relname = %(table_name)s AND pg_catalog.pg_class.relkind = ANY (ARRAY[%(param_1)s, %(param_2)s, %(param_3)s, %(param_4)s, %(param_5)s]) AND pg_catalog.pg_table_is_visible(pg_catalog.pg_class.oid) AND pg_catalog.pg_namespace.nspname != %(nspname_1)s
INFO:sqlalchemy.engine.Engine:SELECT pg_catalog.pg_class.relname 
FROM pg_catalog.pg_class JOIN pg_catalog.pg_namespace ON pg_catalog.pg_namespace.oid = pg_catalog.pg_class.relnamespace 
WHERE pg_catalog.pg_class.relname = %(table_name)s AND pg_catalog.pg_class.relkind = ANY (ARRAY[%(param_1)s, %(param_2)s, %(param_3)s, %(param_4)s, %(param_5)s]) AND pg_catalog.pg_table_is_visible(pg_catalog.pg_class.oid) AND pg_catalog.pg_namespace.nspname != %(nspname_1)s
2026-05-07 09:14:20,503 INFO sqlalchemy.engine.Engine [generated in 0.00027s] {'table_name': 'documents', 'param_1': 'r', 'param_2': 'p', 'param_3': 'f', 'param_4': 'v', 'param_5': 'm', 'nspname_1': 'pg_catalog'}
INFO:sqlalchemy.engine.Engine:[generated in 0.00027s] {'table_name': 'documents', 'param_1': 'r', 'param_2': 'p', 'param_3': 'f', 'param_4': 'v', 'param_5': 'm', 'nspname_1': 'pg_catalog'}
2026-05-07 09:14:20,505 INFO sqlalchemy.engine.Engine SELECT pg_catalog.pg_class.relname 
FROM pg_catalog.pg_class JOIN pg_catalog.pg_namespace ON pg_catalog.pg_namespace.oid = pg_catalog.pg_class.relnamespace 
WHERE pg_catalog.pg_class.relname = %(table_name)s AND pg_catalog.pg_class.relkind = ANY (ARRAY[%(param_1)s, %(param_2)s, %(param_3)s, %(param_4)s, %(param_5)s]) AND pg_catalog.pg_table_is_visible(pg_catalog.pg_class.oid) AND pg_catalog.pg_namespace.nspname != %(nspname_1)s
INFO:sqlalchemy.engine.Engine:SELECT pg_catalog.pg_class.relname 
FROM pg_catalog.pg_class JOIN pg_catalog.pg_namespace ON pg_catalog.pg_namespace.oid = pg_catalog.pg_class.relnamespace 
WHERE pg_catalog.pg_class.relname = %(table_name)s AND pg_catalog.pg_class.relkind = ANY (ARRAY[%(param_1)s, %(param_2)s, %(param_3)s, %(param_4)s, %(param_5)s]) AND pg_catalog.pg_table_is_visible(pg_catalog.pg_class.oid) AND pg_catalog.pg_namespace.nspname != %(nspname_1)s
2026-05-07 09:14:20,505 INFO sqlalchemy.engine.Engine [cached since 0.002109s ago] {'table_name': 'prompt_templates', 'param_1': 'r', 'param_2': 'p', 'param_3': 'f', 'param_4': 'v', 'param_5': 'm', 'nspname_1': 'pg_catalog'}
INFO:sqlalchemy.engine.Engine:[cached since 0.002109s ago] {'table_name': 'prompt_templates', 'param_1': 'r', 'param_2': 'p', 'param_3': 'f', 'param_4': 'v', 'param_5': 'm', 'nspname_1': 'pg_catalog'}
2026-05-07 09:14:20,506 INFO sqlalchemy.engine.Engine SELECT pg_catalog.pg_class.relname 
FROM pg_catalog.pg_class JOIN pg_catalog.pg_namespace ON pg_catalog.pg_namespace.oid = pg_catalog.pg_class.relnamespace 
WHERE pg_catalog.pg_class.relname = %(table_name)s AND pg_catalog.pg_class.relkind = ANY (ARRAY[%(param_1)s, %(param_2)s, %(param_3)s, %(param_4)s, %(param_5)s]) AND pg_catalog.pg_table_is_visible(pg_catalog.pg_class.oid) AND pg_catalog.pg_namespace.nspname != %(nspname_1)s
INFO:sqlalchemy.engine.Engine:SELECT pg_catalog.pg_class.relname 
FROM pg_catalog.pg_class JOIN pg_catalog.pg_namespace ON pg_catalog.pg_namespace.oid = pg_catalog.pg_class.relnamespace 
WHERE pg_catalog.pg_class.relname = %(table_name)s AND pg_catalog.pg_class.relkind = ANY (ARRAY[%(param_1)s, %(param_2)s, %(param_3)s, %(param_4)s, %(param_5)s]) AND pg_catalog.pg_table_is_visible(pg_catalog.pg_class.oid) AND pg_catalog.pg_namespace.nspname != %(nspname_1)s
2026-05-07 09:14:20,506 INFO sqlalchemy.engine.Engine [cached since 0.002998s ago] {'table_name': 'conversations', 'param_1': 'r', 'param_2': 'p', 'param_3': 'f', 'param_4': 'v', 'param_5': 'm', 'nspname_1': 'pg_catalog'}
INFO:sqlalchemy.engine.Engine:[cached since 0.002998s ago] {'table_name': 'conversations', 'param_1': 'r', 'param_2': 'p', 'param_3': 'f', 'param_4': 'v', 'param_5': 'm', 'nspname_1': 'pg_catalog'}
2026-05-07 09:14:20,506 INFO sqlalchemy.engine.Engine SELECT pg_catalog.pg_class.relname 
FROM pg_catalog.pg_class JOIN pg_catalog.pg_namespace ON pg_catalog.pg_namespace.oid = pg_catalog.pg_class.relnamespace 
WHERE pg_catalog.pg_class.relname = %(table_name)s AND pg_catalog.pg_class.relkind = ANY (ARRAY[%(param_1)s, %(param_2)s, %(param_3)s, %(param_4)s, %(param_5)s]) AND pg_catalog.pg_table_is_visible(pg_catalog.pg_class.oid) AND pg_catalog.pg_namespace.nspname != %(nspname_1)s
INFO:sqlalchemy.engine.Engine:SELECT pg_catalog.pg_class.relname 
FROM pg_catalog.pg_class JOIN pg_catalog.pg_namespace ON pg_catalog.pg_namespace.oid = pg_catalog.pg_class.relnamespace 
WHERE pg_catalog.pg_class.relname = %(table_name)s AND pg_catalog.pg_class.relkind = ANY (ARRAY[%(param_1)s, %(param_2)s, %(param_3)s, %(param_4)s, %(param_5)s]) AND pg_catalog.pg_table_is_visible(pg_catalog.pg_class.oid) AND pg_catalog.pg_namespace.nspname != %(nspname_1)s
2026-05-07 09:14:20,507 INFO sqlalchemy.engine.Engine [cached since 0.003792s ago] {'table_name': 'users', 'param_1': 'r', 'param_2': 'p', 'param_3': 'f', 'param_4': 'v', 'param_5': 'm', 'nspname_1': 'pg_catalog'}
INFO:sqlalchemy.engine.Engine:[cached since 0.003792s ago] {'table_name': 'users', 'param_1': 'r', 'param_2': 'p', 'param_3': 'f', 'param_4': 'v', 'param_5': 'm', 'nspname_1': 'pg_catalog'}
2026-05-07 09:14:20,507 INFO sqlalchemy.engine.Engine SELECT pg_catalog.pg_class.relname 
FROM pg_catalog.pg_class JOIN pg_catalog.pg_namespace ON pg_catalog.pg_namespace.oid = pg_catalog.pg_class.relnamespace 
WHERE pg_catalog.pg_class.relname = %(table_name)s AND pg_catalog.pg_class.relkind = ANY (ARRAY[%(param_1)s, %(param_2)s, %(param_3)s, %(param_4)s, %(param_5)s]) AND pg_catalog.pg_table_is_visible(pg_catalog.pg_class.oid) AND pg_catalog.pg_namespace.nspname != %(nspname_1)s
INFO:sqlalchemy.engine.Engine:SELECT pg_catalog.pg_class.relname 
FROM pg_catalog.pg_class JOIN pg_catalog.pg_namespace ON pg_catalog.pg_namespace.oid = pg_catalog.pg_class.relnamespace 
WHERE pg_catalog.pg_class.relname = %(table_name)s AND pg_catalog.pg_class.relkind = ANY (ARRAY[%(param_1)s, %(param_2)s, %(param_3)s, %(param_4)s, %(param_5)s]) AND pg_catalog.pg_table_is_visible(pg_catalog.pg_class.oid) AND pg_catalog.pg_namespace.nspname != %(nspname_1)s
2026-05-07 09:14:20,507 INFO sqlalchemy.engine.Engine [cached since 0.004544s ago] {'table_name': 'llm_usage', 'param_1': 'r', 'param_2': 'p', 'param_3': 'f', 'param_4': 'v', 'param_5': 'm', 'nspname_1': 'pg_catalog'}
INFO:sqlalchemy.engine.Engine:[cached since 0.004544s ago] {'table_name': 'llm_usage', 'param_1': 'r', 'param_2': 'p', 'param_3': 'f', 'param_4': 'v', 'param_5': 'm', 'nspname_1': 'pg_catalog'}
2026-05-07 09:14:20,508 INFO sqlalchemy.engine.Engine SELECT pg_catalog.pg_class.relname 
FROM pg_catalog.pg_class JOIN pg_catalog.pg_namespace ON pg_catalog.pg_namespace.oid = pg_catalog.pg_class.relnamespace 
WHERE pg_catalog.pg_class.relname = %(table_name)s AND pg_catalog.pg_class.relkind = ANY (ARRAY[%(param_1)s, %(param_2)s, %(param_3)s, %(param_4)s, %(param_5)s]) AND pg_catalog.pg_table_is_visible(pg_catalog.pg_class.oid) AND pg_catalog.pg_namespace.nspname != %(nspname_1)s
INFO:sqlalchemy.engine.Engine:SELECT pg_catalog.pg_class.relname 
FROM pg_catalog.pg_class JOIN pg_catalog.pg_namespace ON pg_catalog.pg_namespace.oid = pg_catalog.pg_class.relnamespace 
WHERE pg_catalog.pg_class.relname = %(table_name)s AND pg_catalog.pg_class.relkind = ANY (ARRAY[%(param_1)s, %(param_2)s, %(param_3)s, %(param_4)s, %(param_5)s]) AND pg_catalog.pg_table_is_visible(pg_catalog.pg_class.oid) AND pg_catalog.pg_namespace.nspname != %(nspname_1)s
2026-05-07 09:14:20,508 INFO sqlalchemy.engine.Engine [cached since 0.005432s ago] {'table_name': 'saved_reports', 'param_1': 'r', 'param_2': 'p', 'param_3': 'f', 'param_4': 'v', 'param_5': 'm', 'nspname_1': 'pg_catalog'}
INFO:sqlalchemy.engine.Engine:[cached since 0.005432s ago] {'table_name': 'saved_reports', 'param_1': 'r', 'param_2': 'p', 'param_3': 'f', 'param_4': 'v', 'param_5': 'm', 'nspname_1': 'pg_catalog'}
2026-05-07 09:14:20,509 INFO sqlalchemy.engine.Engine SELECT pg_catalog.pg_class.relname 
FROM pg_catalog.pg_class JOIN pg_catalog.pg_namespace ON pg_catalog.pg_namespace.oid = pg_catalog.pg_class.relnamespace 
WHERE pg_catalog.pg_class.relname = %(table_name)s AND pg_catalog.pg_class.relkind = ANY (ARRAY[%(param_1)s, %(param_2)s, %(param_3)s, %(param_4)s, %(param_5)s]) AND pg_catalog.pg_table_is_visible(pg_catalog.pg_class.oid) AND pg_catalog.pg_namespace.nspname != %(nspname_1)s
INFO:sqlalchemy.engine.Engine:SELECT pg_catalog.pg_class.relname 
FROM pg_catalog.pg_class JOIN pg_catalog.pg_namespace ON pg_catalog.pg_namespace.oid = pg_catalog.pg_class.relnamespace 
WHERE pg_catalog.pg_class.relname = %(table_name)s AND pg_catalog.pg_class.relkind = ANY (ARRAY[%(param_1)s, %(param_2)s, %(param_3)s, %(param_4)s, %(param_5)s]) AND pg_catalog.pg_table_is_visible(pg_catalog.pg_class.oid) AND pg_catalog.pg_namespace.nspname != %(nspname_1)s
2026-05-07 09:14:20,509 INFO sqlalchemy.engine.Engine [cached since 0.006165s ago] {'table_name': 'audit_logs', 'param_1': 'r', 'param_2': 'p', 'param_3': 'f', 'param_4': 'v', 'param_5': 'm', 'nspname_1': 'pg_catalog'}
INFO:sqlalchemy.engine.Engine:[cached since 0.006165s ago] {'table_name': 'audit_logs', 'param_1': 'r', 'param_2': 'p', 'param_3': 'f', 'param_4': 'v', 'param_5': 'm', 'nspname_1': 'pg_catalog'}
2026-05-07 09:14:20,511 INFO sqlalchemy.engine.Engine SELECT pg_catalog.pg_type.typname 
FROM pg_catalog.pg_type JOIN pg_catalog.pg_namespace ON pg_catalog.pg_namespace.oid = pg_catalog.pg_type.typnamespace 
WHERE pg_catalog.pg_type.typname = %(typname_1)s AND pg_catalog.pg_type_is_visible(pg_catalog.pg_type.oid) AND pg_catalog.pg_namespace.nspname != %(nspname_1)s
INFO:sqlalchemy.engine.Engine:SELECT pg_catalog.pg_type.typname 
FROM pg_catalog.pg_type JOIN pg_catalog.pg_namespace ON pg_catalog.pg_namespace.oid = pg_catalog.pg_type.typnamespace 
WHERE pg_catalog.pg_type.typname = %(typname_1)s AND pg_catalog.pg_type_is_visible(pg_catalog.pg_type.oid) AND pg_catalog.pg_namespace.nspname != %(nspname_1)s
2026-05-07 09:14:20,511 INFO sqlalchemy.engine.Engine [generated in 0.00017s] {'typname_1': 'doc_status', 'nspname_1': 'pg_catalog'}
INFO:sqlalchemy.engine.Engine:[generated in 0.00017s] {'typname_1': 'doc_status', 'nspname_1': 'pg_catalog'}
2026-05-07 09:14:20,512 INFO sqlalchemy.engine.Engine COMMIT
INFO:sqlalchemy.engine.Engine:COMMIT
INFO:backend.main:Database tables ensured.
2026-05-07 09:14:20,517 INFO sqlalchemy.engine.Engine BEGIN (implicit)
INFO:sqlalchemy.engine.Engine:BEGIN (implicit)
2026-05-07 09:14:20,520 INFO sqlalchemy.engine.Engine SELECT prompt_templates.id AS prompt_templates_id, prompt_templates.name AS prompt_templates_name, prompt_templates.category AS prompt_templates_category, prompt_templates.template AS prompt_templates_template, prompt_templates.description AS prompt_templates_description, prompt_templates.created_at AS prompt_templates_created_at 
FROM prompt_templates 
WHERE prompt_templates.name = %(name_1)s 
 LIMIT %(param_1)s
INFO:sqlalchemy.engine.Engine:SELECT prompt_templates.id AS prompt_templates_id, prompt_templates.name AS prompt_templates_name, prompt_templates.category AS prompt_templates_category, prompt_templates.template AS prompt_templates_template, prompt_templates.description AS prompt_templates_description, prompt_templates.created_at AS prompt_templates_created_at 
FROM prompt_templates 
WHERE prompt_templates.name = %(name_1)s 
 LIMIT %(param_1)s
2026-05-07 09:14:20,520 INFO sqlalchemy.engine.Engine [generated in 0.00024s] {'name_1': 'Default RAG', 'param_1': 1}
INFO:sqlalchemy.engine.Engine:[generated in 0.00024s] {'name_1': 'Default RAG', 'param_1': 1}
2026-05-07 09:14:20,522 INFO sqlalchemy.engine.Engine SELECT prompt_templates.id AS prompt_templates_id, prompt_templates.name AS prompt_templates_name, prompt_templates.category AS prompt_templates_category, prompt_templates.template AS prompt_templates_template, prompt_templates.description AS prompt_templates_description, prompt_templates.created_at AS prompt_templates_created_at 
FROM prompt_templates 
WHERE prompt_templates.name = %(name_1)s 
 LIMIT %(param_1)s
INFO:sqlalchemy.engine.Engine:SELECT prompt_templates.id AS prompt_templates_id, prompt_templates.name AS prompt_templates_name, prompt_templates.category AS prompt_templates_category, prompt_templates.template AS prompt_templates_template, prompt_templates.description AS prompt_templates_description, prompt_templates.created_at AS prompt_templates_created_at 
FROM prompt_templates 
WHERE prompt_templates.name = %(name_1)s 
 LIMIT %(param_1)s
2026-05-07 09:14:20,522 INFO sqlalchemy.engine.Engine [cached since 0.002274s ago] {'name_1': 'Executive Summary', 'param_1': 1}
INFO:sqlalchemy.engine.Engine:[cached since 0.002274s ago] {'name_1': 'Executive Summary', 'param_1': 1}
2026-05-07 09:14:20,523 INFO sqlalchemy.engine.Engine SELECT prompt_templates.id AS prompt_templates_id, prompt_templates.name AS prompt_templates_name, prompt_templates.category AS prompt_templates_category, prompt_templates.template AS prompt_templates_template, prompt_templates.description AS prompt_templates_description, prompt_templates.created_at AS prompt_templates_created_at 
FROM prompt_templates 
WHERE prompt_templates.name = %(name_1)s 
 LIMIT %(param_1)s
INFO:sqlalchemy.engine.Engine:SELECT prompt_templates.id AS prompt_templates_id, prompt_templates.name AS prompt_templates_name, prompt_templates.category AS prompt_templates_category, prompt_templates.template AS prompt_templates_template, prompt_templates.description AS prompt_templates_description, prompt_templates.created_at AS prompt_templates_created_at 
FROM prompt_templates 
WHERE prompt_templates.name = %(name_1)s 
 LIMIT %(param_1)s
2026-05-07 09:14:20,523 INFO sqlalchemy.engine.Engine [cached since 0.003412s ago] {'name_1': 'Comparative Analysis', 'param_1': 1}
INFO:sqlalchemy.engine.Engine:[cached since 0.003412s ago] {'name_1': 'Comparative Analysis', 'param_1': 1}
2026-05-07 09:14:20,524 INFO sqlalchemy.engine.Engine SELECT prompt_templates.id AS prompt_templates_id, prompt_templates.name AS prompt_templates_name, prompt_templates.category AS prompt_templates_category, prompt_templates.template AS prompt_templates_template, prompt_templates.description AS prompt_templates_description, prompt_templates.created_at AS prompt_templates_created_at 
FROM prompt_templates 
WHERE prompt_templates.name = %(name_1)s 
 LIMIT %(param_1)s
INFO:sqlalchemy.engine.Engine:SELECT prompt_templates.id AS prompt_templates_id, prompt_templates.name AS prompt_templates_name, prompt_templates.category AS prompt_templates_category, prompt_templates.template AS prompt_templates_template, prompt_templates.description AS prompt_templates_description, prompt_templates.created_at AS prompt_templates_created_at 
FROM prompt_templates 
WHERE prompt_templates.name = %(name_1)s 
 LIMIT %(param_1)s
2026-05-07 09:14:20,524 INFO sqlalchemy.engine.Engine [cached since 0.004415s ago] {'name_1': 'Data Extraction', 'param_1': 1}
INFO:sqlalchemy.engine.Engine:[cached since 0.004415s ago] {'name_1': 'Data Extraction', 'param_1': 1}
2026-05-07 09:14:20,524 INFO sqlalchemy.engine.Engine COMMIT
INFO:sqlalchemy.engine.Engine:COMMIT
INFO:backend.prompt_manager:Default prompt templates seeded.
INFO:backend.embeddings:Loading embedding model: BAAI/bge-base-en-v1.5
INFO:sentence_transformers.SentenceTransformer:Use pytorch device_name: cpu
INFO:sentence_transformers.SentenceTransformer:Load pretrained SentenceTransformer: BAAI/bge-base-en-v1.5
INFO:backend.embeddings:Embedding dimension: 768
[0;93m2026-05-07 09:14:21.584486419 [W:onnxruntime:Default, device_discovery.cc:211 DiscoverDevicesForPlatform] GPU device discovery failed: device_discovery.cc:91 ReadFileContents Failed to open file: "/sys/class/drm/card0/device/vendor"[m
ERROR:chromadb.telemetry.product.posthog:Failed to send telemetry event ClientStartEvent: capture() takes 1 positional argument but 3 were given
ERROR:chromadb.telemetry.product.posthog:Failed to send telemetry event ClientCreateCollectionEvent: capture() takes 1 positional argument but 3 were given
INFO:backend.vector_store:ChromaDB collection 'documents' ready (898 items)
INFO:backend.main:Services pre-warmed: embedding model loaded and ready.
INFO:     Application startup complete.
ERROR:    [Errno 98] error while attempting to bind on address ('0.0.0.0', 8000): address already in use
INFO:     Waiting for application shutdown.
INFO:backend.main:Shutdown complete.
INFO:     Application shutdown complete.
INFO:     Started server process [1170016]
INFO:     Waiting for application startup.
INFO:backend.main:Starting AI Knowledge Platform …
2026-05-07 09:14:40,965 INFO sqlalchemy.engine.Engine select pg_catalog.version()
INFO:sqlalchemy.engine.Engine:select pg_catalog.version()
2026-05-07 09:14:40,966 INFO sqlalchemy.engine.Engine [raw sql] {}
INFO:sqlalchemy.engine.Engine:[raw sql] {}
2026-05-07 09:14:40,967 INFO sqlalchemy.engine.Engine select current_schema()
INFO:sqlalchemy.engine.Engine:select current_schema()
2026-05-07 09:14:40,967 INFO sqlalchemy.engine.Engine [raw sql] {}
INFO:sqlalchemy.engine.Engine:[raw sql] {}
2026-05-07 09:14:40,968 INFO sqlalchemy.engine.Engine show standard_conforming_strings
INFO:sqlalchemy.engine.Engine:show standard_conforming_strings
2026-05-07 09:14:40,968 INFO sqlalchemy.engine.Engine [raw sql] {}
INFO:sqlalchemy.engine.Engine:[raw sql] {}
2026-05-07 09:14:40,968 INFO sqlalchemy.engine.Engine BEGIN (implicit)
INFO:sqlalchemy.engine.Engine:BEGIN (implicit)
2026-05-07 09:14:40,973 INFO sqlalchemy.engine.Engine SELECT pg_catalog.pg_class.relname 
FROM pg_catalog.pg_class JOIN pg_catalog.pg_namespace ON pg_catalog.pg_namespace.oid = pg_catalog.pg_class.relnamespace 
WHERE pg_catalog.pg_class.relname = %(table_name)s AND pg_catalog.pg_class.relkind = ANY (ARRAY[%(param_1)s, %(param_2)s, %(param_3)s, %(param_4)s, %(param_5)s]) AND pg_catalog.pg_table_is_visible(pg_catalog.pg_class.oid) AND pg_catalog.pg_namespace.nspname != %(nspname_1)s
INFO:sqlalchemy.engine.Engine:SELECT pg_catalog.pg_class.relname 
FROM pg_catalog.pg_class JOIN pg_catalog.pg_namespace ON pg_catalog.pg_namespace.oid = pg_catalog.pg_class.relnamespace 
WHERE pg_catalog.pg_class.relname = %(table_name)s AND pg_catalog.pg_class.relkind = ANY (ARRAY[%(param_1)s, %(param_2)s, %(param_3)s, %(param_4)s, %(param_5)s]) AND pg_catalog.pg_table_is_visible(pg_catalog.pg_class.oid) AND pg_catalog.pg_namespace.nspname != %(nspname_1)s
2026-05-07 09:14:40,973 INFO sqlalchemy.engine.Engine [generated in 0.00029s] {'table_name': 'documents', 'param_1': 'r', 'param_2': 'p', 'param_3': 'f', 'param_4': 'v', 'param_5': 'm', 'nspname_1': 'pg_catalog'}
INFO:sqlalchemy.engine.Engine:[generated in 0.00029s] {'table_name': 'documents', 'param_1': 'r', 'param_2': 'p', 'param_3': 'f', 'param_4': 'v', 'param_5': 'm', 'nspname_1': 'pg_catalog'}
2026-05-07 09:14:40,975 INFO sqlalchemy.engine.Engine SELECT pg_catalog.pg_class.relname 
FROM pg_catalog.pg_class JOIN pg_catalog.pg_namespace ON pg_catalog.pg_namespace.oid = pg_catalog.pg_class.relnamespace 
WHERE pg_catalog.pg_class.relname = %(table_name)s AND pg_catalog.pg_class.relkind = ANY (ARRAY[%(param_1)s, %(param_2)s, %(param_3)s, %(param_4)s, %(param_5)s]) AND pg_catalog.pg_table_is_visible(pg_catalog.pg_class.oid) AND pg_catalog.pg_namespace.nspname != %(nspname_1)s
INFO:sqlalchemy.engine.Engine:SELECT pg_catalog.pg_class.relname 
FROM pg_catalog.pg_class JOIN pg_catalog.pg_namespace ON pg_catalog.pg_namespace.oid = pg_catalog.pg_class.relnamespace 
WHERE pg_catalog.pg_class.relname = %(table_name)s AND pg_catalog.pg_class.relkind = ANY (ARRAY[%(param_1)s, %(param_2)s, %(param_3)s, %(param_4)s, %(param_5)s]) AND pg_catalog.pg_table_is_visible(pg_catalog.pg_class.oid) AND pg_catalog.pg_namespace.nspname != %(nspname_1)s
2026-05-07 09:14:40,975 INFO sqlalchemy.engine.Engine [cached since 0.002319s ago] {'table_name': 'prompt_templates', 'param_1': 'r', 'param_2': 'p', 'param_3': 'f', 'param_4': 'v', 'param_5': 'm', 'nspname_1': 'pg_catalog'}
INFO:sqlalchemy.engine.Engine:[cached since 0.002319s ago] {'table_name': 'prompt_templates', 'param_1': 'r', 'param_2': 'p', 'param_3': 'f', 'param_4': 'v', 'param_5': 'm', 'nspname_1': 'pg_catalog'}
2026-05-07 09:14:40,976 INFO sqlalchemy.engine.Engine SELECT pg_catalog.pg_class.relname 
FROM pg_catalog.pg_class JOIN pg_catalog.pg_namespace ON pg_catalog.pg_namespace.oid = pg_catalog.pg_class.relnamespace 
WHERE pg_catalog.pg_class.relname = %(table_name)s AND pg_catalog.pg_class.relkind = ANY (ARRAY[%(param_1)s, %(param_2)s, %(param_3)s, %(param_4)s, %(param_5)s]) AND pg_catalog.pg_table_is_visible(pg_catalog.pg_class.oid) AND pg_catalog.pg_namespace.nspname != %(nspname_1)s
INFO:sqlalchemy.engine.Engine:SELECT pg_catalog.pg_class.relname 
FROM pg_catalog.pg_class JOIN pg_catalog.pg_namespace ON pg_catalog.pg_namespace.oid = pg_catalog.pg_class.relnamespace 
WHERE pg_catalog.pg_class.relname = %(table_name)s AND pg_catalog.pg_class.relkind = ANY (ARRAY[%(param_1)s, %(param_2)s, %(param_3)s, %(param_4)s, %(param_5)s]) AND pg_catalog.pg_table_is_visible(pg_catalog.pg_class.oid) AND pg_catalog.pg_namespace.nspname != %(nspname_1)s
2026-05-07 09:14:40,976 INFO sqlalchemy.engine.Engine [cached since 0.003267s ago] {'table_name': 'conversations', 'param_1': 'r', 'param_2': 'p', 'param_3': 'f', 'param_4': 'v', 'param_5': 'm', 'nspname_1': 'pg_catalog'}
INFO:sqlalchemy.engine.Engine:[cached since 0.003267s ago] {'table_name': 'conversations', 'param_1': 'r', 'param_2': 'p', 'param_3': 'f', 'param_4': 'v', 'param_5': 'm', 'nspname_1': 'pg_catalog'}
2026-05-07 09:14:40,977 INFO sqlalchemy.engine.Engine SELECT pg_catalog.pg_class.relname 
FROM pg_catalog.pg_class JOIN pg_catalog.pg_namespace ON pg_catalog.pg_namespace.oid = pg_catalog.pg_class.relnamespace 
WHERE pg_catalog.pg_class.relname = %(table_name)s AND pg_catalog.pg_class.relkind = ANY (ARRAY[%(param_1)s, %(param_2)s, %(param_3)s, %(param_4)s, %(param_5)s]) AND pg_catalog.pg_table_is_visible(pg_catalog.pg_class.oid) AND pg_catalog.pg_namespace.nspname != %(nspname_1)s
INFO:sqlalchemy.engine.Engine:SELECT pg_catalog.pg_class.relname 
FROM pg_catalog.pg_class JOIN pg_catalog.pg_namespace ON pg_catalog.pg_namespace.oid = pg_catalog.pg_class.relnamespace 
WHERE pg_catalog.pg_class.relname = %(table_name)s AND pg_catalog.pg_class.relkind = ANY (ARRAY[%(param_1)s, %(param_2)s, %(param_3)s, %(param_4)s, %(param_5)s]) AND pg_catalog.pg_table_is_visible(pg_catalog.pg_class.oid) AND pg_catalog.pg_namespace.nspname != %(nspname_1)s
2026-05-07 09:14:40,977 INFO sqlalchemy.engine.Engine [cached since 0.004078s ago] {'table_name': 'users', 'param_1': 'r', 'param_2': 'p', 'param_3': 'f', 'param_4': 'v', 'param_5': 'm', 'nspname_1': 'pg_catalog'}
INFO:sqlalchemy.engine.Engine:[cached since 0.004078s ago] {'table_name': 'users', 'param_1': 'r', 'param_2': 'p', 'param_3': 'f', 'param_4': 'v', 'param_5': 'm', 'nspname_1': 'pg_catalog'}
2026-05-07 09:14:40,977 INFO sqlalchemy.engine.Engine SELECT pg_catalog.pg_class.relname 
FROM pg_catalog.pg_class JOIN pg_catalog.pg_namespace ON pg_catalog.pg_namespace.oid = pg_catalog.pg_class.relnamespace 
WHERE pg_catalog.pg_class.relname = %(table_name)s AND pg_catalog.pg_class.relkind = ANY (ARRAY[%(param_1)s, %(param_2)s, %(param_3)s, %(param_4)s, %(param_5)s]) AND pg_catalog.pg_table_is_visible(pg_catalog.pg_class.oid) AND pg_catalog.pg_namespace.nspname != %(nspname_1)s
INFO:sqlalchemy.engine.Engine:SELECT pg_catalog.pg_class.relname 
FROM pg_catalog.pg_class JOIN pg_catalog.pg_namespace ON pg_catalog.pg_namespace.oid = pg_catalog.pg_class.relnamespace 
WHERE pg_catalog.pg_class.relname = %(table_name)s AND pg_catalog.pg_class.relkind = ANY (ARRAY[%(param_1)s, %(param_2)s, %(param_3)s, %(param_4)s, %(param_5)s]) AND pg_catalog.pg_table_is_visible(pg_catalog.pg_class.oid) AND pg_catalog.pg_namespace.nspname != %(nspname_1)s
2026-05-07 09:14:40,977 INFO sqlalchemy.engine.Engine [cached since 0.004894s ago] {'table_name': 'llm_usage', 'param_1': 'r', 'param_2': 'p', 'param_3': 'f', 'param_4': 'v', 'param_5': 'm', 'nspname_1': 'pg_catalog'}
INFO:sqlalchemy.engine.Engine:[cached since 0.004894s ago] {'table_name': 'llm_usage', 'param_1': 'r', 'param_2': 'p', 'param_3': 'f', 'param_4': 'v', 'param_5': 'm', 'nspname_1': 'pg_catalog'}
2026-05-07 09:14:40,978 INFO sqlalchemy.engine.Engine SELECT pg_catalog.pg_class.relname 
FROM pg_catalog.pg_class JOIN pg_catalog.pg_namespace ON pg_catalog.pg_namespace.oid = pg_catalog.pg_class.relnamespace 
WHERE pg_catalog.pg_class.relname = %(table_name)s AND pg_catalog.pg_class.relkind = ANY (ARRAY[%(param_1)s, %(param_2)s, %(param_3)s, %(param_4)s, %(param_5)s]) AND pg_catalog.pg_table_is_visible(pg_catalog.pg_class.oid) AND pg_catalog.pg_namespace.nspname != %(nspname_1)s
INFO:sqlalchemy.engine.Engine:SELECT pg_catalog.pg_class.relname 
FROM pg_catalog.pg_class JOIN pg_catalog.pg_namespace ON pg_catalog.pg_namespace.oid = pg_catalog.pg_class.relnamespace 
WHERE pg_catalog.pg_class.relname = %(table_name)s AND pg_catalog.pg_class.relkind = ANY (ARRAY[%(param_1)s, %(param_2)s, %(param_3)s, %(param_4)s, %(param_5)s]) AND pg_catalog.pg_table_is_visible(pg_catalog.pg_class.oid) AND pg_catalog.pg_namespace.nspname != %(nspname_1)s
2026-05-07 09:14:40,978 INFO sqlalchemy.engine.Engine [cached since 0.005625s ago] {'table_name': 'saved_reports', 'param_1': 'r', 'param_2': 'p', 'param_3': 'f', 'param_4': 'v', 'param_5': 'm', 'nspname_1': 'pg_catalog'}
INFO:sqlalchemy.engine.Engine:[cached since 0.005625s ago] {'table_name': 'saved_reports', 'param_1': 'r', 'param_2': 'p', 'param_3': 'f', 'param_4': 'v', 'param_5': 'm', 'nspname_1': 'pg_catalog'}
2026-05-07 09:14:40,979 INFO sqlalchemy.engine.Engine SELECT pg_catalog.pg_class.relname 
FROM pg_catalog.pg_class JOIN pg_catalog.pg_namespace ON pg_catalog.pg_namespace.oid = pg_catalog.pg_class.relnamespace 
WHERE pg_catalog.pg_class.relname = %(table_name)s AND pg_catalog.pg_class.relkind = ANY (ARRAY[%(param_1)s, %(param_2)s, %(param_3)s, %(param_4)s, %(param_5)s]) AND pg_catalog.pg_table_is_visible(pg_catalog.pg_class.oid) AND pg_catalog.pg_namespace.nspname != %(nspname_1)s
INFO:sqlalchemy.engine.Engine:SELECT pg_catalog.pg_class.relname 
FROM pg_catalog.pg_class JOIN pg_catalog.pg_namespace ON pg_catalog.pg_namespace.oid = pg_catalog.pg_class.relnamespace 
WHERE pg_catalog.pg_class.relname = %(table_name)s AND pg_catalog.pg_class.relkind = ANY (ARRAY[%(param_1)s, %(param_2)s, %(param_3)s, %(param_4)s, %(param_5)s]) AND pg_catalog.pg_table_is_visible(pg_catalog.pg_class.oid) AND pg_catalog.pg_namespace.nspname != %(nspname_1)s
2026-05-07 09:14:40,979 INFO sqlalchemy.engine.Engine [cached since 0.00635s ago] {'table_name': 'audit_logs', 'param_1': 'r', 'param_2': 'p', 'param_3': 'f', 'param_4': 'v', 'param_5': 'm', 'nspname_1': 'pg_catalog'}
INFO:sqlalchemy.engine.Engine:[cached since 0.00635s ago] {'table_name': 'audit_logs', 'param_1': 'r', 'param_2': 'p', 'param_3': 'f', 'param_4': 'v', 'param_5': 'm', 'nspname_1': 'pg_catalog'}
2026-05-07 09:14:40,981 INFO sqlalchemy.engine.Engine SELECT pg_catalog.pg_type.typname 
FROM pg_catalog.pg_type JOIN pg_catalog.pg_namespace ON pg_catalog.pg_namespace.oid = pg_catalog.pg_type.typnamespace 
WHERE pg_catalog.pg_type.typname = %(typname_1)s AND pg_catalog.pg_type_is_visible(pg_catalog.pg_type.oid) AND pg_catalog.pg_namespace.nspname != %(nspname_1)s
INFO:sqlalchemy.engine.Engine:SELECT pg_catalog.pg_type.typname 
FROM pg_catalog.pg_type JOIN pg_catalog.pg_namespace ON pg_catalog.pg_namespace.oid = pg_catalog.pg_type.typnamespace 
WHERE pg_catalog.pg_type.typname = %(typname_1)s AND pg_catalog.pg_type_is_visible(pg_catalog.pg_type.oid) AND pg_catalog.pg_namespace.nspname != %(nspname_1)s
2026-05-07 09:14:40,981 INFO sqlalchemy.engine.Engine [generated in 0.00021s] {'typname_1': 'doc_status', 'nspname_1': 'pg_catalog'}
INFO:sqlalchemy.engine.Engine:[generated in 0.00021s] {'typname_1': 'doc_status', 'nspname_1': 'pg_catalog'}
2026-05-07 09:14:40,982 INFO sqlalchemy.engine.Engine COMMIT
INFO:sqlalchemy.engine.Engine:COMMIT
INFO:backend.main:Database tables ensured.
2026-05-07 09:14:40,987 INFO sqlalchemy.engine.Engine BEGIN (implicit)
INFO:sqlalchemy.engine.Engine:BEGIN (implicit)
2026-05-07 09:14:40,990 INFO sqlalchemy.engine.Engine SELECT prompt_templates.id AS prompt_templates_id, prompt_templates.name AS prompt_templates_name, prompt_templates.category AS prompt_templates_category, prompt_templates.template AS prompt_templates_template, prompt_templates.description AS prompt_templates_description, prompt_templates.created_at AS prompt_templates_created_at 
FROM prompt_templates 
WHERE prompt_templates.name = %(name_1)s 
 LIMIT %(param_1)s
INFO:sqlalchemy.engine.Engine:SELECT prompt_templates.id AS prompt_templates_id, prompt_templates.name AS prompt_templates_name, prompt_templates.category AS prompt_templates_category, prompt_templates.template AS prompt_templates_template, prompt_templates.description AS prompt_templates_description, prompt_templates.created_at AS prompt_templates_created_at 
FROM prompt_templates 
WHERE prompt_templates.name = %(name_1)s 
 LIMIT %(param_1)s
2026-05-07 09:14:40,990 INFO sqlalchemy.engine.Engine [generated in 0.00025s] {'name_1': 'Default RAG', 'param_1': 1}
INFO:sqlalchemy.engine.Engine:[generated in 0.00025s] {'name_1': 'Default RAG', 'param_1': 1}
2026-05-07 09:14:40,992 INFO sqlalchemy.engine.Engine SELECT prompt_templates.id AS prompt_templates_id, prompt_templates.name AS prompt_templates_name, prompt_templates.category AS prompt_templates_category, prompt_templates.template AS prompt_templates_template, prompt_templates.description AS prompt_templates_description, prompt_templates.created_at AS prompt_templates_created_at 
FROM prompt_templates 
WHERE prompt_templates.name = %(name_1)s 
 LIMIT %(param_1)s
INFO:sqlalchemy.engine.Engine:SELECT prompt_templates.id AS prompt_templates_id, prompt_templates.name AS prompt_templates_name, prompt_templates.category AS prompt_templates_category, prompt_templates.template AS prompt_templates_template, prompt_templates.description AS prompt_templates_description, prompt_templates.created_at AS prompt_templates_created_at 
FROM prompt_templates 
WHERE prompt_templates.name = %(name_1)s 
 LIMIT %(param_1)s
2026-05-07 09:14:40,992 INFO sqlalchemy.engine.Engine [cached since 0.002399s ago] {'name_1': 'Executive Summary', 'param_1': 1}
INFO:sqlalchemy.engine.Engine:[cached since 0.002399s ago] {'name_1': 'Executive Summary', 'param_1': 1}
2026-05-07 09:14:40,993 INFO sqlalchemy.engine.Engine SELECT prompt_templates.id AS prompt_templates_id, prompt_templates.name AS prompt_templates_name, prompt_templates.category AS prompt_templates_category, prompt_templates.template AS prompt_templates_template, prompt_templates.description AS prompt_templates_description, prompt_templates.created_at AS prompt_templates_created_at 
FROM prompt_templates 
WHERE prompt_templates.name = %(name_1)s 
 LIMIT %(param_1)s
INFO:sqlalchemy.engine.Engine:SELECT prompt_templates.id AS prompt_templates_id, prompt_templates.name AS prompt_templates_name, prompt_templates.category AS prompt_templates_category, prompt_templates.template AS prompt_templates_template, prompt_templates.description AS prompt_templates_description, prompt_templates.created_at AS prompt_templates_created_at 
FROM prompt_templates 
WHERE prompt_templates.name = %(name_1)s 
 LIMIT %(param_1)s
2026-05-07 09:14:40,993 INFO sqlalchemy.engine.Engine [cached since 0.003664s ago] {'name_1': 'Comparative Analysis', 'param_1': 1}
INFO:sqlalchemy.engine.Engine:[cached since 0.003664s ago] {'name_1': 'Comparative Analysis', 'param_1': 1}
2026-05-07 09:14:40,994 INFO sqlalchemy.engine.Engine SELECT prompt_templates.id AS prompt_templates_id, prompt_templates.name AS prompt_templates_name, prompt_templates.category AS prompt_templates_category, prompt_templates.template AS prompt_templates_template, prompt_templates.description AS prompt_templates_description, prompt_templates.created_at AS prompt_templates_created_at 
FROM prompt_templates 
WHERE prompt_templates.name = %(name_1)s 
 LIMIT %(param_1)s
INFO:sqlalchemy.engine.Engine:SELECT prompt_templates.id AS prompt_templates_id, prompt_templates.name AS prompt_templates_name, prompt_templates.category AS prompt_templates_category, prompt_templates.template AS prompt_templates_template, prompt_templates.description AS prompt_templates_description, prompt_templates.created_at AS prompt_templates_created_at 
FROM prompt_templates 
WHERE prompt_templates.name = %(name_1)s 
 LIMIT %(param_1)s
2026-05-07 09:14:40,994 INFO sqlalchemy.engine.Engine [cached since 0.004749s ago] {'name_1': 'Data Extraction', 'param_1': 1}
INFO:sqlalchemy.engine.Engine:[cached since 0.004749s ago] {'name_1': 'Data Extraction', 'param_1': 1}
2026-05-07 09:14:40,995 INFO sqlalchemy.engine.Engine COMMIT
INFO:sqlalchemy.engine.Engine:COMMIT
INFO:backend.prompt_manager:Default prompt templates seeded.
INFO:backend.embeddings:Loading embedding model: BAAI/bge-base-en-v1.5
INFO:sentence_transformers.SentenceTransformer:Use pytorch device_name: cpu
INFO:sentence_transformers.SentenceTransformer:Load pretrained SentenceTransformer: BAAI/bge-base-en-v1.5
INFO:backend.embeddings:Embedding dimension: 768
[0;93m2026-05-07 09:14:42.008763017 [W:onnxruntime:Default, device_discovery.cc:211 DiscoverDevicesForPlatform] GPU device discovery failed: device_discovery.cc:91 ReadFileContents Failed to open file: "/sys/class/drm/card0/device/vendor"[m
ERROR:chromadb.telemetry.product.posthog:Failed to send telemetry event ClientStartEvent: capture() takes 1 positional argument but 3 were given
ERROR:chromadb.telemetry.product.posthog:Failed to send telemetry event ClientCreateCollectionEvent: capture() takes 1 positional argument but 3 were given
INFO:backend.vector_store:ChromaDB collection 'documents' ready (898 items)
INFO:backend.main:Services pre-warmed: embedding model loaded and ready.
INFO:     Application startup complete.
ERROR:    [Errno 98] error while attempting to bind on address ('0.0.0.0', 8000): address already in use
INFO:     Waiting for application shutdown.
INFO:backend.main:Shutdown complete.
INFO:     Application shutdown complete.
INFO:     Started server process [1170102]
INFO:     Waiting for application startup.
INFO:backend.main:Starting AI Knowledge Platform …
2026-05-07 09:15:01,490 INFO sqlalchemy.engine.Engine select pg_catalog.version()
INFO:sqlalchemy.engine.Engine:select pg_catalog.version()
2026-05-07 09:15:01,490 INFO sqlalchemy.engine.Engine [raw sql] {}
INFO:sqlalchemy.engine.Engine:[raw sql] {}
2026-05-07 09:15:01,492 INFO sqlalchemy.engine.Engine select current_schema()
INFO:sqlalchemy.engine.Engine:select current_schema()
2026-05-07 09:15:01,492 INFO sqlalchemy.engine.Engine [raw sql] {}
INFO:sqlalchemy.engine.Engine:[raw sql] {}
2026-05-07 09:15:01,492 INFO sqlalchemy.engine.Engine show standard_conforming_strings
INFO:sqlalchemy.engine.Engine:show standard_conforming_strings
2026-05-07 09:15:01,492 INFO sqlalchemy.engine.Engine [raw sql] {}
INFO:sqlalchemy.engine.Engine:[raw sql] {}
2026-05-07 09:15:01,493 INFO sqlalchemy.engine.Engine BEGIN (implicit)
INFO:sqlalchemy.engine.Engine:BEGIN (implicit)
2026-05-07 09:15:01,497 INFO sqlalchemy.engine.Engine SELECT pg_catalog.pg_class.relname 
FROM pg_catalog.pg_class JOIN pg_catalog.pg_namespace ON pg_catalog.pg_namespace.oid = pg_catalog.pg_class.relnamespace 
WHERE pg_catalog.pg_class.relname = %(table_name)s AND pg_catalog.pg_class.relkind = ANY (ARRAY[%(param_1)s, %(param_2)s, %(param_3)s, %(param_4)s, %(param_5)s]) AND pg_catalog.pg_table_is_visible(pg_catalog.pg_class.oid) AND pg_catalog.pg_namespace.nspname != %(nspname_1)s
INFO:sqlalchemy.engine.Engine:SELECT pg_catalog.pg_class.relname 
FROM pg_catalog.pg_class JOIN pg_catalog.pg_namespace ON pg_catalog.pg_namespace.oid = pg_catalog.pg_class.relnamespace 
WHERE pg_catalog.pg_class.relname = %(table_name)s AND pg_catalog.pg_class.relkind = ANY (ARRAY[%(param_1)s, %(param_2)s, %(param_3)s, %(param_4)s, %(param_5)s]) AND pg_catalog.pg_table_is_visible(pg_catalog.pg_class.oid) AND pg_catalog.pg_namespace.nspname != %(nspname_1)s
2026-05-07 09:15:01,498 INFO sqlalchemy.engine.Engine [generated in 0.00032s] {'table_name': 'documents', 'param_1': 'r', 'param_2': 'p', 'param_3': 'f', 'param_4': 'v', 'param_5': 'm', 'nspname_1': 'pg_catalog'}
INFO:sqlalchemy.engine.Engine:[generated in 0.00032s] {'table_name': 'documents', 'param_1': 'r', 'param_2': 'p', 'param_3': 'f', 'param_4': 'v', 'param_5': 'm', 'nspname_1': 'pg_catalog'}
2026-05-07 09:15:01,499 INFO sqlalchemy.engine.Engine SELECT pg_catalog.pg_class.relname 
FROM pg_catalog.pg_class JOIN pg_catalog.pg_namespace ON pg_catalog.pg_namespace.oid = pg_catalog.pg_class.relnamespace 
WHERE pg_catalog.pg_class.relname = %(table_name)s AND pg_catalog.pg_class.relkind = ANY (ARRAY[%(param_1)s, %(param_2)s, %(param_3)s, %(param_4)s, %(param_5)s]) AND pg_catalog.pg_table_is_visible(pg_catalog.pg_class.oid) AND pg_catalog.pg_namespace.nspname != %(nspname_1)s
INFO:sqlalchemy.engine.Engine:SELECT pg_catalog.pg_class.relname 
FROM pg_catalog.pg_class JOIN pg_catalog.pg_namespace ON pg_catalog.pg_namespace.oid = pg_catalog.pg_class.relnamespace 
WHERE pg_catalog.pg_class.relname = %(table_name)s AND pg_catalog.pg_class.relkind = ANY (ARRAY[%(param_1)s, %(param_2)s, %(param_3)s, %(param_4)s, %(param_5)s]) AND pg_catalog.pg_table_is_visible(pg_catalog.pg_class.oid) AND pg_catalog.pg_namespace.nspname != %(nspname_1)s
2026-05-07 09:15:01,500 INFO sqlalchemy.engine.Engine [cached since 0.002308s ago] {'table_name': 'prompt_templates', 'param_1': 'r', 'param_2': 'p', 'param_3': 'f', 'param_4': 'v', 'param_5': 'm', 'nspname_1': 'pg_catalog'}
INFO:sqlalchemy.engine.Engine:[cached since 0.002308s ago] {'table_name': 'prompt_templates', 'param_1': 'r', 'param_2': 'p', 'param_3': 'f', 'param_4': 'v', 'param_5': 'm', 'nspname_1': 'pg_catalog'}
2026-05-07 09:15:01,500 INFO sqlalchemy.engine.Engine SELECT pg_catalog.pg_class.relname 
FROM pg_catalog.pg_class JOIN pg_catalog.pg_namespace ON pg_catalog.pg_namespace.oid = pg_catalog.pg_class.relnamespace 
WHERE pg_catalog.pg_class.relname = %(table_name)s AND pg_catalog.pg_class.relkind = ANY (ARRAY[%(param_1)s, %(param_2)s, %(param_3)s, %(param_4)s, %(param_5)s]) AND pg_catalog.pg_table_is_visible(pg_catalog.pg_class.oid) AND pg_catalog.pg_namespace.nspname != %(nspname_1)s
INFO:sqlalchemy.engine.Engine:SELECT pg_catalog.pg_class.relname 
FROM pg_catalog.pg_class JOIN pg_catalog.pg_namespace ON pg_catalog.pg_namespace.oid = pg_catalog.pg_class.relnamespace 
WHERE pg_catalog.pg_class.relname = %(table_name)s AND pg_catalog.pg_class.relkind = ANY (ARRAY[%(param_1)s, %(param_2)s, %(param_3)s, %(param_4)s, %(param_5)s]) AND pg_catalog.pg_table_is_visible(pg_catalog.pg_class.oid) AND pg_catalog.pg_namespace.nspname != %(nspname_1)s
2026-05-07 09:15:01,500 INFO sqlalchemy.engine.Engine [cached since 0.003237s ago] {'table_name': 'conversations', 'param_1': 'r', 'param_2': 'p', 'param_3': 'f', 'param_4': 'v', 'param_5': 'm', 'nspname_1': 'pg_catalog'}
INFO:sqlalchemy.engine.Engine:[cached since 0.003237s ago] {'table_name': 'conversations', 'param_1': 'r', 'param_2': 'p', 'param_3': 'f', 'param_4': 'v', 'param_5': 'm', 'nspname_1': 'pg_catalog'}
2026-05-07 09:15:01,501 INFO sqlalchemy.engine.Engine SELECT pg_catalog.pg_class.relname 
FROM pg_catalog.pg_class JOIN pg_catalog.pg_namespace ON pg_catalog.pg_namespace.oid = pg_catalog.pg_class.relnamespace 
WHERE pg_catalog.pg_class.relname = %(table_name)s AND pg_catalog.pg_class.relkind = ANY (ARRAY[%(param_1)s, %(param_2)s, %(param_3)s, %(param_4)s, %(param_5)s]) AND pg_catalog.pg_table_is_visible(pg_catalog.pg_class.oid) AND pg_catalog.pg_namespace.nspname != %(nspname_1)s
INFO:sqlalchemy.engine.Engine:SELECT pg_catalog.pg_class.relname 
FROM pg_catalog.pg_class JOIN pg_catalog.pg_namespace ON pg_catalog.pg_namespace.oid = pg_catalog.pg_class.relnamespace 
WHERE pg_catalog.pg_class.relname = %(table_name)s AND pg_catalog.pg_class.relkind = ANY (ARRAY[%(param_1)s, %(param_2)s, %(param_3)s, %(param_4)s, %(param_5)s]) AND pg_catalog.pg_table_is_visible(pg_catalog.pg_class.oid) AND pg_catalog.pg_namespace.nspname != %(nspname_1)s
2026-05-07 09:15:01,501 INFO sqlalchemy.engine.Engine [cached since 0.004056s ago] {'table_name': 'users', 'param_1': 'r', 'param_2': 'p', 'param_3': 'f', 'param_4': 'v', 'param_5': 'm', 'nspname_1': 'pg_catalog'}
INFO:sqlalchemy.engine.Engine:[cached since 0.004056s ago] {'table_name': 'users', 'param_1': 'r', 'param_2': 'p', 'param_3': 'f', 'param_4': 'v', 'param_5': 'm', 'nspname_1': 'pg_catalog'}
2026-05-07 09:15:01,502 INFO sqlalchemy.engine.Engine SELECT pg_catalog.pg_class.relname 
FROM pg_catalog.pg_class JOIN pg_catalog.pg_namespace ON pg_catalog.pg_namespace.oid = pg_catalog.pg_class.relnamespace 
WHERE pg_catalog.pg_class.relname = %(table_name)s AND pg_catalog.pg_class.relkind = ANY (ARRAY[%(param_1)s, %(param_2)s, %(param_3)s, %(param_4)s, %(param_5)s]) AND pg_catalog.pg_table_is_visible(pg_catalog.pg_class.oid) AND pg_catalog.pg_namespace.nspname != %(nspname_1)s
INFO:sqlalchemy.engine.Engine:SELECT pg_catalog.pg_class.relname 
FROM pg_catalog.pg_class JOIN pg_catalog.pg_namespace ON pg_catalog.pg_namespace.oid = pg_catalog.pg_class.relnamespace 
WHERE pg_catalog.pg_class.relname = %(table_name)s AND pg_catalog.pg_class.relkind = ANY (ARRAY[%(param_1)s, %(param_2)s, %(param_3)s, %(param_4)s, %(param_5)s]) AND pg_catalog.pg_table_is_visible(pg_catalog.pg_class.oid) AND pg_catalog.pg_namespace.nspname != %(nspname_1)s
2026-05-07 09:15:01,502 INFO sqlalchemy.engine.Engine [cached since 0.004826s ago] {'table_name': 'llm_usage', 'param_1': 'r', 'param_2': 'p', 'param_3': 'f', 'param_4': 'v', 'param_5': 'm', 'nspname_1': 'pg_catalog'}
INFO:sqlalchemy.engine.Engine:[cached since 0.004826s ago] {'table_name': 'llm_usage', 'param_1': 'r', 'param_2': 'p', 'param_3': 'f', 'param_4': 'v', 'param_5': 'm', 'nspname_1': 'pg_catalog'}
2026-05-07 09:15:01,503 INFO sqlalchemy.engine.Engine SELECT pg_catalog.pg_class.relname 
FROM pg_catalog.pg_class JOIN pg_catalog.pg_namespace ON pg_catalog.pg_namespace.oid = pg_catalog.pg_class.relnamespace 
WHERE pg_catalog.pg_class.relname = %(table_name)s AND pg_catalog.pg_class.relkind = ANY (ARRAY[%(param_1)s, %(param_2)s, %(param_3)s, %(param_4)s, %(param_5)s]) AND pg_catalog.pg_table_is_visible(pg_catalog.pg_class.oid) AND pg_catalog.pg_namespace.nspname != %(nspname_1)s
INFO:sqlalchemy.engine.Engine:SELECT pg_catalog.pg_class.relname 
FROM pg_catalog.pg_class JOIN pg_catalog.pg_namespace ON pg_catalog.pg_namespace.oid = pg_catalog.pg_class.relnamespace 
WHERE pg_catalog.pg_class.relname = %(table_name)s AND pg_catalog.pg_class.relkind = ANY (ARRAY[%(param_1)s, %(param_2)s, %(param_3)s, %(param_4)s, %(param_5)s]) AND pg_catalog.pg_table_is_visible(pg_catalog.pg_class.oid) AND pg_catalog.pg_namespace.nspname != %(nspname_1)s
2026-05-07 09:15:01,503 INFO sqlalchemy.engine.Engine [cached since 0.005578s ago] {'table_name': 'saved_reports', 'param_1': 'r', 'param_2': 'p', 'param_3': 'f', 'param_4': 'v', 'param_5': 'm', 'nspname_1': 'pg_catalog'}
INFO:sqlalchemy.engine.Engine:[cached since 0.005578s ago] {'table_name': 'saved_reports', 'param_1': 'r', 'param_2': 'p', 'param_3': 'f', 'param_4': 'v', 'param_5': 'm', 'nspname_1': 'pg_catalog'}
2026-05-07 09:15:01,503 INFO sqlalchemy.engine.Engine SELECT pg_catalog.pg_class.relname 
FROM pg_catalog.pg_class JOIN pg_catalog.pg_namespace ON pg_catalog.pg_namespace.oid = pg_catalog.pg_class.relnamespace 
WHERE pg_catalog.pg_class.relname = %(table_name)s AND pg_catalog.pg_class.relkind = ANY (ARRAY[%(param_1)s, %(param_2)s, %(param_3)s, %(param_4)s, %(param_5)s]) AND pg_catalog.pg_table_is_visible(pg_catalog.pg_class.oid) AND pg_catalog.pg_namespace.nspname != %(nspname_1)s
INFO:sqlalchemy.engine.Engine:SELECT pg_catalog.pg_class.relname 
FROM pg_catalog.pg_class JOIN pg_catalog.pg_namespace ON pg_catalog.pg_namespace.oid = pg_catalog.pg_class.relnamespace 
WHERE pg_catalog.pg_class.relname = %(table_name)s AND pg_catalog.pg_class.relkind = ANY (ARRAY[%(param_1)s, %(param_2)s, %(param_3)s, %(param_4)s, %(param_5)s]) AND pg_catalog.pg_table_is_visible(pg_catalog.pg_class.oid) AND pg_catalog.pg_namespace.nspname != %(nspname_1)s
2026-05-07 09:15:01,504 INFO sqlalchemy.engine.Engine [cached since 0.006319s ago] {'table_name': 'audit_logs', 'param_1': 'r', 'param_2': 'p', 'param_3': 'f', 'param_4': 'v', 'param_5': 'm', 'nspname_1': 'pg_catalog'}
INFO:sqlalchemy.engine.Engine:[cached since 0.006319s ago] {'table_name': 'audit_logs', 'param_1': 'r', 'param_2': 'p', 'param_3': 'f', 'param_4': 'v', 'param_5': 'm', 'nspname_1': 'pg_catalog'}
2026-05-07 09:15:01,506 INFO sqlalchemy.engine.Engine SELECT pg_catalog.pg_type.typname 
FROM pg_catalog.pg_type JOIN pg_catalog.pg_namespace ON pg_catalog.pg_namespace.oid = pg_catalog.pg_type.typnamespace 
WHERE pg_catalog.pg_type.typname = %(typname_1)s AND pg_catalog.pg_type_is_visible(pg_catalog.pg_type.oid) AND pg_catalog.pg_namespace.nspname != %(nspname_1)s
INFO:sqlalchemy.engine.Engine:SELECT pg_catalog.pg_type.typname 
FROM pg_catalog.pg_type JOIN pg_catalog.pg_namespace ON pg_catalog.pg_namespace.oid = pg_catalog.pg_type.typnamespace 
WHERE pg_catalog.pg_type.typname = %(typname_1)s AND pg_catalog.pg_type_is_visible(pg_catalog.pg_type.oid) AND pg_catalog.pg_namespace.nspname != %(nspname_1)s
2026-05-07 09:15:01,506 INFO sqlalchemy.engine.Engine [generated in 0.00018s] {'typname_1': 'doc_status', 'nspname_1': 'pg_catalog'}
INFO:sqlalchemy.engine.Engine:[generated in 0.00018s] {'typname_1': 'doc_status', 'nspname_1': 'pg_catalog'}
2026-05-07 09:15:01,506 INFO sqlalchemy.engine.Engine COMMIT
INFO:sqlalchemy.engine.Engine:COMMIT
INFO:backend.main:Database tables ensured.
2026-05-07 09:15:01,512 INFO sqlalchemy.engine.Engine BEGIN (implicit)
INFO:sqlalchemy.engine.Engine:BEGIN (implicit)
2026-05-07 09:15:01,515 INFO sqlalchemy.engine.Engine SELECT prompt_templates.id AS prompt_templates_id, prompt_templates.name AS prompt_templates_name, prompt_templates.category AS prompt_templates_category, prompt_templates.template AS prompt_templates_template, prompt_templates.description AS prompt_templates_description, prompt_templates.created_at AS prompt_templates_created_at 
FROM prompt_templates 
WHERE prompt_templates.name = %(name_1)s 
 LIMIT %(param_1)s
INFO:sqlalchemy.engine.Engine:SELECT prompt_templates.id AS prompt_templates_id, prompt_templates.name AS prompt_templates_name, prompt_templates.category AS prompt_templates_category, prompt_templates.template AS prompt_templates_template, prompt_templates.description AS prompt_templates_description, prompt_templates.created_at AS prompt_templates_created_at 
FROM prompt_templates 
WHERE prompt_templates.name = %(name_1)s 
 LIMIT %(param_1)s
2026-05-07 09:15:01,515 INFO sqlalchemy.engine.Engine [generated in 0.00023s] {'name_1': 'Default RAG', 'param_1': 1}
INFO:sqlalchemy.engine.Engine:[generated in 0.00023s] {'name_1': 'Default RAG', 'param_1': 1}
2026-05-07 09:15:01,517 INFO sqlalchemy.engine.Engine SELECT prompt_templates.id AS prompt_templates_id, prompt_templates.name AS prompt_templates_name, prompt_templates.category AS prompt_templates_category, prompt_templates.template AS prompt_templates_template, prompt_templates.description AS prompt_templates_description, prompt_templates.created_at AS prompt_templates_created_at 
FROM prompt_templates 
WHERE prompt_templates.name = %(name_1)s 
 LIMIT %(param_1)s
INFO:sqlalchemy.engine.Engine:SELECT prompt_templates.id AS prompt_templates_id, prompt_templates.name AS prompt_templates_name, prompt_templates.category AS prompt_templates_category, prompt_templates.template AS prompt_templates_template, prompt_templates.description AS prompt_templates_description, prompt_templates.created_at AS prompt_templates_created_at 
FROM prompt_templates 
WHERE prompt_templates.name = %(name_1)s 
 LIMIT %(param_1)s
2026-05-07 09:15:01,517 INFO sqlalchemy.engine.Engine [cached since 0.002463s ago] {'name_1': 'Executive Summary', 'param_1': 1}
INFO:sqlalchemy.engine.Engine:[cached since 0.002463s ago] {'name_1': 'Executive Summary', 'param_1': 1}
2026-05-07 09:15:01,518 INFO sqlalchemy.engine.Engine SELECT prompt_templates.id AS prompt_templates_id, prompt_templates.name AS prompt_templates_name, prompt_templates.category AS prompt_templates_category, prompt_templates.template AS prompt_templates_template, prompt_templates.description AS prompt_templates_description, prompt_templates.created_at AS prompt_templates_created_at 
FROM prompt_templates 
WHERE prompt_templates.name = %(name_1)s 
 LIMIT %(param_1)s
INFO:sqlalchemy.engine.Engine:SELECT prompt_templates.id AS prompt_templates_id, prompt_templates.name AS prompt_templates_name, prompt_templates.category AS prompt_templates_category, prompt_templates.template AS prompt_templates_template, prompt_templates.description AS prompt_templates_description, prompt_templates.created_at AS prompt_templates_created_at 
FROM prompt_templates 
WHERE prompt_templates.name = %(name_1)s 
 LIMIT %(param_1)s
2026-05-07 09:15:01,518 INFO sqlalchemy.engine.Engine [cached since 0.003707s ago] {'name_1': 'Comparative Analysis', 'param_1': 1}
INFO:sqlalchemy.engine.Engine:[cached since 0.003707s ago] {'name_1': 'Comparative Analysis', 'param_1': 1}
2026-05-07 09:15:01,519 INFO sqlalchemy.engine.Engine SELECT prompt_templates.id AS prompt_templates_id, prompt_templates.name AS prompt_templates_name, prompt_templates.category AS prompt_templates_category, prompt_templates.template AS prompt_templates_template, prompt_templates.description AS prompt_templates_description, prompt_templates.created_at AS prompt_templates_created_at 
FROM prompt_templates 
WHERE prompt_templates.name = %(name_1)s 
 LIMIT %(param_1)s
INFO:sqlalchemy.engine.Engine:SELECT prompt_templates.id AS prompt_templates_id, prompt_templates.name AS prompt_templates_name, prompt_templates.category AS prompt_templates_category, prompt_templates.template AS prompt_templates_template, prompt_templates.description AS prompt_templates_description, prompt_templates.created_at AS prompt_templates_created_at 
FROM prompt_templates 
WHERE prompt_templates.name = %(name_1)s 
 LIMIT %(param_1)s
2026-05-07 09:15:01,519 INFO sqlalchemy.engine.Engine [cached since 0.00481s ago] {'name_1': 'Data Extraction', 'param_1': 1}
INFO:sqlalchemy.engine.Engine:[cached since 0.00481s ago] {'name_1': 'Data Extraction', 'param_1': 1}
2026-05-07 09:15:01,520 INFO sqlalchemy.engine.Engine COMMIT
INFO:sqlalchemy.engine.Engine:COMMIT
INFO:backend.prompt_manager:Default prompt templates seeded.
INFO:backend.embeddings:Loading embedding model: BAAI/bge-base-en-v1.5
INFO:sentence_transformers.SentenceTransformer:Use pytorch device_name: cpu
INFO:sentence_transformers.SentenceTransformer:Load pretrained SentenceTransformer: BAAI/bge-base-en-v1.5
INFO:backend.embeddings:Embedding dimension: 768
[0;93m2026-05-07 09:15:02.546077943 [W:onnxruntime:Default, device_discovery.cc:211 DiscoverDevicesForPlatform] GPU device discovery failed: device_discovery.cc:91 ReadFileContents Failed to open file: "/sys/class/drm/card0/device/vendor"[m
ERROR:chromadb.telemetry.product.posthog:Failed to send telemetry event ClientStartEvent: capture() takes 1 positional argument but 3 were given
ERROR:chromadb.telemetry.product.posthog:Failed to send telemetry event ClientCreateCollectionEvent: capture() takes 1 positional argument but 3 were given
INFO:backend.vector_store:ChromaDB collection 'documents' ready (898 items)
INFO:backend.main:Services pre-warmed: embedding model loaded and ready.
INFO:     Application startup complete.
ERROR:    [Errno 98] error while attempting to bind on address ('0.0.0.0', 8000): address already in use
INFO:     Waiting for application shutdown.
INFO:backend.main:Shutdown complete.
INFO:     Application shutdown complete.
INFO:     Started server process [1170193]
INFO:     Waiting for application startup.
INFO:backend.main:Starting AI Knowledge Platform …
2026-05-07 09:15:22,290 INFO sqlalchemy.engine.Engine select pg_catalog.version()
INFO:sqlalchemy.engine.Engine:select pg_catalog.version()
2026-05-07 09:15:22,290 INFO sqlalchemy.engine.Engine [raw sql] {}
INFO:sqlalchemy.engine.Engine:[raw sql] {}
2026-05-07 09:15:22,291 INFO sqlalchemy.engine.Engine select current_schema()
INFO:sqlalchemy.engine.Engine:select current_schema()
2026-05-07 09:15:22,291 INFO sqlalchemy.engine.Engine [raw sql] {}
INFO:sqlalchemy.engine.Engine:[raw sql] {}
2026-05-07 09:15:22,292 INFO sqlalchemy.engine.Engine show standard_conforming_strings
INFO:sqlalchemy.engine.Engine:show standard_conforming_strings
2026-05-07 09:15:22,292 INFO sqlalchemy.engine.Engine [raw sql] {}
INFO:sqlalchemy.engine.Engine:[raw sql] {}
2026-05-07 09:15:22,293 INFO sqlalchemy.engine.Engine BEGIN (implicit)
INFO:sqlalchemy.engine.Engine:BEGIN (implicit)
2026-05-07 09:15:22,297 INFO sqlalchemy.engine.Engine SELECT pg_catalog.pg_class.relname 
FROM pg_catalog.pg_class JOIN pg_catalog.pg_namespace ON pg_catalog.pg_namespace.oid = pg_catalog.pg_class.relnamespace 
WHERE pg_catalog.pg_class.relname = %(table_name)s AND pg_catalog.pg_class.relkind = ANY (ARRAY[%(param_1)s, %(param_2)s, %(param_3)s, %(param_4)s, %(param_5)s]) AND pg_catalog.pg_table_is_visible(pg_catalog.pg_class.oid) AND pg_catalog.pg_namespace.nspname != %(nspname_1)s
INFO:sqlalchemy.engine.Engine:SELECT pg_catalog.pg_class.relname 
FROM pg_catalog.pg_class JOIN pg_catalog.pg_namespace ON pg_catalog.pg_namespace.oid = pg_catalog.pg_class.relnamespace 
WHERE pg_catalog.pg_class.relname = %(table_name)s AND pg_catalog.pg_class.relkind = ANY (ARRAY[%(param_1)s, %(param_2)s, %(param_3)s, %(param_4)s, %(param_5)s]) AND pg_catalog.pg_table_is_visible(pg_catalog.pg_class.oid) AND pg_catalog.pg_namespace.nspname != %(nspname_1)s
2026-05-07 09:15:22,297 INFO sqlalchemy.engine.Engine [generated in 0.00031s] {'table_name': 'documents', 'param_1': 'r', 'param_2': 'p', 'param_3': 'f', 'param_4': 'v', 'param_5': 'm', 'nspname_1': 'pg_catalog'}
INFO:sqlalchemy.engine.Engine:[generated in 0.00031s] {'table_name': 'documents', 'param_1': 'r', 'param_2': 'p', 'param_3': 'f', 'param_4': 'v', 'param_5': 'm', 'nspname_1': 'pg_catalog'}
2026-05-07 09:15:22,299 INFO sqlalchemy.engine.Engine SELECT pg_catalog.pg_class.relname 
FROM pg_catalog.pg_class JOIN pg_catalog.pg_namespace ON pg_catalog.pg_namespace.oid = pg_catalog.pg_class.relnamespace 
WHERE pg_catalog.pg_class.relname = %(table_name)s AND pg_catalog.pg_class.relkind = ANY (ARRAY[%(param_1)s, %(param_2)s, %(param_3)s, %(param_4)s, %(param_5)s]) AND pg_catalog.pg_table_is_visible(pg_catalog.pg_class.oid) AND pg_catalog.pg_namespace.nspname != %(nspname_1)s
INFO:sqlalchemy.engine.Engine:SELECT pg_catalog.pg_class.relname 
FROM pg_catalog.pg_class JOIN pg_catalog.pg_namespace ON pg_catalog.pg_namespace.oid = pg_catalog.pg_class.relnamespace 
WHERE pg_catalog.pg_class.relname = %(table_name)s AND pg_catalog.pg_class.relkind = ANY (ARRAY[%(param_1)s, %(param_2)s, %(param_3)s, %(param_4)s, %(param_5)s]) AND pg_catalog.pg_table_is_visible(pg_catalog.pg_class.oid) AND pg_catalog.pg_namespace.nspname != %(nspname_1)s
2026-05-07 09:15:22,299 INFO sqlalchemy.engine.Engine [cached since 0.002439s ago] {'table_name': 'prompt_templates', 'param_1': 'r', 'param_2': 'p', 'param_3': 'f', 'param_4': 'v', 'param_5': 'm', 'nspname_1': 'pg_catalog'}
INFO:sqlalchemy.engine.Engine:[cached since 0.002439s ago] {'table_name': 'prompt_templates', 'param_1': 'r', 'param_2': 'p', 'param_3': 'f', 'param_4': 'v', 'param_5': 'm', 'nspname_1': 'pg_catalog'}
2026-05-07 09:15:22,300 INFO sqlalchemy.engine.Engine SELECT pg_catalog.pg_class.relname 
FROM pg_catalog.pg_class JOIN pg_catalog.pg_namespace ON pg_catalog.pg_namespace.oid = pg_catalog.pg_class.relnamespace 
WHERE pg_catalog.pg_class.relname = %(table_name)s AND pg_catalog.pg_class.relkind = ANY (ARRAY[%(param_1)s, %(param_2)s, %(param_3)s, %(param_4)s, %(param_5)s]) AND pg_catalog.pg_table_is_visible(pg_catalog.pg_class.oid) AND pg_catalog.pg_namespace.nspname != %(nspname_1)s
INFO:sqlalchemy.engine.Engine:SELECT pg_catalog.pg_class.relname 
FROM pg_catalog.pg_class JOIN pg_catalog.pg_namespace ON pg_catalog.pg_namespace.oid = pg_catalog.pg_class.relnamespace 
WHERE pg_catalog.pg_class.relname = %(table_name)s AND pg_catalog.pg_class.relkind = ANY (ARRAY[%(param_1)s, %(param_2)s, %(param_3)s, %(param_4)s, %(param_5)s]) AND pg_catalog.pg_table_is_visible(pg_catalog.pg_class.oid) AND pg_catalog.pg_namespace.nspname != %(nspname_1)s
2026-05-07 09:15:22,300 INFO sqlalchemy.engine.Engine [cached since 0.003415s ago] {'table_name': 'conversations', 'param_1': 'r', 'param_2': 'p', 'param_3': 'f', 'param_4': 'v', 'param_5': 'm', 'nspname_1': 'pg_catalog'}
INFO:sqlalchemy.engine.Engine:[cached since 0.003415s ago] {'table_name': 'conversations', 'param_1': 'r', 'param_2': 'p', 'param_3': 'f', 'param_4': 'v', 'param_5': 'm', 'nspname_1': 'pg_catalog'}
2026-05-07 09:15:22,301 INFO sqlalchemy.engine.Engine SELECT pg_catalog.pg_class.relname 
FROM pg_catalog.pg_class JOIN pg_catalog.pg_namespace ON pg_catalog.pg_namespace.oid = pg_catalog.pg_class.relnamespace 
WHERE pg_catalog.pg_class.relname = %(table_name)s AND pg_catalog.pg_class.relkind = ANY (ARRAY[%(param_1)s, %(param_2)s, %(param_3)s, %(param_4)s, %(param_5)s]) AND pg_catalog.pg_table_is_visible(pg_catalog.pg_class.oid) AND pg_catalog.pg_namespace.nspname != %(nspname_1)s
INFO:sqlalchemy.engine.Engine:SELECT pg_catalog.pg_class.relname 
FROM pg_catalog.pg_class JOIN pg_catalog.pg_namespace ON pg_catalog.pg_namespace.oid = pg_catalog.pg_class.relnamespace 
WHERE pg_catalog.pg_class.relname = %(table_name)s AND pg_catalog.pg_class.relkind = ANY (ARRAY[%(param_1)s, %(param_2)s, %(param_3)s, %(param_4)s, %(param_5)s]) AND pg_catalog.pg_table_is_visible(pg_catalog.pg_class.oid) AND pg_catalog.pg_namespace.nspname != %(nspname_1)s
2026-05-07 09:15:22,301 INFO sqlalchemy.engine.Engine [cached since 0.004281s ago] {'table_name': 'users', 'param_1': 'r', 'param_2': 'p', 'param_3': 'f', 'param_4': 'v', 'param_5': 'm', 'nspname_1': 'pg_catalog'}
INFO:sqlalchemy.engine.Engine:[cached since 0.004281s ago] {'table_name': 'users', 'param_1': 'r', 'param_2': 'p', 'param_3': 'f', 'param_4': 'v', 'param_5': 'm', 'nspname_1': 'pg_catalog'}
2026-05-07 09:15:22,302 INFO sqlalchemy.engine.Engine SELECT pg_catalog.pg_class.relname 
FROM pg_catalog.pg_class JOIN pg_catalog.pg_namespace ON pg_catalog.pg_namespace.oid = pg_catalog.pg_class.relnamespace 
WHERE pg_catalog.pg_class.relname = %(table_name)s AND pg_catalog.pg_class.relkind = ANY (ARRAY[%(param_1)s, %(param_2)s, %(param_3)s, %(param_4)s, %(param_5)s]) AND pg_catalog.pg_table_is_visible(pg_catalog.pg_class.oid) AND pg_catalog.pg_namespace.nspname != %(nspname_1)s
INFO:sqlalchemy.engine.Engine:SELECT pg_catalog.pg_class.relname 
FROM pg_catalog.pg_class JOIN pg_catalog.pg_namespace ON pg_catalog.pg_namespace.oid = pg_catalog.pg_class.relnamespace 
WHERE pg_catalog.pg_class.relname = %(table_name)s AND pg_catalog.pg_class.relkind = ANY (ARRAY[%(param_1)s, %(param_2)s, %(param_3)s, %(param_4)s, %(param_5)s]) AND pg_catalog.pg_table_is_visible(pg_catalog.pg_class.oid) AND pg_catalog.pg_namespace.nspname != %(nspname_1)s
2026-05-07 09:15:22,302 INFO sqlalchemy.engine.Engine [cached since 0.005077s ago] {'table_name': 'llm_usage', 'param_1': 'r', 'param_2': 'p', 'param_3': 'f', 'param_4': 'v', 'param_5': 'm', 'nspname_1': 'pg_catalog'}
INFO:sqlalchemy.engine.Engine:[cached since 0.005077s ago] {'table_name': 'llm_usage', 'param_1': 'r', 'param_2': 'p', 'param_3': 'f', 'param_4': 'v', 'param_5': 'm', 'nspname_1': 'pg_catalog'}
2026-05-07 09:15:22,303 INFO sqlalchemy.engine.Engine SELECT pg_catalog.pg_class.relname 
FROM pg_catalog.pg_class JOIN pg_catalog.pg_namespace ON pg_catalog.pg_namespace.oid = pg_catalog.pg_class.relnamespace 
WHERE pg_catalog.pg_class.relname = %(table_name)s AND pg_catalog.pg_class.relkind = ANY (ARRAY[%(param_1)s, %(param_2)s, %(param_3)s, %(param_4)s, %(param_5)s]) AND pg_catalog.pg_table_is_visible(pg_catalog.pg_class.oid) AND pg_catalog.pg_namespace.nspname != %(nspname_1)s
INFO:sqlalchemy.engine.Engine:SELECT pg_catalog.pg_class.relname 
FROM pg_catalog.pg_class JOIN pg_catalog.pg_namespace ON pg_catalog.pg_namespace.oid = pg_catalog.pg_class.relnamespace 
WHERE pg_catalog.pg_class.relname = %(table_name)s AND pg_catalog.pg_class.relkind = ANY (ARRAY[%(param_1)s, %(param_2)s, %(param_3)s, %(param_4)s, %(param_5)s]) AND pg_catalog.pg_table_is_visible(pg_catalog.pg_class.oid) AND pg_catalog.pg_namespace.nspname != %(nspname_1)s
2026-05-07 09:15:22,303 INFO sqlalchemy.engine.Engine [cached since 0.005919s ago] {'table_name': 'saved_reports', 'param_1': 'r', 'param_2': 'p', 'param_3': 'f', 'param_4': 'v', 'param_5': 'm', 'nspname_1': 'pg_catalog'}
INFO:sqlalchemy.engine.Engine:[cached since 0.005919s ago] {'table_name': 'saved_reports', 'param_1': 'r', 'param_2': 'p', 'param_3': 'f', 'param_4': 'v', 'param_5': 'm', 'nspname_1': 'pg_catalog'}
2026-05-07 09:15:22,303 INFO sqlalchemy.engine.Engine SELECT pg_catalog.pg_class.relname 
FROM pg_catalog.pg_class JOIN pg_catalog.pg_namespace ON pg_catalog.pg_namespace.oid = pg_catalog.pg_class.relnamespace 
WHERE pg_catalog.pg_class.relname = %(table_name)s AND pg_catalog.pg_class.relkind = ANY (ARRAY[%(param_1)s, %(param_2)s, %(param_3)s, %(param_4)s, %(param_5)s]) AND pg_catalog.pg_table_is_visible(pg_catalog.pg_class.oid) AND pg_catalog.pg_namespace.nspname != %(nspname_1)s
INFO:sqlalchemy.engine.Engine:SELECT pg_catalog.pg_class.relname 
FROM pg_catalog.pg_class JOIN pg_catalog.pg_namespace ON pg_catalog.pg_namespace.oid = pg_catalog.pg_class.relnamespace 
WHERE pg_catalog.pg_class.relname = %(table_name)s AND pg_catalog.pg_class.relkind = ANY (ARRAY[%(param_1)s, %(param_2)s, %(param_3)s, %(param_4)s, %(param_5)s]) AND pg_catalog.pg_table_is_visible(pg_catalog.pg_class.oid) AND pg_catalog.pg_namespace.nspname != %(nspname_1)s
2026-05-07 09:15:22,304 INFO sqlalchemy.engine.Engine [cached since 0.006789s ago] {'table_name': 'audit_logs', 'param_1': 'r', 'param_2': 'p', 'param_3': 'f', 'param_4': 'v', 'param_5': 'm', 'nspname_1': 'pg_catalog'}
INFO:sqlalchemy.engine.Engine:[cached since 0.006789s ago] {'table_name': 'audit_logs', 'param_1': 'r', 'param_2': 'p', 'param_3': 'f', 'param_4': 'v', 'param_5': 'm', 'nspname_1': 'pg_catalog'}
2026-05-07 09:15:22,306 INFO sqlalchemy.engine.Engine SELECT pg_catalog.pg_type.typname 
FROM pg_catalog.pg_type JOIN pg_catalog.pg_namespace ON pg_catalog.pg_namespace.oid = pg_catalog.pg_type.typnamespace 
WHERE pg_catalog.pg_type.typname = %(typname_1)s AND pg_catalog.pg_type_is_visible(pg_catalog.pg_type.oid) AND pg_catalog.pg_namespace.nspname != %(nspname_1)s
INFO:sqlalchemy.engine.Engine:SELECT pg_catalog.pg_type.typname 
FROM pg_catalog.pg_type JOIN pg_catalog.pg_namespace ON pg_catalog.pg_namespace.oid = pg_catalog.pg_type.typnamespace 
WHERE pg_catalog.pg_type.typname = %(typname_1)s AND pg_catalog.pg_type_is_visible(pg_catalog.pg_type.oid) AND pg_catalog.pg_namespace.nspname != %(nspname_1)s
2026-05-07 09:15:22,306 INFO sqlalchemy.engine.Engine [generated in 0.00020s] {'typname_1': 'doc_status', 'nspname_1': 'pg_catalog'}
INFO:sqlalchemy.engine.Engine:[generated in 0.00020s] {'typname_1': 'doc_status', 'nspname_1': 'pg_catalog'}
2026-05-07 09:15:22,307 INFO sqlalchemy.engine.Engine COMMIT
INFO:sqlalchemy.engine.Engine:COMMIT
INFO:backend.main:Database tables ensured.
2026-05-07 09:15:22,312 INFO sqlalchemy.engine.Engine BEGIN (implicit)
INFO:sqlalchemy.engine.Engine:BEGIN (implicit)
2026-05-07 09:15:22,314 INFO sqlalchemy.engine.Engine SELECT prompt_templates.id AS prompt_templates_id, prompt_templates.name AS prompt_templates_name, prompt_templates.category AS prompt_templates_category, prompt_templates.template AS prompt_templates_template, prompt_templates.description AS prompt_templates_description, prompt_templates.created_at AS prompt_templates_created_at 
FROM prompt_templates 
WHERE prompt_templates.name = %(name_1)s 
 LIMIT %(param_1)s
INFO:sqlalchemy.engine.Engine:SELECT prompt_templates.id AS prompt_templates_id, prompt_templates.name AS prompt_templates_name, prompt_templates.category AS prompt_templates_category, prompt_templates.template AS prompt_templates_template, prompt_templates.description AS prompt_templates_description, prompt_templates.created_at AS prompt_templates_created_at 
FROM prompt_templates 
WHERE prompt_templates.name = %(name_1)s 
 LIMIT %(param_1)s
2026-05-07 09:15:22,315 INFO sqlalchemy.engine.Engine [generated in 0.00027s] {'name_1': 'Default RAG', 'param_1': 1}
INFO:sqlalchemy.engine.Engine:[generated in 0.00027s] {'name_1': 'Default RAG', 'param_1': 1}
2026-05-07 09:15:22,317 INFO sqlalchemy.engine.Engine SELECT prompt_templates.id AS prompt_templates_id, prompt_templates.name AS prompt_templates_name, prompt_templates.category AS prompt_templates_category, prompt_templates.template AS prompt_templates_template, prompt_templates.description AS prompt_templates_description, prompt_templates.created_at AS prompt_templates_created_at 
FROM prompt_templates 
WHERE prompt_templates.name = %(name_1)s 
 LIMIT %(param_1)s
INFO:sqlalchemy.engine.Engine:SELECT prompt_templates.id AS prompt_templates_id, prompt_templates.name AS prompt_templates_name, prompt_templates.category AS prompt_templates_category, prompt_templates.template AS prompt_templates_template, prompt_templates.description AS prompt_templates_description, prompt_templates.created_at AS prompt_templates_created_at 
FROM prompt_templates 
WHERE prompt_templates.name = %(name_1)s 
 LIMIT %(param_1)s
2026-05-07 09:15:22,317 INFO sqlalchemy.engine.Engine [cached since 0.002648s ago] {'name_1': 'Executive Summary', 'param_1': 1}
INFO:sqlalchemy.engine.Engine:[cached since 0.002648s ago] {'name_1': 'Executive Summary', 'param_1': 1}
2026-05-07 09:15:22,318 INFO sqlalchemy.engine.Engine SELECT prompt_templates.id AS prompt_templates_id, prompt_templates.name AS prompt_templates_name, prompt_templates.category AS prompt_templates_category, prompt_templates.template AS prompt_templates_template, prompt_templates.description AS prompt_templates_description, prompt_templates.created_at AS prompt_templates_created_at 
FROM prompt_templates 
WHERE prompt_templates.name = %(name_1)s 
 LIMIT %(param_1)s
INFO:sqlalchemy.engine.Engine:SELECT prompt_templates.id AS prompt_templates_id, prompt_templates.name AS prompt_templates_name, prompt_templates.category AS prompt_templates_category, prompt_templates.template AS prompt_templates_template, prompt_templates.description AS prompt_templates_description, prompt_templates.created_at AS prompt_templates_created_at 
FROM prompt_templates 
WHERE prompt_templates.name = %(name_1)s 
 LIMIT %(param_1)s
2026-05-07 09:15:22,318 INFO sqlalchemy.engine.Engine [cached since 0.004013s ago] {'name_1': 'Comparative Analysis', 'param_1': 1}
INFO:sqlalchemy.engine.Engine:[cached since 0.004013s ago] {'name_1': 'Comparative Analysis', 'param_1': 1}
2026-05-07 09:15:22,320 INFO sqlalchemy.engine.Engine SELECT prompt_templates.id AS prompt_templates_id, prompt_templates.name AS prompt_templates_name, prompt_templates.category AS prompt_templates_category, prompt_templates.template AS prompt_templates_template, prompt_templates.description AS prompt_templates_description, prompt_templates.created_at AS prompt_templates_created_at 
FROM prompt_templates 
WHERE prompt_templates.name = %(name_1)s 
 LIMIT %(param_1)s
INFO:sqlalchemy.engine.Engine:SELECT prompt_templates.id AS prompt_templates_id, prompt_templates.name AS prompt_templates_name, prompt_templates.category AS prompt_templates_category, prompt_templates.template AS prompt_templates_template, prompt_templates.description AS prompt_templates_description, prompt_templates.created_at AS prompt_templates_created_at 
FROM prompt_templates 
WHERE prompt_templates.name = %(name_1)s 
 LIMIT %(param_1)s
2026-05-07 09:15:22,320 INFO sqlalchemy.engine.Engine [cached since 0.00532s ago] {'name_1': 'Data Extraction', 'param_1': 1}
INFO:sqlalchemy.engine.Engine:[cached since 0.00532s ago] {'name_1': 'Data Extraction', 'param_1': 1}
2026-05-07 09:15:22,320 INFO sqlalchemy.engine.Engine COMMIT
INFO:sqlalchemy.engine.Engine:COMMIT
INFO:backend.prompt_manager:Default prompt templates seeded.
INFO:backend.embeddings:Loading embedding model: BAAI/bge-base-en-v1.5
INFO:sentence_transformers.SentenceTransformer:Use pytorch device_name: cpu
INFO:sentence_transformers.SentenceTransformer:Load pretrained SentenceTransformer: BAAI/bge-base-en-v1.5
INFO:backend.embeddings:Embedding dimension: 768
[0;93m2026-05-07 09:15:23.372944807 [W:onnxruntime:Default, device_discovery.cc:211 DiscoverDevicesForPlatform] GPU device discovery failed: device_discovery.cc:91 ReadFileContents Failed to open file: "/sys/class/drm/card0/device/vendor"[m
ERROR:chromadb.telemetry.product.posthog:Failed to send telemetry event ClientStartEvent: capture() takes 1 positional argument but 3 were given
ERROR:chromadb.telemetry.product.posthog:Failed to send telemetry event ClientCreateCollectionEvent: capture() takes 1 positional argument but 3 were given
INFO:backend.vector_store:ChromaDB collection 'documents' ready (898 items)
INFO:backend.main:Services pre-warmed: embedding model loaded and ready.
INFO:     Application startup complete.
ERROR:    [Errno 98] error while attempting to bind on address ('0.0.0.0', 8000): address already in use
INFO:     Waiting for application shutdown.
INFO:backend.main:Shutdown complete.
INFO:     Application shutdown complete.
INFO:     Started server process [1170282]
INFO:     Waiting for application startup.
INFO:backend.main:Starting AI Knowledge Platform …
2026-05-07 09:15:42,813 INFO sqlalchemy.engine.Engine select pg_catalog.version()
INFO:sqlalchemy.engine.Engine:select pg_catalog.version()
2026-05-07 09:15:42,813 INFO sqlalchemy.engine.Engine [raw sql] {}
INFO:sqlalchemy.engine.Engine:[raw sql] {}
2026-05-07 09:15:42,815 INFO sqlalchemy.engine.Engine select current_schema()
INFO:sqlalchemy.engine.Engine:select current_schema()
2026-05-07 09:15:42,815 INFO sqlalchemy.engine.Engine [raw sql] {}
INFO:sqlalchemy.engine.Engine:[raw sql] {}
2026-05-07 09:15:42,815 INFO sqlalchemy.engine.Engine show standard_conforming_strings
INFO:sqlalchemy.engine.Engine:show standard_conforming_strings
2026-05-07 09:15:42,815 INFO sqlalchemy.engine.Engine [raw sql] {}
INFO:sqlalchemy.engine.Engine:[raw sql] {}
2026-05-07 09:15:42,816 INFO sqlalchemy.engine.Engine BEGIN (implicit)
INFO:sqlalchemy.engine.Engine:BEGIN (implicit)
2026-05-07 09:15:42,820 INFO sqlalchemy.engine.Engine SELECT pg_catalog.pg_class.relname 
FROM pg_catalog.pg_class JOIN pg_catalog.pg_namespace ON pg_catalog.pg_namespace.oid = pg_catalog.pg_class.relnamespace 
WHERE pg_catalog.pg_class.relname = %(table_name)s AND pg_catalog.pg_class.relkind = ANY (ARRAY[%(param_1)s, %(param_2)s, %(param_3)s, %(param_4)s, %(param_5)s]) AND pg_catalog.pg_table_is_visible(pg_catalog.pg_class.oid) AND pg_catalog.pg_namespace.nspname != %(nspname_1)s
INFO:sqlalchemy.engine.Engine:SELECT pg_catalog.pg_class.relname 
FROM pg_catalog.pg_class JOIN pg_catalog.pg_namespace ON pg_catalog.pg_namespace.oid = pg_catalog.pg_class.relnamespace 
WHERE pg_catalog.pg_class.relname = %(table_name)s AND pg_catalog.pg_class.relkind = ANY (ARRAY[%(param_1)s, %(param_2)s, %(param_3)s, %(param_4)s, %(param_5)s]) AND pg_catalog.pg_table_is_visible(pg_catalog.pg_class.oid) AND pg_catalog.pg_namespace.nspname != %(nspname_1)s
2026-05-07 09:15:42,821 INFO sqlalchemy.engine.Engine [generated in 0.00028s] {'table_name': 'documents', 'param_1': 'r', 'param_2': 'p', 'param_3': 'f', 'param_4': 'v', 'param_5': 'm', 'nspname_1': 'pg_catalog'}
INFO:sqlalchemy.engine.Engine:[generated in 0.00028s] {'table_name': 'documents', 'param_1': 'r', 'param_2': 'p', 'param_3': 'f', 'param_4': 'v', 'param_5': 'm', 'nspname_1': 'pg_catalog'}
2026-05-07 09:15:42,822 INFO sqlalchemy.engine.Engine SELECT pg_catalog.pg_class.relname 
FROM pg_catalog.pg_class JOIN pg_catalog.pg_namespace ON pg_catalog.pg_namespace.oid = pg_catalog.pg_class.relnamespace 
WHERE pg_catalog.pg_class.relname = %(table_name)s AND pg_catalog.pg_class.relkind = ANY (ARRAY[%(param_1)s, %(param_2)s, %(param_3)s, %(param_4)s, %(param_5)s]) AND pg_catalog.pg_table_is_visible(pg_catalog.pg_class.oid) AND pg_catalog.pg_namespace.nspname != %(nspname_1)s
INFO:sqlalchemy.engine.Engine:SELECT pg_catalog.pg_class.relname 
FROM pg_catalog.pg_class JOIN pg_catalog.pg_namespace ON pg_catalog.pg_namespace.oid = pg_catalog.pg_class.relnamespace 
WHERE pg_catalog.pg_class.relname = %(table_name)s AND pg_catalog.pg_class.relkind = ANY (ARRAY[%(param_1)s, %(param_2)s, %(param_3)s, %(param_4)s, %(param_5)s]) AND pg_catalog.pg_table_is_visible(pg_catalog.pg_class.oid) AND pg_catalog.pg_namespace.nspname != %(nspname_1)s
2026-05-07 09:15:42,822 INFO sqlalchemy.engine.Engine [cached since 0.002102s ago] {'table_name': 'prompt_templates', 'param_1': 'r', 'param_2': 'p', 'param_3': 'f', 'param_4': 'v', 'param_5': 'm', 'nspname_1': 'pg_catalog'}
INFO:sqlalchemy.engine.Engine:[cached since 0.002102s ago] {'table_name': 'prompt_templates', 'param_1': 'r', 'param_2': 'p', 'param_3': 'f', 'param_4': 'v', 'param_5': 'm', 'nspname_1': 'pg_catalog'}
2026-05-07 09:15:42,823 INFO sqlalchemy.engine.Engine SELECT pg_catalog.pg_class.relname 
FROM pg_catalog.pg_class JOIN pg_catalog.pg_namespace ON pg_catalog.pg_namespace.oid = pg_catalog.pg_class.relnamespace 
WHERE pg_catalog.pg_class.relname = %(table_name)s AND pg_catalog.pg_class.relkind = ANY (ARRAY[%(param_1)s, %(param_2)s, %(param_3)s, %(param_4)s, %(param_5)s]) AND pg_catalog.pg_table_is_visible(pg_catalog.pg_class.oid) AND pg_catalog.pg_namespace.nspname != %(nspname_1)s
INFO:sqlalchemy.engine.Engine:SELECT pg_catalog.pg_class.relname 
FROM pg_catalog.pg_class JOIN pg_catalog.pg_namespace ON pg_catalog.pg_namespace.oid = pg_catalog.pg_class.relnamespace 
WHERE pg_catalog.pg_class.relname = %(table_name)s AND pg_catalog.pg_class.relkind = ANY (ARRAY[%(param_1)s, %(param_2)s, %(param_3)s, %(param_4)s, %(param_5)s]) AND pg_catalog.pg_table_is_visible(pg_catalog.pg_class.oid) AND pg_catalog.pg_namespace.nspname != %(nspname_1)s
2026-05-07 09:15:42,823 INFO sqlalchemy.engine.Engine [cached since 0.002969s ago] {'table_name': 'conversations', 'param_1': 'r', 'param_2': 'p', 'param_3': 'f', 'param_4': 'v', 'param_5': 'm', 'nspname_1': 'pg_catalog'}
INFO:sqlalchemy.engine.Engine:[cached since 0.002969s ago] {'table_name': 'conversations', 'param_1': 'r', 'param_2': 'p', 'param_3': 'f', 'param_4': 'v', 'param_5': 'm', 'nspname_1': 'pg_catalog'}
2026-05-07 09:15:42,824 INFO sqlalchemy.engine.Engine SELECT pg_catalog.pg_class.relname 
FROM pg_catalog.pg_class JOIN pg_catalog.pg_namespace ON pg_catalog.pg_namespace.oid = pg_catalog.pg_class.relnamespace 
WHERE pg_catalog.pg_class.relname = %(table_name)s AND pg_catalog.pg_class.relkind = ANY (ARRAY[%(param_1)s, %(param_2)s, %(param_3)s, %(param_4)s, %(param_5)s]) AND pg_catalog.pg_table_is_visible(pg_catalog.pg_class.oid) AND pg_catalog.pg_namespace.nspname != %(nspname_1)s
INFO:sqlalchemy.engine.Engine:SELECT pg_catalog.pg_class.relname 
FROM pg_catalog.pg_class JOIN pg_catalog.pg_namespace ON pg_catalog.pg_namespace.oid = pg_catalog.pg_class.relnamespace 
WHERE pg_catalog.pg_class.relname = %(table_name)s AND pg_catalog.pg_class.relkind = ANY (ARRAY[%(param_1)s, %(param_2)s, %(param_3)s, %(param_4)s, %(param_5)s]) AND pg_catalog.pg_table_is_visible(pg_catalog.pg_class.oid) AND pg_catalog.pg_namespace.nspname != %(nspname_1)s
2026-05-07 09:15:42,824 INFO sqlalchemy.engine.Engine [cached since 0.003748s ago] {'table_name': 'users', 'param_1': 'r', 'param_2': 'p', 'param_3': 'f', 'param_4': 'v', 'param_5': 'm', 'nspname_1': 'pg_catalog'}
INFO:sqlalchemy.engine.Engine:[cached since 0.003748s ago] {'table_name': 'users', 'param_1': 'r', 'param_2': 'p', 'param_3': 'f', 'param_4': 'v', 'param_5': 'm', 'nspname_1': 'pg_catalog'}
2026-05-07 09:15:42,825 INFO sqlalchemy.engine.Engine SELECT pg_catalog.pg_class.relname 
FROM pg_catalog.pg_class JOIN pg_catalog.pg_namespace ON pg_catalog.pg_namespace.oid = pg_catalog.pg_class.relnamespace 
WHERE pg_catalog.pg_class.relname = %(table_name)s AND pg_catalog.pg_class.relkind = ANY (ARRAY[%(param_1)s, %(param_2)s, %(param_3)s, %(param_4)s, %(param_5)s]) AND pg_catalog.pg_table_is_visible(pg_catalog.pg_class.oid) AND pg_catalog.pg_namespace.nspname != %(nspname_1)s
INFO:sqlalchemy.engine.Engine:SELECT pg_catalog.pg_class.relname 
FROM pg_catalog.pg_class JOIN pg_catalog.pg_namespace ON pg_catalog.pg_namespace.oid = pg_catalog.pg_class.relnamespace 
WHERE pg_catalog.pg_class.relname = %(table_name)s AND pg_catalog.pg_class.relkind = ANY (ARRAY[%(param_1)s, %(param_2)s, %(param_3)s, %(param_4)s, %(param_5)s]) AND pg_catalog.pg_table_is_visible(pg_catalog.pg_class.oid) AND pg_catalog.pg_namespace.nspname != %(nspname_1)s
2026-05-07 09:15:42,825 INFO sqlalchemy.engine.Engine [cached since 0.004511s ago] {'table_name': 'llm_usage', 'param_1': 'r', 'param_2': 'p', 'param_3': 'f', 'param_4': 'v', 'param_5': 'm', 'nspname_1': 'pg_catalog'}
INFO:sqlalchemy.engine.Engine:[cached since 0.004511s ago] {'table_name': 'llm_usage', 'param_1': 'r', 'param_2': 'p', 'param_3': 'f', 'param_4': 'v', 'param_5': 'm', 'nspname_1': 'pg_catalog'}
2026-05-07 09:15:42,825 INFO sqlalchemy.engine.Engine SELECT pg_catalog.pg_class.relname 
FROM pg_catalog.pg_class JOIN pg_catalog.pg_namespace ON pg_catalog.pg_namespace.oid = pg_catalog.pg_class.relnamespace 
WHERE pg_catalog.pg_class.relname = %(table_name)s AND pg_catalog.pg_class.relkind = ANY (ARRAY[%(param_1)s, %(param_2)s, %(param_3)s, %(param_4)s, %(param_5)s]) AND pg_catalog.pg_table_is_visible(pg_catalog.pg_class.oid) AND pg_catalog.pg_namespace.nspname != %(nspname_1)s
INFO:sqlalchemy.engine.Engine:SELECT pg_catalog.pg_class.relname 
FROM pg_catalog.pg_class JOIN pg_catalog.pg_namespace ON pg_catalog.pg_namespace.oid = pg_catalog.pg_class.relnamespace 
WHERE pg_catalog.pg_class.relname = %(table_name)s AND pg_catalog.pg_class.relkind = ANY (ARRAY[%(param_1)s, %(param_2)s, %(param_3)s, %(param_4)s, %(param_5)s]) AND pg_catalog.pg_table_is_visible(pg_catalog.pg_class.oid) AND pg_catalog.pg_namespace.nspname != %(nspname_1)s
2026-05-07 09:15:42,825 INFO sqlalchemy.engine.Engine [cached since 0.005263s ago] {'table_name': 'saved_reports', 'param_1': 'r', 'param_2': 'p', 'param_3': 'f', 'param_4': 'v', 'param_5': 'm', 'nspname_1': 'pg_catalog'}
INFO:sqlalchemy.engine.Engine:[cached since 0.005263s ago] {'table_name': 'saved_reports', 'param_1': 'r', 'param_2': 'p', 'param_3': 'f', 'param_4': 'v', 'param_5': 'm', 'nspname_1': 'pg_catalog'}
2026-05-07 09:15:42,826 INFO sqlalchemy.engine.Engine SELECT pg_catalog.pg_class.relname 
FROM pg_catalog.pg_class JOIN pg_catalog.pg_namespace ON pg_catalog.pg_namespace.oid = pg_catalog.pg_class.relnamespace 
WHERE pg_catalog.pg_class.relname = %(table_name)s AND pg_catalog.pg_class.relkind = ANY (ARRAY[%(param_1)s, %(param_2)s, %(param_3)s, %(param_4)s, %(param_5)s]) AND pg_catalog.pg_table_is_visible(pg_catalog.pg_class.oid) AND pg_catalog.pg_namespace.nspname != %(nspname_1)s
INFO:sqlalchemy.engine.Engine:SELECT pg_catalog.pg_class.relname 
FROM pg_catalog.pg_class JOIN pg_catalog.pg_namespace ON pg_catalog.pg_namespace.oid = pg_catalog.pg_class.relnamespace 
WHERE pg_catalog.pg_class.relname = %(table_name)s AND pg_catalog.pg_class.relkind = ANY (ARRAY[%(param_1)s, %(param_2)s, %(param_3)s, %(param_4)s, %(param_5)s]) AND pg_catalog.pg_table_is_visible(pg_catalog.pg_class.oid) AND pg_catalog.pg_namespace.nspname != %(nspname_1)s
2026-05-07 09:15:42,826 INFO sqlalchemy.engine.Engine [cached since 0.005972s ago] {'table_name': 'audit_logs', 'param_1': 'r', 'param_2': 'p', 'param_3': 'f', 'param_4': 'v', 'param_5': 'm', 'nspname_1': 'pg_catalog'}
INFO:sqlalchemy.engine.Engine:[cached since 0.005972s ago] {'table_name': 'audit_logs', 'param_1': 'r', 'param_2': 'p', 'param_3': 'f', 'param_4': 'v', 'param_5': 'm', 'nspname_1': 'pg_catalog'}
2026-05-07 09:15:42,828 INFO sqlalchemy.engine.Engine SELECT pg_catalog.pg_type.typname 
FROM pg_catalog.pg_type JOIN pg_catalog.pg_namespace ON pg_catalog.pg_namespace.oid = pg_catalog.pg_type.typnamespace 
WHERE pg_catalog.pg_type.typname = %(typname_1)s AND pg_catalog.pg_type_is_visible(pg_catalog.pg_type.oid) AND pg_catalog.pg_namespace.nspname != %(nspname_1)s
INFO:sqlalchemy.engine.Engine:SELECT pg_catalog.pg_type.typname 
FROM pg_catalog.pg_type JOIN pg_catalog.pg_namespace ON pg_catalog.pg_namespace.oid = pg_catalog.pg_type.typnamespace 
WHERE pg_catalog.pg_type.typname = %(typname_1)s AND pg_catalog.pg_type_is_visible(pg_catalog.pg_type.oid) AND pg_catalog.pg_namespace.nspname != %(nspname_1)s
2026-05-07 09:15:42,828 INFO sqlalchemy.engine.Engine [generated in 0.00020s] {'typname_1': 'doc_status', 'nspname_1': 'pg_catalog'}
INFO:sqlalchemy.engine.Engine:[generated in 0.00020s] {'typname_1': 'doc_status', 'nspname_1': 'pg_catalog'}
2026-05-07 09:15:42,829 INFO sqlalchemy.engine.Engine COMMIT
INFO:sqlalchemy.engine.Engine:COMMIT
INFO:backend.main:Database tables ensured.
2026-05-07 09:15:42,835 INFO sqlalchemy.engine.Engine BEGIN (implicit)
INFO:sqlalchemy.engine.Engine:BEGIN (implicit)
2026-05-07 09:15:42,837 INFO sqlalchemy.engine.Engine SELECT prompt_templates.id AS prompt_templates_id, prompt_templates.name AS prompt_templates_name, prompt_templates.category AS prompt_templates_category, prompt_templates.template AS prompt_templates_template, prompt_templates.description AS prompt_templates_description, prompt_templates.created_at AS prompt_templates_created_at 
FROM prompt_templates 
WHERE prompt_templates.name = %(name_1)s 
 LIMIT %(param_1)s
INFO:sqlalchemy.engine.Engine:SELECT prompt_templates.id AS prompt_templates_id, prompt_templates.name AS prompt_templates_name, prompt_templates.category AS prompt_templates_category, prompt_templates.template AS prompt_templates_template, prompt_templates.description AS prompt_templates_description, prompt_templates.created_at AS prompt_templates_created_at 
FROM prompt_templates 
WHERE prompt_templates.name = %(name_1)s 
 LIMIT %(param_1)s
2026-05-07 09:15:42,837 INFO sqlalchemy.engine.Engine [generated in 0.00031s] {'name_1': 'Default RAG', 'param_1': 1}
INFO:sqlalchemy.engine.Engine:[generated in 0.00031s] {'name_1': 'Default RAG', 'param_1': 1}
2026-05-07 09:15:42,840 INFO sqlalchemy.engine.Engine SELECT prompt_templates.id AS prompt_templates_id, prompt_templates.name AS prompt_templates_name, prompt_templates.category AS prompt_templates_category, prompt_templates.template AS prompt_templates_template, prompt_templates.description AS prompt_templates_description, prompt_templates.created_at AS prompt_templates_created_at 
FROM prompt_templates 
WHERE prompt_templates.name = %(name_1)s 
 LIMIT %(param_1)s
INFO:sqlalchemy.engine.Engine:SELECT prompt_templates.id AS prompt_templates_id, prompt_templates.name AS prompt_templates_name, prompt_templates.category AS prompt_templates_category, prompt_templates.template AS prompt_templates_template, prompt_templates.description AS prompt_templates_description, prompt_templates.created_at AS prompt_templates_created_at 
FROM prompt_templates 
WHERE prompt_templates.name = %(name_1)s 
 LIMIT %(param_1)s
2026-05-07 09:15:42,840 INFO sqlalchemy.engine.Engine [cached since 0.003045s ago] {'name_1': 'Executive Summary', 'param_1': 1}
INFO:sqlalchemy.engine.Engine:[cached since 0.003045s ago] {'name_1': 'Executive Summary', 'param_1': 1}
2026-05-07 09:15:42,841 INFO sqlalchemy.engine.Engine SELECT prompt_templates.id AS prompt_templates_id, prompt_templates.name AS prompt_templates_name, prompt_templates.category AS prompt_templates_category, prompt_templates.template AS prompt_templates_template, prompt_templates.description AS prompt_templates_description, prompt_templates.created_at AS prompt_templates_created_at 
FROM prompt_templates 
WHERE prompt_templates.name = %(name_1)s 
 LIMIT %(param_1)s
INFO:sqlalchemy.engine.Engine:SELECT prompt_templates.id AS prompt_templates_id, prompt_templates.name AS prompt_templates_name, prompt_templates.category AS prompt_templates_category, prompt_templates.template AS prompt_templates_template, prompt_templates.description AS prompt_templates_description, prompt_templates.created_at AS prompt_templates_created_at 
FROM prompt_templates 
WHERE prompt_templates.name = %(name_1)s 
 LIMIT %(param_1)s
2026-05-07 09:15:42,841 INFO sqlalchemy.engine.Engine [cached since 0.004659s ago] {'name_1': 'Comparative Analysis', 'param_1': 1}
INFO:sqlalchemy.engine.Engine:[cached since 0.004659s ago] {'name_1': 'Comparative Analysis', 'param_1': 1}
2026-05-07 09:15:42,843 INFO sqlalchemy.engine.Engine SELECT prompt_templates.id AS prompt_templates_id, prompt_templates.name AS prompt_templates_name, prompt_templates.category AS prompt_templates_category, prompt_templates.template AS prompt_templates_template, prompt_templates.description AS prompt_templates_description, prompt_templates.created_at AS prompt_templates_created_at 
FROM prompt_templates 
WHERE prompt_templates.name = %(name_1)s 
 LIMIT %(param_1)s
INFO:sqlalchemy.engine.Engine:SELECT prompt_templates.id AS prompt_templates_id, prompt_templates.name AS prompt_templates_name, prompt_templates.category AS prompt_templates_category, prompt_templates.template AS prompt_templates_template, prompt_templates.description AS prompt_templates_description, prompt_templates.created_at AS prompt_templates_created_at 
FROM prompt_templates 
WHERE prompt_templates.name = %(name_1)s 
 LIMIT %(param_1)s
2026-05-07 09:15:42,843 INFO sqlalchemy.engine.Engine [cached since 0.006044s ago] {'name_1': 'Data Extraction', 'param_1': 1}
INFO:sqlalchemy.engine.Engine:[cached since 0.006044s ago] {'name_1': 'Data Extraction', 'param_1': 1}
2026-05-07 09:15:42,843 INFO sqlalchemy.engine.Engine COMMIT
INFO:sqlalchemy.engine.Engine:COMMIT
INFO:backend.prompt_manager:Default prompt templates seeded.
INFO:backend.embeddings:Loading embedding model: BAAI/bge-base-en-v1.5
INFO:sentence_transformers.SentenceTransformer:Use pytorch device_name: cpu
INFO:sentence_transformers.SentenceTransformer:Load pretrained SentenceTransformer: BAAI/bge-base-en-v1.5
INFO:backend.embeddings:Embedding dimension: 768
[0;93m2026-05-07 09:15:43.896560647 [W:onnxruntime:Default, device_discovery.cc:211 DiscoverDevicesForPlatform] GPU device discovery failed: device_discovery.cc:91 ReadFileContents Failed to open file: "/sys/class/drm/card0/device/vendor"[m
ERROR:chromadb.telemetry.product.posthog:Failed to send telemetry event ClientStartEvent: capture() takes 1 positional argument but 3 were given
ERROR:chromadb.telemetry.product.posthog:Failed to send telemetry event ClientCreateCollectionEvent: capture() takes 1 positional argument but 3 were given
INFO:backend.vector_store:ChromaDB collection 'documents' ready (898 items)
INFO:backend.main:Services pre-warmed: embedding model loaded and ready.
INFO:     Application startup complete.
ERROR:    [Errno 98] error while attempting to bind on address ('0.0.0.0', 8000): address already in use
INFO:     Waiting for application shutdown.
INFO:backend.main:Shutdown complete.
INFO:     Application shutdown complete.
INFO:     Started server process [1170375]
INFO:     Waiting for application startup.
INFO:backend.main:Starting AI Knowledge Platform …
2026-05-07 09:16:03,326 INFO sqlalchemy.engine.Engine select pg_catalog.version()
INFO:sqlalchemy.engine.Engine:select pg_catalog.version()
2026-05-07 09:16:03,326 INFO sqlalchemy.engine.Engine [raw sql] {}
INFO:sqlalchemy.engine.Engine:[raw sql] {}
2026-05-07 09:16:03,327 INFO sqlalchemy.engine.Engine select current_schema()
INFO:sqlalchemy.engine.Engine:select current_schema()
2026-05-07 09:16:03,328 INFO sqlalchemy.engine.Engine [raw sql] {}
INFO:sqlalchemy.engine.Engine:[raw sql] {}
2026-05-07 09:16:03,328 INFO sqlalchemy.engine.Engine show standard_conforming_strings
INFO:sqlalchemy.engine.Engine:show standard_conforming_strings
2026-05-07 09:16:03,328 INFO sqlalchemy.engine.Engine [raw sql] {}
INFO:sqlalchemy.engine.Engine:[raw sql] {}
2026-05-07 09:16:03,329 INFO sqlalchemy.engine.Engine BEGIN (implicit)
INFO:sqlalchemy.engine.Engine:BEGIN (implicit)
2026-05-07 09:16:03,334 INFO sqlalchemy.engine.Engine SELECT pg_catalog.pg_class.relname 
FROM pg_catalog.pg_class JOIN pg_catalog.pg_namespace ON pg_catalog.pg_namespace.oid = pg_catalog.pg_class.relnamespace 
WHERE pg_catalog.pg_class.relname = %(table_name)s AND pg_catalog.pg_class.relkind = ANY (ARRAY[%(param_1)s, %(param_2)s, %(param_3)s, %(param_4)s, %(param_5)s]) AND pg_catalog.pg_table_is_visible(pg_catalog.pg_class.oid) AND pg_catalog.pg_namespace.nspname != %(nspname_1)s
INFO:sqlalchemy.engine.Engine:SELECT pg_catalog.pg_class.relname 
FROM pg_catalog.pg_class JOIN pg_catalog.pg_namespace ON pg_catalog.pg_namespace.oid = pg_catalog.pg_class.relnamespace 
WHERE pg_catalog.pg_class.relname = %(table_name)s AND pg_catalog.pg_class.relkind = ANY (ARRAY[%(param_1)s, %(param_2)s, %(param_3)s, %(param_4)s, %(param_5)s]) AND pg_catalog.pg_table_is_visible(pg_catalog.pg_class.oid) AND pg_catalog.pg_namespace.nspname != %(nspname_1)s
2026-05-07 09:16:03,334 INFO sqlalchemy.engine.Engine [generated in 0.00033s] {'table_name': 'documents', 'param_1': 'r', 'param_2': 'p', 'param_3': 'f', 'param_4': 'v', 'param_5': 'm', 'nspname_1': 'pg_catalog'}
INFO:sqlalchemy.engine.Engine:[generated in 0.00033s] {'table_name': 'documents', 'param_1': 'r', 'param_2': 'p', 'param_3': 'f', 'param_4': 'v', 'param_5': 'm', 'nspname_1': 'pg_catalog'}
2026-05-07 09:16:03,336 INFO sqlalchemy.engine.Engine SELECT pg_catalog.pg_class.relname 
FROM pg_catalog.pg_class JOIN pg_catalog.pg_namespace ON pg_catalog.pg_namespace.oid = pg_catalog.pg_class.relnamespace 
WHERE pg_catalog.pg_class.relname = %(table_name)s AND pg_catalog.pg_class.relkind = ANY (ARRAY[%(param_1)s, %(param_2)s, %(param_3)s, %(param_4)s, %(param_5)s]) AND pg_catalog.pg_table_is_visible(pg_catalog.pg_class.oid) AND pg_catalog.pg_namespace.nspname != %(nspname_1)s
INFO:sqlalchemy.engine.Engine:SELECT pg_catalog.pg_class.relname 
FROM pg_catalog.pg_class JOIN pg_catalog.pg_namespace ON pg_catalog.pg_namespace.oid = pg_catalog.pg_class.relnamespace 
WHERE pg_catalog.pg_class.relname = %(table_name)s AND pg_catalog.pg_class.relkind = ANY (ARRAY[%(param_1)s, %(param_2)s, %(param_3)s, %(param_4)s, %(param_5)s]) AND pg_catalog.pg_table_is_visible(pg_catalog.pg_class.oid) AND pg_catalog.pg_namespace.nspname != %(nspname_1)s
2026-05-07 09:16:03,336 INFO sqlalchemy.engine.Engine [cached since 0.002375s ago] {'table_name': 'prompt_templates', 'param_1': 'r', 'param_2': 'p', 'param_3': 'f', 'param_4': 'v', 'param_5': 'm', 'nspname_1': 'pg_catalog'}
INFO:sqlalchemy.engine.Engine:[cached since 0.002375s ago] {'table_name': 'prompt_templates', 'param_1': 'r', 'param_2': 'p', 'param_3': 'f', 'param_4': 'v', 'param_5': 'm', 'nspname_1': 'pg_catalog'}
2026-05-07 09:16:03,337 INFO sqlalchemy.engine.Engine SELECT pg_catalog.pg_class.relname 
FROM pg_catalog.pg_class JOIN pg_catalog.pg_namespace ON pg_catalog.pg_namespace.oid = pg_catalog.pg_class.relnamespace 
WHERE pg_catalog.pg_class.relname = %(table_name)s AND pg_catalog.pg_class.relkind = ANY (ARRAY[%(param_1)s, %(param_2)s, %(param_3)s, %(param_4)s, %(param_5)s]) AND pg_catalog.pg_table_is_visible(pg_catalog.pg_class.oid) AND pg_catalog.pg_namespace.nspname != %(nspname_1)s
INFO:sqlalchemy.engine.Engine:SELECT pg_catalog.pg_class.relname 
FROM pg_catalog.pg_class JOIN pg_catalog.pg_namespace ON pg_catalog.pg_namespace.oid = pg_catalog.pg_class.relnamespace 
WHERE pg_catalog.pg_class.relname = %(table_name)s AND pg_catalog.pg_class.relkind = ANY (ARRAY[%(param_1)s, %(param_2)s, %(param_3)s, %(param_4)s, %(param_5)s]) AND pg_catalog.pg_table_is_visible(pg_catalog.pg_class.oid) AND pg_catalog.pg_namespace.nspname != %(nspname_1)s
2026-05-07 09:16:03,337 INFO sqlalchemy.engine.Engine [cached since 0.003369s ago] {'table_name': 'conversations', 'param_1': 'r', 'param_2': 'p', 'param_3': 'f', 'param_4': 'v', 'param_5': 'm', 'nspname_1': 'pg_catalog'}
INFO:sqlalchemy.engine.Engine:[cached since 0.003369s ago] {'table_name': 'conversations', 'param_1': 'r', 'param_2': 'p', 'param_3': 'f', 'param_4': 'v', 'param_5': 'm', 'nspname_1': 'pg_catalog'}
2026-05-07 09:16:03,338 INFO sqlalchemy.engine.Engine SELECT pg_catalog.pg_class.relname 
FROM pg_catalog.pg_class JOIN pg_catalog.pg_namespace ON pg_catalog.pg_namespace.oid = pg_catalog.pg_class.relnamespace 
WHERE pg_catalog.pg_class.relname = %(table_name)s AND pg_catalog.pg_class.relkind = ANY (ARRAY[%(param_1)s, %(param_2)s, %(param_3)s, %(param_4)s, %(param_5)s]) AND pg_catalog.pg_table_is_visible(pg_catalog.pg_class.oid) AND pg_catalog.pg_namespace.nspname != %(nspname_1)s
INFO:sqlalchemy.engine.Engine:SELECT pg_catalog.pg_class.relname 
FROM pg_catalog.pg_class JOIN pg_catalog.pg_namespace ON pg_catalog.pg_namespace.oid = pg_catalog.pg_class.relnamespace 
WHERE pg_catalog.pg_class.relname = %(table_name)s AND pg_catalog.pg_class.relkind = ANY (ARRAY[%(param_1)s, %(param_2)s, %(param_3)s, %(param_4)s, %(param_5)s]) AND pg_catalog.pg_table_is_visible(pg_catalog.pg_class.oid) AND pg_catalog.pg_namespace.nspname != %(nspname_1)s
2026-05-07 09:16:03,338 INFO sqlalchemy.engine.Engine [cached since 0.004252s ago] {'table_name': 'users', 'param_1': 'r', 'param_2': 'p', 'param_3': 'f', 'param_4': 'v', 'param_5': 'm', 'nspname_1': 'pg_catalog'}
INFO:sqlalchemy.engine.Engine:[cached since 0.004252s ago] {'table_name': 'users', 'param_1': 'r', 'param_2': 'p', 'param_3': 'f', 'param_4': 'v', 'param_5': 'm', 'nspname_1': 'pg_catalog'}
2026-05-07 09:16:03,339 INFO sqlalchemy.engine.Engine SELECT pg_catalog.pg_class.relname 
FROM pg_catalog.pg_class JOIN pg_catalog.pg_namespace ON pg_catalog.pg_namespace.oid = pg_catalog.pg_class.relnamespace 
WHERE pg_catalog.pg_class.relname = %(table_name)s AND pg_catalog.pg_class.relkind = ANY (ARRAY[%(param_1)s, %(param_2)s, %(param_3)s, %(param_4)s, %(param_5)s]) AND pg_catalog.pg_table_is_visible(pg_catalog.pg_class.oid) AND pg_catalog.pg_namespace.nspname != %(nspname_1)s
INFO:sqlalchemy.engine.Engine:SELECT pg_catalog.pg_class.relname 
FROM pg_catalog.pg_class JOIN pg_catalog.pg_namespace ON pg_catalog.pg_namespace.oid = pg_catalog.pg_class.relnamespace 
WHERE pg_catalog.pg_class.relname = %(table_name)s AND pg_catalog.pg_class.relkind = ANY (ARRAY[%(param_1)s, %(param_2)s, %(param_3)s, %(param_4)s, %(param_5)s]) AND pg_catalog.pg_table_is_visible(pg_catalog.pg_class.oid) AND pg_catalog.pg_namespace.nspname != %(nspname_1)s
2026-05-07 09:16:03,339 INFO sqlalchemy.engine.Engine [cached since 0.005086s ago] {'table_name': 'llm_usage', 'param_1': 'r', 'param_2': 'p', 'param_3': 'f', 'param_4': 'v', 'param_5': 'm', 'nspname_1': 'pg_catalog'}
INFO:sqlalchemy.engine.Engine:[cached since 0.005086s ago] {'table_name': 'llm_usage', 'param_1': 'r', 'param_2': 'p', 'param_3': 'f', 'param_4': 'v', 'param_5': 'm', 'nspname_1': 'pg_catalog'}
2026-05-07 09:16:03,340 INFO sqlalchemy.engine.Engine SELECT pg_catalog.pg_class.relname 
FROM pg_catalog.pg_class JOIN pg_catalog.pg_namespace ON pg_catalog.pg_namespace.oid = pg_catalog.pg_class.relnamespace 
WHERE pg_catalog.pg_class.relname = %(table_name)s AND pg_catalog.pg_class.relkind = ANY (ARRAY[%(param_1)s, %(param_2)s, %(param_3)s, %(param_4)s, %(param_5)s]) AND pg_catalog.pg_table_is_visible(pg_catalog.pg_class.oid) AND pg_catalog.pg_namespace.nspname != %(nspname_1)s
INFO:sqlalchemy.engine.Engine:SELECT pg_catalog.pg_class.relname 
FROM pg_catalog.pg_class JOIN pg_catalog.pg_namespace ON pg_catalog.pg_namespace.oid = pg_catalog.pg_class.relnamespace 
WHERE pg_catalog.pg_class.relname = %(table_name)s AND pg_catalog.pg_class.relkind = ANY (ARRAY[%(param_1)s, %(param_2)s, %(param_3)s, %(param_4)s, %(param_5)s]) AND pg_catalog.pg_table_is_visible(pg_catalog.pg_class.oid) AND pg_catalog.pg_namespace.nspname != %(nspname_1)s
2026-05-07 09:16:03,340 INFO sqlalchemy.engine.Engine [cached since 0.005863s ago] {'table_name': 'saved_reports', 'param_1': 'r', 'param_2': 'p', 'param_3': 'f', 'param_4': 'v', 'param_5': 'm', 'nspname_1': 'pg_catalog'}
INFO:sqlalchemy.engine.Engine:[cached since 0.005863s ago] {'table_name': 'saved_reports', 'param_1': 'r', 'param_2': 'p', 'param_3': 'f', 'param_4': 'v', 'param_5': 'm', 'nspname_1': 'pg_catalog'}
2026-05-07 09:16:03,340 INFO sqlalchemy.engine.Engine SELECT pg_catalog.pg_class.relname 
FROM pg_catalog.pg_class JOIN pg_catalog.pg_namespace ON pg_catalog.pg_namespace.oid = pg_catalog.pg_class.relnamespace 
WHERE pg_catalog.pg_class.relname = %(table_name)s AND pg_catalog.pg_class.relkind = ANY (ARRAY[%(param_1)s, %(param_2)s, %(param_3)s, %(param_4)s, %(param_5)s]) AND pg_catalog.pg_table_is_visible(pg_catalog.pg_class.oid) AND pg_catalog.pg_namespace.nspname != %(nspname_1)s
INFO:sqlalchemy.engine.Engine:SELECT pg_catalog.pg_class.relname 
FROM pg_catalog.pg_class JOIN pg_catalog.pg_namespace ON pg_catalog.pg_namespace.oid = pg_catalog.pg_class.relnamespace 
WHERE pg_catalog.pg_class.relname = %(table_name)s AND pg_catalog.pg_class.relkind = ANY (ARRAY[%(param_1)s, %(param_2)s, %(param_3)s, %(param_4)s, %(param_5)s]) AND pg_catalog.pg_table_is_visible(pg_catalog.pg_class.oid) AND pg_catalog.pg_namespace.nspname != %(nspname_1)s
2026-05-07 09:16:03,340 INFO sqlalchemy.engine.Engine [cached since 0.006658s ago] {'table_name': 'audit_logs', 'param_1': 'r', 'param_2': 'p', 'param_3': 'f', 'param_4': 'v', 'param_5': 'm', 'nspname_1': 'pg_catalog'}
INFO:sqlalchemy.engine.Engine:[cached since 0.006658s ago] {'table_name': 'audit_logs', 'param_1': 'r', 'param_2': 'p', 'param_3': 'f', 'param_4': 'v', 'param_5': 'm', 'nspname_1': 'pg_catalog'}
2026-05-07 09:16:03,343 INFO sqlalchemy.engine.Engine SELECT pg_catalog.pg_type.typname 
FROM pg_catalog.pg_type JOIN pg_catalog.pg_namespace ON pg_catalog.pg_namespace.oid = pg_catalog.pg_type.typnamespace 
WHERE pg_catalog.pg_type.typname = %(typname_1)s AND pg_catalog.pg_type_is_visible(pg_catalog.pg_type.oid) AND pg_catalog.pg_namespace.nspname != %(nspname_1)s
INFO:sqlalchemy.engine.Engine:SELECT pg_catalog.pg_type.typname 
FROM pg_catalog.pg_type JOIN pg_catalog.pg_namespace ON pg_catalog.pg_namespace.oid = pg_catalog.pg_type.typnamespace 
WHERE pg_catalog.pg_type.typname = %(typname_1)s AND pg_catalog.pg_type_is_visible(pg_catalog.pg_type.oid) AND pg_catalog.pg_namespace.nspname != %(nspname_1)s
2026-05-07 09:16:03,343 INFO sqlalchemy.engine.Engine [generated in 0.00019s] {'typname_1': 'doc_status', 'nspname_1': 'pg_catalog'}
INFO:sqlalchemy.engine.Engine:[generated in 0.00019s] {'typname_1': 'doc_status', 'nspname_1': 'pg_catalog'}
2026-05-07 09:16:03,343 INFO sqlalchemy.engine.Engine COMMIT
INFO:sqlalchemy.engine.Engine:COMMIT
INFO:backend.main:Database tables ensured.
2026-05-07 09:16:03,349 INFO sqlalchemy.engine.Engine BEGIN (implicit)
INFO:sqlalchemy.engine.Engine:BEGIN (implicit)
2026-05-07 09:16:03,351 INFO sqlalchemy.engine.Engine SELECT prompt_templates.id AS prompt_templates_id, prompt_templates.name AS prompt_templates_name, prompt_templates.category AS prompt_templates_category, prompt_templates.template AS prompt_templates_template, prompt_templates.description AS prompt_templates_description, prompt_templates.created_at AS prompt_templates_created_at 
FROM prompt_templates 
WHERE prompt_templates.name = %(name_1)s 
 LIMIT %(param_1)s
INFO:sqlalchemy.engine.Engine:SELECT prompt_templates.id AS prompt_templates_id, prompt_templates.name AS prompt_templates_name, prompt_templates.category AS prompt_templates_category, prompt_templates.template AS prompt_templates_template, prompt_templates.description AS prompt_templates_description, prompt_templates.created_at AS prompt_templates_created_at 
FROM prompt_templates 
WHERE prompt_templates.name = %(name_1)s 
 LIMIT %(param_1)s
2026-05-07 09:16:03,351 INFO sqlalchemy.engine.Engine [generated in 0.00023s] {'name_1': 'Default RAG', 'param_1': 1}
INFO:sqlalchemy.engine.Engine:[generated in 0.00023s] {'name_1': 'Default RAG', 'param_1': 1}
2026-05-07 09:16:03,353 INFO sqlalchemy.engine.Engine SELECT prompt_templates.id AS prompt_templates_id, prompt_templates.name AS prompt_templates_name, prompt_templates.category AS prompt_templates_category, prompt_templates.template AS prompt_templates_template, prompt_templates.description AS prompt_templates_description, prompt_templates.created_at AS prompt_templates_created_at 
FROM prompt_templates 
WHERE prompt_templates.name = %(name_1)s 
 LIMIT %(param_1)s
INFO:sqlalchemy.engine.Engine:SELECT prompt_templates.id AS prompt_templates_id, prompt_templates.name AS prompt_templates_name, prompt_templates.category AS prompt_templates_category, prompt_templates.template AS prompt_templates_template, prompt_templates.description AS prompt_templates_description, prompt_templates.created_at AS prompt_templates_created_at 
FROM prompt_templates 
WHERE prompt_templates.name = %(name_1)s 
 LIMIT %(param_1)s
2026-05-07 09:16:03,353 INFO sqlalchemy.engine.Engine [cached since 0.002222s ago] {'name_1': 'Executive Summary', 'param_1': 1}
INFO:sqlalchemy.engine.Engine:[cached since 0.002222s ago] {'name_1': 'Executive Summary', 'param_1': 1}
2026-05-07 09:16:03,354 INFO sqlalchemy.engine.Engine SELECT prompt_templates.id AS prompt_templates_id, prompt_templates.name AS prompt_templates_name, prompt_templates.category AS prompt_templates_category, prompt_templates.template AS prompt_templates_template, prompt_templates.description AS prompt_templates_description, prompt_templates.created_at AS prompt_templates_created_at 
FROM prompt_templates 
WHERE prompt_templates.name = %(name_1)s 
 LIMIT %(param_1)s
INFO:sqlalchemy.engine.Engine:SELECT prompt_templates.id AS prompt_templates_id, prompt_templates.name AS prompt_templates_name, prompt_templates.category AS prompt_templates_category, prompt_templates.template AS prompt_templates_template, prompt_templates.description AS prompt_templates_description, prompt_templates.created_at AS prompt_templates_created_at 
FROM prompt_templates 
WHERE prompt_templates.name = %(name_1)s 
 LIMIT %(param_1)s
2026-05-07 09:16:03,355 INFO sqlalchemy.engine.Engine [cached since 0.003443s ago] {'name_1': 'Comparative Analysis', 'param_1': 1}
INFO:sqlalchemy.engine.Engine:[cached since 0.003443s ago] {'name_1': 'Comparative Analysis', 'param_1': 1}
2026-05-07 09:16:03,356 INFO sqlalchemy.engine.Engine SELECT prompt_templates.id AS prompt_templates_id, prompt_templates.name AS prompt_templates_name, prompt_templates.category AS prompt_templates_category, prompt_templates.template AS prompt_templates_template, prompt_templates.description AS prompt_templates_description, prompt_templates.created_at AS prompt_templates_created_at 
FROM prompt_templates 
WHERE prompt_templates.name = %(name_1)s 
 LIMIT %(param_1)s
INFO:sqlalchemy.engine.Engine:SELECT prompt_templates.id AS prompt_templates_id, prompt_templates.name AS prompt_templates_name, prompt_templates.category AS prompt_templates_category, prompt_templates.template AS prompt_templates_template, prompt_templates.description AS prompt_templates_description, prompt_templates.created_at AS prompt_templates_created_at 
FROM prompt_templates 
WHERE prompt_templates.name = %(name_1)s 
 LIMIT %(param_1)s
2026-05-07 09:16:03,356 INFO sqlalchemy.engine.Engine [cached since 0.004526s ago] {'name_1': 'Data Extraction', 'param_1': 1}
INFO:sqlalchemy.engine.Engine:[cached since 0.004526s ago] {'name_1': 'Data Extraction', 'param_1': 1}
2026-05-07 09:16:03,356 INFO sqlalchemy.engine.Engine COMMIT
INFO:sqlalchemy.engine.Engine:COMMIT
INFO:backend.prompt_manager:Default prompt templates seeded.
INFO:backend.embeddings:Loading embedding model: BAAI/bge-base-en-v1.5
INFO:sentence_transformers.SentenceTransformer:Use pytorch device_name: cpu
INFO:sentence_transformers.SentenceTransformer:Load pretrained SentenceTransformer: BAAI/bge-base-en-v1.5
INFO:backend.embeddings:Embedding dimension: 768
[0;93m2026-05-07 09:16:04.506392491 [W:onnxruntime:Default, device_discovery.cc:211 DiscoverDevicesForPlatform] GPU device discovery failed: device_discovery.cc:91 ReadFileContents Failed to open file: "/sys/class/drm/card0/device/vendor"[m
ERROR:chromadb.telemetry.product.posthog:Failed to send telemetry event ClientStartEvent: capture() takes 1 positional argument but 3 were given
ERROR:chromadb.telemetry.product.posthog:Failed to send telemetry event ClientCreateCollectionEvent: capture() takes 1 positional argument but 3 were given
INFO:backend.vector_store:ChromaDB collection 'documents' ready (898 items)
INFO:backend.main:Services pre-warmed: embedding model loaded and ready.
INFO:     Application startup complete.
ERROR:    [Errno 98] error while attempting to bind on address ('0.0.0.0', 8000): address already in use
INFO:     Waiting for application shutdown.
INFO:backend.main:Shutdown complete.
INFO:     Application shutdown complete.
INFO:     Started server process [1170469]
INFO:     Waiting for application startup.
INFO:backend.main:Starting AI Knowledge Platform …
2026-05-07 09:16:24,059 INFO sqlalchemy.engine.Engine select pg_catalog.version()
INFO:sqlalchemy.engine.Engine:select pg_catalog.version()
2026-05-07 09:16:24,060 INFO sqlalchemy.engine.Engine [raw sql] {}
INFO:sqlalchemy.engine.Engine:[raw sql] {}
2026-05-07 09:16:24,061 INFO sqlalchemy.engine.Engine select current_schema()
INFO:sqlalchemy.engine.Engine:select current_schema()
2026-05-07 09:16:24,061 INFO sqlalchemy.engine.Engine [raw sql] {}
INFO:sqlalchemy.engine.Engine:[raw sql] {}
2026-05-07 09:16:24,061 INFO sqlalchemy.engine.Engine show standard_conforming_strings
INFO:sqlalchemy.engine.Engine:show standard_conforming_strings
2026-05-07 09:16:24,062 INFO sqlalchemy.engine.Engine [raw sql] {}
INFO:sqlalchemy.engine.Engine:[raw sql] {}
2026-05-07 09:16:24,062 INFO sqlalchemy.engine.Engine BEGIN (implicit)
INFO:sqlalchemy.engine.Engine:BEGIN (implicit)
2026-05-07 09:16:24,066 INFO sqlalchemy.engine.Engine SELECT pg_catalog.pg_class.relname 
FROM pg_catalog.pg_class JOIN pg_catalog.pg_namespace ON pg_catalog.pg_namespace.oid = pg_catalog.pg_class.relnamespace 
WHERE pg_catalog.pg_class.relname = %(table_name)s AND pg_catalog.pg_class.relkind = ANY (ARRAY[%(param_1)s, %(param_2)s, %(param_3)s, %(param_4)s, %(param_5)s]) AND pg_catalog.pg_table_is_visible(pg_catalog.pg_class.oid) AND pg_catalog.pg_namespace.nspname != %(nspname_1)s
INFO:sqlalchemy.engine.Engine:SELECT pg_catalog.pg_class.relname 
FROM pg_catalog.pg_class JOIN pg_catalog.pg_namespace ON pg_catalog.pg_namespace.oid = pg_catalog.pg_class.relnamespace 
WHERE pg_catalog.pg_class.relname = %(table_name)s AND pg_catalog.pg_class.relkind = ANY (ARRAY[%(param_1)s, %(param_2)s, %(param_3)s, %(param_4)s, %(param_5)s]) AND pg_catalog.pg_table_is_visible(pg_catalog.pg_class.oid) AND pg_catalog.pg_namespace.nspname != %(nspname_1)s
2026-05-07 09:16:24,067 INFO sqlalchemy.engine.Engine [generated in 0.00028s] {'table_name': 'documents', 'param_1': 'r', 'param_2': 'p', 'param_3': 'f', 'param_4': 'v', 'param_5': 'm', 'nspname_1': 'pg_catalog'}
INFO:sqlalchemy.engine.Engine:[generated in 0.00028s] {'table_name': 'documents', 'param_1': 'r', 'param_2': 'p', 'param_3': 'f', 'param_4': 'v', 'param_5': 'm', 'nspname_1': 'pg_catalog'}
2026-05-07 09:16:24,068 INFO sqlalchemy.engine.Engine SELECT pg_catalog.pg_class.relname 
FROM pg_catalog.pg_class JOIN pg_catalog.pg_namespace ON pg_catalog.pg_namespace.oid = pg_catalog.pg_class.relnamespace 
WHERE pg_catalog.pg_class.relname = %(table_name)s AND pg_catalog.pg_class.relkind = ANY (ARRAY[%(param_1)s, %(param_2)s, %(param_3)s, %(param_4)s, %(param_5)s]) AND pg_catalog.pg_table_is_visible(pg_catalog.pg_class.oid) AND pg_catalog.pg_namespace.nspname != %(nspname_1)s
INFO:sqlalchemy.engine.Engine:SELECT pg_catalog.pg_class.relname 
FROM pg_catalog.pg_class JOIN pg_catalog.pg_namespace ON pg_catalog.pg_namespace.oid = pg_catalog.pg_class.relnamespace 
WHERE pg_catalog.pg_class.relname = %(table_name)s AND pg_catalog.pg_class.relkind = ANY (ARRAY[%(param_1)s, %(param_2)s, %(param_3)s, %(param_4)s, %(param_5)s]) AND pg_catalog.pg_table_is_visible(pg_catalog.pg_class.oid) AND pg_catalog.pg_namespace.nspname != %(nspname_1)s
2026-05-07 09:16:24,068 INFO sqlalchemy.engine.Engine [cached since 0.002163s ago] {'table_name': 'prompt_templates', 'param_1': 'r', 'param_2': 'p', 'param_3': 'f', 'param_4': 'v', 'param_5': 'm', 'nspname_1': 'pg_catalog'}
INFO:sqlalchemy.engine.Engine:[cached since 0.002163s ago] {'table_name': 'prompt_templates', 'param_1': 'r', 'param_2': 'p', 'param_3': 'f', 'param_4': 'v', 'param_5': 'm', 'nspname_1': 'pg_catalog'}
2026-05-07 09:16:24,069 INFO sqlalchemy.engine.Engine SELECT pg_catalog.pg_class.relname 
FROM pg_catalog.pg_class JOIN pg_catalog.pg_namespace ON pg_catalog.pg_namespace.oid = pg_catalog.pg_class.relnamespace 
WHERE pg_catalog.pg_class.relname = %(table_name)s AND pg_catalog.pg_class.relkind = ANY (ARRAY[%(param_1)s, %(param_2)s, %(param_3)s, %(param_4)s, %(param_5)s]) AND pg_catalog.pg_table_is_visible(pg_catalog.pg_class.oid) AND pg_catalog.pg_namespace.nspname != %(nspname_1)s
INFO:sqlalchemy.engine.Engine:SELECT pg_catalog.pg_class.relname 
FROM pg_catalog.pg_class JOIN pg_catalog.pg_namespace ON pg_catalog.pg_namespace.oid = pg_catalog.pg_class.relnamespace 
WHERE pg_catalog.pg_class.relname = %(table_name)s AND pg_catalog.pg_class.relkind = ANY (ARRAY[%(param_1)s, %(param_2)s, %(param_3)s, %(param_4)s, %(param_5)s]) AND pg_catalog.pg_table_is_visible(pg_catalog.pg_class.oid) AND pg_catalog.pg_namespace.nspname != %(nspname_1)s
2026-05-07 09:16:24,069 INFO sqlalchemy.engine.Engine [cached since 0.003083s ago] {'table_name': 'conversations', 'param_1': 'r', 'param_2': 'p', 'param_3': 'f', 'param_4': 'v', 'param_5': 'm', 'nspname_1': 'pg_catalog'}
INFO:sqlalchemy.engine.Engine:[cached since 0.003083s ago] {'table_name': 'conversations', 'param_1': 'r', 'param_2': 'p', 'param_3': 'f', 'param_4': 'v', 'param_5': 'm', 'nspname_1': 'pg_catalog'}
2026-05-07 09:16:24,070 INFO sqlalchemy.engine.Engine SELECT pg_catalog.pg_class.relname 
FROM pg_catalog.pg_class JOIN pg_catalog.pg_namespace ON pg_catalog.pg_namespace.oid = pg_catalog.pg_class.relnamespace 
WHERE pg_catalog.pg_class.relname = %(table_name)s AND pg_catalog.pg_class.relkind = ANY (ARRAY[%(param_1)s, %(param_2)s, %(param_3)s, %(param_4)s, %(param_5)s]) AND pg_catalog.pg_table_is_visible(pg_catalog.pg_class.oid) AND pg_catalog.pg_namespace.nspname != %(nspname_1)s
INFO:sqlalchemy.engine.Engine:SELECT pg_catalog.pg_class.relname 
FROM pg_catalog.pg_class JOIN pg_catalog.pg_namespace ON pg_catalog.pg_namespace.oid = pg_catalog.pg_class.relnamespace 
WHERE pg_catalog.pg_class.relname = %(table_name)s AND pg_catalog.pg_class.relkind = ANY (ARRAY[%(param_1)s, %(param_2)s, %(param_3)s, %(param_4)s, %(param_5)s]) AND pg_catalog.pg_table_is_visible(pg_catalog.pg_class.oid) AND pg_catalog.pg_namespace.nspname != %(nspname_1)s
2026-05-07 09:16:24,070 INFO sqlalchemy.engine.Engine [cached since 0.003879s ago] {'table_name': 'users', 'param_1': 'r', 'param_2': 'p', 'param_3': 'f', 'param_4': 'v', 'param_5': 'm', 'nspname_1': 'pg_catalog'}
INFO:sqlalchemy.engine.Engine:[cached since 0.003879s ago] {'table_name': 'users', 'param_1': 'r', 'param_2': 'p', 'param_3': 'f', 'param_4': 'v', 'param_5': 'm', 'nspname_1': 'pg_catalog'}
2026-05-07 09:16:24,071 INFO sqlalchemy.engine.Engine SELECT pg_catalog.pg_class.relname 
FROM pg_catalog.pg_class JOIN pg_catalog.pg_namespace ON pg_catalog.pg_namespace.oid = pg_catalog.pg_class.relnamespace 
WHERE pg_catalog.pg_class.relname = %(table_name)s AND pg_catalog.pg_class.relkind = ANY (ARRAY[%(param_1)s, %(param_2)s, %(param_3)s, %(param_4)s, %(param_5)s]) AND pg_catalog.pg_table_is_visible(pg_catalog.pg_class.oid) AND pg_catalog.pg_namespace.nspname != %(nspname_1)s
INFO:sqlalchemy.engine.Engine:SELECT pg_catalog.pg_class.relname 
FROM pg_catalog.pg_class JOIN pg_catalog.pg_namespace ON pg_catalog.pg_namespace.oid = pg_catalog.pg_class.relnamespace 
WHERE pg_catalog.pg_class.relname = %(table_name)s AND pg_catalog.pg_class.relkind = ANY (ARRAY[%(param_1)s, %(param_2)s, %(param_3)s, %(param_4)s, %(param_5)s]) AND pg_catalog.pg_table_is_visible(pg_catalog.pg_class.oid) AND pg_catalog.pg_namespace.nspname != %(nspname_1)s
2026-05-07 09:16:24,071 INFO sqlalchemy.engine.Engine [cached since 0.004659s ago] {'table_name': 'llm_usage', 'param_1': 'r', 'param_2': 'p', 'param_3': 'f', 'param_4': 'v', 'param_5': 'm', 'nspname_1': 'pg_catalog'}
INFO:sqlalchemy.engine.Engine:[cached since 0.004659s ago] {'table_name': 'llm_usage', 'param_1': 'r', 'param_2': 'p', 'param_3': 'f', 'param_4': 'v', 'param_5': 'm', 'nspname_1': 'pg_catalog'}
2026-05-07 09:16:24,072 INFO sqlalchemy.engine.Engine SELECT pg_catalog.pg_class.relname 
FROM pg_catalog.pg_class JOIN pg_catalog.pg_namespace ON pg_catalog.pg_namespace.oid = pg_catalog.pg_class.relnamespace 
WHERE pg_catalog.pg_class.relname = %(table_name)s AND pg_catalog.pg_class.relkind = ANY (ARRAY[%(param_1)s, %(param_2)s, %(param_3)s, %(param_4)s, %(param_5)s]) AND pg_catalog.pg_table_is_visible(pg_catalog.pg_class.oid) AND pg_catalog.pg_namespace.nspname != %(nspname_1)s
INFO:sqlalchemy.engine.Engine:SELECT pg_catalog.pg_class.relname 
FROM pg_catalog.pg_class JOIN pg_catalog.pg_namespace ON pg_catalog.pg_namespace.oid = pg_catalog.pg_class.relnamespace 
WHERE pg_catalog.pg_class.relname = %(table_name)s AND pg_catalog.pg_class.relkind = ANY (ARRAY[%(param_1)s, %(param_2)s, %(param_3)s, %(param_4)s, %(param_5)s]) AND pg_catalog.pg_table_is_visible(pg_catalog.pg_class.oid) AND pg_catalog.pg_namespace.nspname != %(nspname_1)s
2026-05-07 09:16:24,072 INFO sqlalchemy.engine.Engine [cached since 0.005406s ago] {'table_name': 'saved_reports', 'param_1': 'r', 'param_2': 'p', 'param_3': 'f', 'param_4': 'v', 'param_5': 'm', 'nspname_1': 'pg_catalog'}
INFO:sqlalchemy.engine.Engine:[cached since 0.005406s ago] {'table_name': 'saved_reports', 'param_1': 'r', 'param_2': 'p', 'param_3': 'f', 'param_4': 'v', 'param_5': 'm', 'nspname_1': 'pg_catalog'}
2026-05-07 09:16:24,072 INFO sqlalchemy.engine.Engine SELECT pg_catalog.pg_class.relname 
FROM pg_catalog.pg_class JOIN pg_catalog.pg_namespace ON pg_catalog.pg_namespace.oid = pg_catalog.pg_class.relnamespace 
WHERE pg_catalog.pg_class.relname = %(table_name)s AND pg_catalog.pg_class.relkind = ANY (ARRAY[%(param_1)s, %(param_2)s, %(param_3)s, %(param_4)s, %(param_5)s]) AND pg_catalog.pg_table_is_visible(pg_catalog.pg_class.oid) AND pg_catalog.pg_namespace.nspname != %(nspname_1)s
INFO:sqlalchemy.engine.Engine:SELECT pg_catalog.pg_class.relname 
FROM pg_catalog.pg_class JOIN pg_catalog.pg_namespace ON pg_catalog.pg_namespace.oid = pg_catalog.pg_class.relnamespace 
WHERE pg_catalog.pg_class.relname = %(table_name)s AND pg_catalog.pg_class.relkind = ANY (ARRAY[%(param_1)s, %(param_2)s, %(param_3)s, %(param_4)s, %(param_5)s]) AND pg_catalog.pg_table_is_visible(pg_catalog.pg_class.oid) AND pg_catalog.pg_namespace.nspname != %(nspname_1)s
2026-05-07 09:16:24,072 INFO sqlalchemy.engine.Engine [cached since 0.006126s ago] {'table_name': 'audit_logs', 'param_1': 'r', 'param_2': 'p', 'param_3': 'f', 'param_4': 'v', 'param_5': 'm', 'nspname_1': 'pg_catalog'}
INFO:sqlalchemy.engine.Engine:[cached since 0.006126s ago] {'table_name': 'audit_logs', 'param_1': 'r', 'param_2': 'p', 'param_3': 'f', 'param_4': 'v', 'param_5': 'm', 'nspname_1': 'pg_catalog'}
2026-05-07 09:16:24,075 INFO sqlalchemy.engine.Engine SELECT pg_catalog.pg_type.typname 
FROM pg_catalog.pg_type JOIN pg_catalog.pg_namespace ON pg_catalog.pg_namespace.oid = pg_catalog.pg_type.typnamespace 
WHERE pg_catalog.pg_type.typname = %(typname_1)s AND pg_catalog.pg_type_is_visible(pg_catalog.pg_type.oid) AND pg_catalog.pg_namespace.nspname != %(nspname_1)s
INFO:sqlalchemy.engine.Engine:SELECT pg_catalog.pg_type.typname 
FROM pg_catalog.pg_type JOIN pg_catalog.pg_namespace ON pg_catalog.pg_namespace.oid = pg_catalog.pg_type.typnamespace 
WHERE pg_catalog.pg_type.typname = %(typname_1)s AND pg_catalog.pg_type_is_visible(pg_catalog.pg_type.oid) AND pg_catalog.pg_namespace.nspname != %(nspname_1)s
2026-05-07 09:16:24,075 INFO sqlalchemy.engine.Engine [generated in 0.00020s] {'typname_1': 'doc_status', 'nspname_1': 'pg_catalog'}
INFO:sqlalchemy.engine.Engine:[generated in 0.00020s] {'typname_1': 'doc_status', 'nspname_1': 'pg_catalog'}
2026-05-07 09:16:24,075 INFO sqlalchemy.engine.Engine COMMIT
INFO:sqlalchemy.engine.Engine:COMMIT
INFO:backend.main:Database tables ensured.
2026-05-07 09:16:24,081 INFO sqlalchemy.engine.Engine BEGIN (implicit)
INFO:sqlalchemy.engine.Engine:BEGIN (implicit)
2026-05-07 09:16:24,083 INFO sqlalchemy.engine.Engine SELECT prompt_templates.id AS prompt_templates_id, prompt_templates.name AS prompt_templates_name, prompt_templates.category AS prompt_templates_category, prompt_templates.template AS prompt_templates_template, prompt_templates.description AS prompt_templates_description, prompt_templates.created_at AS prompt_templates_created_at 
FROM prompt_templates 
WHERE prompt_templates.name = %(name_1)s 
 LIMIT %(param_1)s
INFO:sqlalchemy.engine.Engine:SELECT prompt_templates.id AS prompt_templates_id, prompt_templates.name AS prompt_templates_name, prompt_templates.category AS prompt_templates_category, prompt_templates.template AS prompt_templates_template, prompt_templates.description AS prompt_templates_description, prompt_templates.created_at AS prompt_templates_created_at 
FROM prompt_templates 
WHERE prompt_templates.name = %(name_1)s 
 LIMIT %(param_1)s
2026-05-07 09:16:24,084 INFO sqlalchemy.engine.Engine [generated in 0.00027s] {'name_1': 'Default RAG', 'param_1': 1}
INFO:sqlalchemy.engine.Engine:[generated in 0.00027s] {'name_1': 'Default RAG', 'param_1': 1}
2026-05-07 09:16:24,086 INFO sqlalchemy.engine.Engine SELECT prompt_templates.id AS prompt_templates_id, prompt_templates.name AS prompt_templates_name, prompt_templates.category AS prompt_templates_category, prompt_templates.template AS prompt_templates_template, prompt_templates.description AS prompt_templates_description, prompt_templates.created_at AS prompt_templates_created_at 
FROM prompt_templates 
WHERE prompt_templates.name = %(name_1)s 
 LIMIT %(param_1)s
INFO:sqlalchemy.engine.Engine:SELECT prompt_templates.id AS prompt_templates_id, prompt_templates.name AS prompt_templates_name, prompt_templates.category AS prompt_templates_category, prompt_templates.template AS prompt_templates_template, prompt_templates.description AS prompt_templates_description, prompt_templates.created_at AS prompt_templates_created_at 
FROM prompt_templates 
WHERE prompt_templates.name = %(name_1)s 
 LIMIT %(param_1)s
2026-05-07 09:16:24,086 INFO sqlalchemy.engine.Engine [cached since 0.002457s ago] {'name_1': 'Executive Summary', 'param_1': 1}
INFO:sqlalchemy.engine.Engine:[cached since 0.002457s ago] {'name_1': 'Executive Summary', 'param_1': 1}
2026-05-07 09:16:24,087 INFO sqlalchemy.engine.Engine SELECT prompt_templates.id AS prompt_templates_id, prompt_templates.name AS prompt_templates_name, prompt_templates.category AS prompt_templates_category, prompt_templates.template AS prompt_templates_template, prompt_templates.description AS prompt_templates_description, prompt_templates.created_at AS prompt_templates_created_at 
FROM prompt_templates 
WHERE prompt_templates.name = %(name_1)s 
 LIMIT %(param_1)s
INFO:sqlalchemy.engine.Engine:SELECT prompt_templates.id AS prompt_templates_id, prompt_templates.name AS prompt_templates_name, prompt_templates.category AS prompt_templates_category, prompt_templates.template AS prompt_templates_template, prompt_templates.description AS prompt_templates_description, prompt_templates.created_at AS prompt_templates_created_at 
FROM prompt_templates 
WHERE prompt_templates.name = %(name_1)s 
 LIMIT %(param_1)s
2026-05-07 09:16:24,087 INFO sqlalchemy.engine.Engine [cached since 0.003659s ago] {'name_1': 'Comparative Analysis', 'param_1': 1}
INFO:sqlalchemy.engine.Engine:[cached since 0.003659s ago] {'name_1': 'Comparative Analysis', 'param_1': 1}
2026-05-07 09:16:24,088 INFO sqlalchemy.engine.Engine SELECT prompt_templates.id AS prompt_templates_id, prompt_templates.name AS prompt_templates_name, prompt_templates.category AS prompt_templates_category, prompt_templates.template AS prompt_templates_template, prompt_templates.description AS prompt_templates_description, prompt_templates.created_at AS prompt_templates_created_at 
FROM prompt_templates 
WHERE prompt_templates.name = %(name_1)s 
 LIMIT %(param_1)s
INFO:sqlalchemy.engine.Engine:SELECT prompt_templates.id AS prompt_templates_id, prompt_templates.name AS prompt_templates_name, prompt_templates.category AS prompt_templates_category, prompt_templates.template AS prompt_templates_template, prompt_templates.description AS prompt_templates_description, prompt_templates.created_at AS prompt_templates_created_at 
FROM prompt_templates 
WHERE prompt_templates.name = %(name_1)s 
 LIMIT %(param_1)s
2026-05-07 09:16:24,088 INFO sqlalchemy.engine.Engine [cached since 0.004657s ago] {'name_1': 'Data Extraction', 'param_1': 1}
INFO:sqlalchemy.engine.Engine:[cached since 0.004657s ago] {'name_1': 'Data Extraction', 'param_1': 1}
2026-05-07 09:16:24,089 INFO sqlalchemy.engine.Engine COMMIT
INFO:sqlalchemy.engine.Engine:COMMIT
INFO:backend.prompt_manager:Default prompt templates seeded.
INFO:backend.embeddings:Loading embedding model: BAAI/bge-base-en-v1.5
INFO:sentence_transformers.SentenceTransformer:Use pytorch device_name: cpu
INFO:sentence_transformers.SentenceTransformer:Load pretrained SentenceTransformer: BAAI/bge-base-en-v1.5
INFO:backend.embeddings:Embedding dimension: 768
[0;93m2026-05-07 09:16:25.145969442 [W:onnxruntime:Default, device_discovery.cc:211 DiscoverDevicesForPlatform] GPU device discovery failed: device_discovery.cc:91 ReadFileContents Failed to open file: "/sys/class/drm/card0/device/vendor"[m
ERROR:chromadb.telemetry.product.posthog:Failed to send telemetry event ClientStartEvent: capture() takes 1 positional argument but 3 were given
ERROR:chromadb.telemetry.product.posthog:Failed to send telemetry event ClientCreateCollectionEvent: capture() takes 1 positional argument but 3 were given
INFO:backend.vector_store:ChromaDB collection 'documents' ready (898 items)
INFO:backend.main:Services pre-warmed: embedding model loaded and ready.
INFO:     Application startup complete.
ERROR:    [Errno 98] error while attempting to bind on address ('0.0.0.0', 8000): address already in use
INFO:     Waiting for application shutdown.
INFO:backend.main:Shutdown complete.
INFO:     Application shutdown complete.
INFO:     Started server process [1170569]
INFO:     Waiting for application startup.
INFO:backend.main:Starting AI Knowledge Platform …
2026-05-07 09:16:44,802 INFO sqlalchemy.engine.Engine select pg_catalog.version()
INFO:sqlalchemy.engine.Engine:select pg_catalog.version()
2026-05-07 09:16:44,802 INFO sqlalchemy.engine.Engine [raw sql] {}
INFO:sqlalchemy.engine.Engine:[raw sql] {}
2026-05-07 09:16:44,803 INFO sqlalchemy.engine.Engine select current_schema()
INFO:sqlalchemy.engine.Engine:select current_schema()
2026-05-07 09:16:44,803 INFO sqlalchemy.engine.Engine [raw sql] {}
INFO:sqlalchemy.engine.Engine:[raw sql] {}
2026-05-07 09:16:44,804 INFO sqlalchemy.engine.Engine show standard_conforming_strings
INFO:sqlalchemy.engine.Engine:show standard_conforming_strings
2026-05-07 09:16:44,804 INFO sqlalchemy.engine.Engine [raw sql] {}
INFO:sqlalchemy.engine.Engine:[raw sql] {}
2026-05-07 09:16:44,805 INFO sqlalchemy.engine.Engine BEGIN (implicit)
INFO:sqlalchemy.engine.Engine:BEGIN (implicit)
2026-05-07 09:16:44,809 INFO sqlalchemy.engine.Engine SELECT pg_catalog.pg_class.relname 
FROM pg_catalog.pg_class JOIN pg_catalog.pg_namespace ON pg_catalog.pg_namespace.oid = pg_catalog.pg_class.relnamespace 
WHERE pg_catalog.pg_class.relname = %(table_name)s AND pg_catalog.pg_class.relkind = ANY (ARRAY[%(param_1)s, %(param_2)s, %(param_3)s, %(param_4)s, %(param_5)s]) AND pg_catalog.pg_table_is_visible(pg_catalog.pg_class.oid) AND pg_catalog.pg_namespace.nspname != %(nspname_1)s
INFO:sqlalchemy.engine.Engine:SELECT pg_catalog.pg_class.relname 
FROM pg_catalog.pg_class JOIN pg_catalog.pg_namespace ON pg_catalog.pg_namespace.oid = pg_catalog.pg_class.relnamespace 
WHERE pg_catalog.pg_class.relname = %(table_name)s AND pg_catalog.pg_class.relkind = ANY (ARRAY[%(param_1)s, %(param_2)s, %(param_3)s, %(param_4)s, %(param_5)s]) AND pg_catalog.pg_table_is_visible(pg_catalog.pg_class.oid) AND pg_catalog.pg_namespace.nspname != %(nspname_1)s
2026-05-07 09:16:44,809 INFO sqlalchemy.engine.Engine [generated in 0.00027s] {'table_name': 'documents', 'param_1': 'r', 'param_2': 'p', 'param_3': 'f', 'param_4': 'v', 'param_5': 'm', 'nspname_1': 'pg_catalog'}
INFO:sqlalchemy.engine.Engine:[generated in 0.00027s] {'table_name': 'documents', 'param_1': 'r', 'param_2': 'p', 'param_3': 'f', 'param_4': 'v', 'param_5': 'm', 'nspname_1': 'pg_catalog'}
2026-05-07 09:16:44,811 INFO sqlalchemy.engine.Engine SELECT pg_catalog.pg_class.relname 
FROM pg_catalog.pg_class JOIN pg_catalog.pg_namespace ON pg_catalog.pg_namespace.oid = pg_catalog.pg_class.relnamespace 
WHERE pg_catalog.pg_class.relname = %(table_name)s AND pg_catalog.pg_class.relkind = ANY (ARRAY[%(param_1)s, %(param_2)s, %(param_3)s, %(param_4)s, %(param_5)s]) AND pg_catalog.pg_table_is_visible(pg_catalog.pg_class.oid) AND pg_catalog.pg_namespace.nspname != %(nspname_1)s
INFO:sqlalchemy.engine.Engine:SELECT pg_catalog.pg_class.relname 
FROM pg_catalog.pg_class JOIN pg_catalog.pg_namespace ON pg_catalog.pg_namespace.oid = pg_catalog.pg_class.relnamespace 
WHERE pg_catalog.pg_class.relname = %(table_name)s AND pg_catalog.pg_class.relkind = ANY (ARRAY[%(param_1)s, %(param_2)s, %(param_3)s, %(param_4)s, %(param_5)s]) AND pg_catalog.pg_table_is_visible(pg_catalog.pg_class.oid) AND pg_catalog.pg_namespace.nspname != %(nspname_1)s
2026-05-07 09:16:44,811 INFO sqlalchemy.engine.Engine [cached since 0.002208s ago] {'table_name': 'prompt_templates', 'param_1': 'r', 'param_2': 'p', 'param_3': 'f', 'param_4': 'v', 'param_5': 'm', 'nspname_1': 'pg_catalog'}
INFO:sqlalchemy.engine.Engine:[cached since 0.002208s ago] {'table_name': 'prompt_templates', 'param_1': 'r', 'param_2': 'p', 'param_3': 'f', 'param_4': 'v', 'param_5': 'm', 'nspname_1': 'pg_catalog'}
2026-05-07 09:16:44,812 INFO sqlalchemy.engine.Engine SELECT pg_catalog.pg_class.relname 
FROM pg_catalog.pg_class JOIN pg_catalog.pg_namespace ON pg_catalog.pg_namespace.oid = pg_catalog.pg_class.relnamespace 
WHERE pg_catalog.pg_class.relname = %(table_name)s AND pg_catalog.pg_class.relkind = ANY (ARRAY[%(param_1)s, %(param_2)s, %(param_3)s, %(param_4)s, %(param_5)s]) AND pg_catalog.pg_table_is_visible(pg_catalog.pg_class.oid) AND pg_catalog.pg_namespace.nspname != %(nspname_1)s
INFO:sqlalchemy.engine.Engine:SELECT pg_catalog.pg_class.relname 
FROM pg_catalog.pg_class JOIN pg_catalog.pg_namespace ON pg_catalog.pg_namespace.oid = pg_catalog.pg_class.relnamespace 
WHERE pg_catalog.pg_class.relname = %(table_name)s AND pg_catalog.pg_class.relkind = ANY (ARRAY[%(param_1)s, %(param_2)s, %(param_3)s, %(param_4)s, %(param_5)s]) AND pg_catalog.pg_table_is_visible(pg_catalog.pg_class.oid) AND pg_catalog.pg_namespace.nspname != %(nspname_1)s
2026-05-07 09:16:44,812 INFO sqlalchemy.engine.Engine [cached since 0.003125s ago] {'table_name': 'conversations', 'param_1': 'r', 'param_2': 'p', 'param_3': 'f', 'param_4': 'v', 'param_5': 'm', 'nspname_1': 'pg_catalog'}
INFO:sqlalchemy.engine.Engine:[cached since 0.003125s ago] {'table_name': 'conversations', 'param_1': 'r', 'param_2': 'p', 'param_3': 'f', 'param_4': 'v', 'param_5': 'm', 'nspname_1': 'pg_catalog'}
2026-05-07 09:16:44,813 INFO sqlalchemy.engine.Engine SELECT pg_catalog.pg_class.relname 
FROM pg_catalog.pg_class JOIN pg_catalog.pg_namespace ON pg_catalog.pg_namespace.oid = pg_catalog.pg_class.relnamespace 
WHERE pg_catalog.pg_class.relname = %(table_name)s AND pg_catalog.pg_class.relkind = ANY (ARRAY[%(param_1)s, %(param_2)s, %(param_3)s, %(param_4)s, %(param_5)s]) AND pg_catalog.pg_table_is_visible(pg_catalog.pg_class.oid) AND pg_catalog.pg_namespace.nspname != %(nspname_1)s
INFO:sqlalchemy.engine.Engine:SELECT pg_catalog.pg_class.relname 
FROM pg_catalog.pg_class JOIN pg_catalog.pg_namespace ON pg_catalog.pg_namespace.oid = pg_catalog.pg_class.relnamespace 
WHERE pg_catalog.pg_class.relname = %(table_name)s AND pg_catalog.pg_class.relkind = ANY (ARRAY[%(param_1)s, %(param_2)s, %(param_3)s, %(param_4)s, %(param_5)s]) AND pg_catalog.pg_table_is_visible(pg_catalog.pg_class.oid) AND pg_catalog.pg_namespace.nspname != %(nspname_1)s
2026-05-07 09:16:44,813 INFO sqlalchemy.engine.Engine [cached since 0.003968s ago] {'table_name': 'users', 'param_1': 'r', 'param_2': 'p', 'param_3': 'f', 'param_4': 'v', 'param_5': 'm', 'nspname_1': 'pg_catalog'}
INFO:sqlalchemy.engine.Engine:[cached since 0.003968s ago] {'table_name': 'users', 'param_1': 'r', 'param_2': 'p', 'param_3': 'f', 'param_4': 'v', 'param_5': 'm', 'nspname_1': 'pg_catalog'}
2026-05-07 09:16:44,814 INFO sqlalchemy.engine.Engine SELECT pg_catalog.pg_class.relname 
FROM pg_catalog.pg_class JOIN pg_catalog.pg_namespace ON pg_catalog.pg_namespace.oid = pg_catalog.pg_class.relnamespace 
WHERE pg_catalog.pg_class.relname = %(table_name)s AND pg_catalog.pg_class.relkind = ANY (ARRAY[%(param_1)s, %(param_2)s, %(param_3)s, %(param_4)s, %(param_5)s]) AND pg_catalog.pg_table_is_visible(pg_catalog.pg_class.oid) AND pg_catalog.pg_namespace.nspname != %(nspname_1)s
INFO:sqlalchemy.engine.Engine:SELECT pg_catalog.pg_class.relname 
FROM pg_catalog.pg_class JOIN pg_catalog.pg_namespace ON pg_catalog.pg_namespace.oid = pg_catalog.pg_class.relnamespace 
WHERE pg_catalog.pg_class.relname = %(table_name)s AND pg_catalog.pg_class.relkind = ANY (ARRAY[%(param_1)s, %(param_2)s, %(param_3)s, %(param_4)s, %(param_5)s]) AND pg_catalog.pg_table_is_visible(pg_catalog.pg_class.oid) AND pg_catalog.pg_namespace.nspname != %(nspname_1)s
2026-05-07 09:16:44,814 INFO sqlalchemy.engine.Engine [cached since 0.00477s ago] {'table_name': 'llm_usage', 'param_1': 'r', 'param_2': 'p', 'param_3': 'f', 'param_4': 'v', 'param_5': 'm', 'nspname_1': 'pg_catalog'}
INFO:sqlalchemy.engine.Engine:[cached since 0.00477s ago] {'table_name': 'llm_usage', 'param_1': 'r', 'param_2': 'p', 'param_3': 'f', 'param_4': 'v', 'param_5': 'm', 'nspname_1': 'pg_catalog'}
2026-05-07 09:16:44,814 INFO sqlalchemy.engine.Engine SELECT pg_catalog.pg_class.relname 
FROM pg_catalog.pg_class JOIN pg_catalog.pg_namespace ON pg_catalog.pg_namespace.oid = pg_catalog.pg_class.relnamespace 
WHERE pg_catalog.pg_class.relname = %(table_name)s AND pg_catalog.pg_class.relkind = ANY (ARRAY[%(param_1)s, %(param_2)s, %(param_3)s, %(param_4)s, %(param_5)s]) AND pg_catalog.pg_table_is_visible(pg_catalog.pg_class.oid) AND pg_catalog.pg_namespace.nspname != %(nspname_1)s
INFO:sqlalchemy.engine.Engine:SELECT pg_catalog.pg_class.relname 
FROM pg_catalog.pg_class JOIN pg_catalog.pg_namespace ON pg_catalog.pg_namespace.oid = pg_catalog.pg_class.relnamespace 
WHERE pg_catalog.pg_class.relname = %(table_name)s AND pg_catalog.pg_class.relkind = ANY (ARRAY[%(param_1)s, %(param_2)s, %(param_3)s, %(param_4)s, %(param_5)s]) AND pg_catalog.pg_table_is_visible(pg_catalog.pg_class.oid) AND pg_catalog.pg_namespace.nspname != %(nspname_1)s
2026-05-07 09:16:44,815 INFO sqlalchemy.engine.Engine [cached since 0.005531s ago] {'table_name': 'saved_reports', 'param_1': 'r', 'param_2': 'p', 'param_3': 'f', 'param_4': 'v', 'param_5': 'm', 'nspname_1': 'pg_catalog'}
INFO:sqlalchemy.engine.Engine:[cached since 0.005531s ago] {'table_name': 'saved_reports', 'param_1': 'r', 'param_2': 'p', 'param_3': 'f', 'param_4': 'v', 'param_5': 'm', 'nspname_1': 'pg_catalog'}
2026-05-07 09:16:44,815 INFO sqlalchemy.engine.Engine SELECT pg_catalog.pg_class.relname 
FROM pg_catalog.pg_class JOIN pg_catalog.pg_namespace ON pg_catalog.pg_namespace.oid = pg_catalog.pg_class.relnamespace 
WHERE pg_catalog.pg_class.relname = %(table_name)s AND pg_catalog.pg_class.relkind = ANY (ARRAY[%(param_1)s, %(param_2)s, %(param_3)s, %(param_4)s, %(param_5)s]) AND pg_catalog.pg_table_is_visible(pg_catalog.pg_class.oid) AND pg_catalog.pg_namespace.nspname != %(nspname_1)s
INFO:sqlalchemy.engine.Engine:SELECT pg_catalog.pg_class.relname 
FROM pg_catalog.pg_class JOIN pg_catalog.pg_namespace ON pg_catalog.pg_namespace.oid = pg_catalog.pg_class.relnamespace 
WHERE pg_catalog.pg_class.relname = %(table_name)s AND pg_catalog.pg_class.relkind = ANY (ARRAY[%(param_1)s, %(param_2)s, %(param_3)s, %(param_4)s, %(param_5)s]) AND pg_catalog.pg_table_is_visible(pg_catalog.pg_class.oid) AND pg_catalog.pg_namespace.nspname != %(nspname_1)s
2026-05-07 09:16:44,815 INFO sqlalchemy.engine.Engine [cached since 0.006252s ago] {'table_name': 'audit_logs', 'param_1': 'r', 'param_2': 'p', 'param_3': 'f', 'param_4': 'v', 'param_5': 'm', 'nspname_1': 'pg_catalog'}
INFO:sqlalchemy.engine.Engine:[cached since 0.006252s ago] {'table_name': 'audit_logs', 'param_1': 'r', 'param_2': 'p', 'param_3': 'f', 'param_4': 'v', 'param_5': 'm', 'nspname_1': 'pg_catalog'}
2026-05-07 09:16:44,817 INFO sqlalchemy.engine.Engine SELECT pg_catalog.pg_type.typname 
FROM pg_catalog.pg_type JOIN pg_catalog.pg_namespace ON pg_catalog.pg_namespace.oid = pg_catalog.pg_type.typnamespace 
WHERE pg_catalog.pg_type.typname = %(typname_1)s AND pg_catalog.pg_type_is_visible(pg_catalog.pg_type.oid) AND pg_catalog.pg_namespace.nspname != %(nspname_1)s
INFO:sqlalchemy.engine.Engine:SELECT pg_catalog.pg_type.typname 
FROM pg_catalog.pg_type JOIN pg_catalog.pg_namespace ON pg_catalog.pg_namespace.oid = pg_catalog.pg_type.typnamespace 
WHERE pg_catalog.pg_type.typname = %(typname_1)s AND pg_catalog.pg_type_is_visible(pg_catalog.pg_type.oid) AND pg_catalog.pg_namespace.nspname != %(nspname_1)s
2026-05-07 09:16:44,818 INFO sqlalchemy.engine.Engine [generated in 0.00022s] {'typname_1': 'doc_status', 'nspname_1': 'pg_catalog'}
INFO:sqlalchemy.engine.Engine:[generated in 0.00022s] {'typname_1': 'doc_status', 'nspname_1': 'pg_catalog'}
2026-05-07 09:16:44,818 INFO sqlalchemy.engine.Engine COMMIT
INFO:sqlalchemy.engine.Engine:COMMIT
INFO:backend.main:Database tables ensured.
2026-05-07 09:16:44,824 INFO sqlalchemy.engine.Engine BEGIN (implicit)
INFO:sqlalchemy.engine.Engine:BEGIN (implicit)
2026-05-07 09:16:44,826 INFO sqlalchemy.engine.Engine SELECT prompt_templates.id AS prompt_templates_id, prompt_templates.name AS prompt_templates_name, prompt_templates.category AS prompt_templates_category, prompt_templates.template AS prompt_templates_template, prompt_templates.description AS prompt_templates_description, prompt_templates.created_at AS prompt_templates_created_at 
FROM prompt_templates 
WHERE prompt_templates.name = %(name_1)s 
 LIMIT %(param_1)s
INFO:sqlalchemy.engine.Engine:SELECT prompt_templates.id AS prompt_templates_id, prompt_templates.name AS prompt_templates_name, prompt_templates.category AS prompt_templates_category, prompt_templates.template AS prompt_templates_template, prompt_templates.description AS prompt_templates_description, prompt_templates.created_at AS prompt_templates_created_at 
FROM prompt_templates 
WHERE prompt_templates.name = %(name_1)s 
 LIMIT %(param_1)s
2026-05-07 09:16:44,826 INFO sqlalchemy.engine.Engine [generated in 0.00022s] {'name_1': 'Default RAG', 'param_1': 1}
INFO:sqlalchemy.engine.Engine:[generated in 0.00022s] {'name_1': 'Default RAG', 'param_1': 1}
2026-05-07 09:16:44,828 INFO sqlalchemy.engine.Engine SELECT prompt_templates.id AS prompt_templates_id, prompt_templates.name AS prompt_templates_name, prompt_templates.category AS prompt_templates_category, prompt_templates.template AS prompt_templates_template, prompt_templates.description AS prompt_templates_description, prompt_templates.created_at AS prompt_templates_created_at 
FROM prompt_templates 
WHERE prompt_templates.name = %(name_1)s 
 LIMIT %(param_1)s
INFO:sqlalchemy.engine.Engine:SELECT prompt_templates.id AS prompt_templates_id, prompt_templates.name AS prompt_templates_name, prompt_templates.category AS prompt_templates_category, prompt_templates.template AS prompt_templates_template, prompt_templates.description AS prompt_templates_description, prompt_templates.created_at AS prompt_templates_created_at 
FROM prompt_templates 
WHERE prompt_templates.name = %(name_1)s 
 LIMIT %(param_1)s
2026-05-07 09:16:44,828 INFO sqlalchemy.engine.Engine [cached since 0.002165s ago] {'name_1': 'Executive Summary', 'param_1': 1}
INFO:sqlalchemy.engine.Engine:[cached since 0.002165s ago] {'name_1': 'Executive Summary', 'param_1': 1}
2026-05-07 09:16:44,829 INFO sqlalchemy.engine.Engine SELECT prompt_templates.id AS prompt_templates_id, prompt_templates.name AS prompt_templates_name, prompt_templates.category AS prompt_templates_category, prompt_templates.template AS prompt_templates_template, prompt_templates.description AS prompt_templates_description, prompt_templates.created_at AS prompt_templates_created_at 
FROM prompt_templates 
WHERE prompt_templates.name = %(name_1)s 
 LIMIT %(param_1)s
INFO:sqlalchemy.engine.Engine:SELECT prompt_templates.id AS prompt_templates_id, prompt_templates.name AS prompt_templates_name, prompt_templates.category AS prompt_templates_category, prompt_templates.template AS prompt_templates_template, prompt_templates.description AS prompt_templates_description, prompt_templates.created_at AS prompt_templates_created_at 
FROM prompt_templates 
WHERE prompt_templates.name = %(name_1)s 
 LIMIT %(param_1)s
2026-05-07 09:16:44,829 INFO sqlalchemy.engine.Engine [cached since 0.003353s ago] {'name_1': 'Comparative Analysis', 'param_1': 1}
INFO:sqlalchemy.engine.Engine:[cached since 0.003353s ago] {'name_1': 'Comparative Analysis', 'param_1': 1}
2026-05-07 09:16:44,830 INFO sqlalchemy.engine.Engine SELECT prompt_templates.id AS prompt_templates_id, prompt_templates.name AS prompt_templates_name, prompt_templates.category AS prompt_templates_category, prompt_templates.template AS prompt_templates_template, prompt_templates.description AS prompt_templates_description, prompt_templates.created_at AS prompt_templates_created_at 
FROM prompt_templates 
WHERE prompt_templates.name = %(name_1)s 
 LIMIT %(param_1)s
INFO:sqlalchemy.engine.Engine:SELECT prompt_templates.id AS prompt_templates_id, prompt_templates.name AS prompt_templates_name, prompt_templates.category AS prompt_templates_category, prompt_templates.template AS prompt_templates_template, prompt_templates.description AS prompt_templates_description, prompt_templates.created_at AS prompt_templates_created_at 
FROM prompt_templates 
WHERE prompt_templates.name = %(name_1)s 
 LIMIT %(param_1)s
2026-05-07 09:16:44,830 INFO sqlalchemy.engine.Engine [cached since 0.004366s ago] {'name_1': 'Data Extraction', 'param_1': 1}
INFO:sqlalchemy.engine.Engine:[cached since 0.004366s ago] {'name_1': 'Data Extraction', 'param_1': 1}
2026-05-07 09:16:44,831 INFO sqlalchemy.engine.Engine COMMIT
INFO:sqlalchemy.engine.Engine:COMMIT
INFO:backend.prompt_manager:Default prompt templates seeded.
INFO:backend.embeddings:Loading embedding model: BAAI/bge-base-en-v1.5
INFO:sentence_transformers.SentenceTransformer:Use pytorch device_name: cpu
INFO:sentence_transformers.SentenceTransformer:Load pretrained SentenceTransformer: BAAI/bge-base-en-v1.5
INFO:backend.embeddings:Embedding dimension: 768
[0;93m2026-05-07 09:16:45.894171635 [W:onnxruntime:Default, device_discovery.cc:211 DiscoverDevicesForPlatform] GPU device discovery failed: device_discovery.cc:91 ReadFileContents Failed to open file: "/sys/class/drm/card0/device/vendor"[m
ERROR:chromadb.telemetry.product.posthog:Failed to send telemetry event ClientStartEvent: capture() takes 1 positional argument but 3 were given
ERROR:chromadb.telemetry.product.posthog:Failed to send telemetry event ClientCreateCollectionEvent: capture() takes 1 positional argument but 3 were given
INFO:backend.vector_store:ChromaDB collection 'documents' ready (898 items)
INFO:backend.main:Services pre-warmed: embedding model loaded and ready.
INFO:     Application startup complete.
ERROR:    [Errno 98] error while attempting to bind on address ('0.0.0.0', 8000): address already in use
INFO:     Waiting for application shutdown.
INFO:backend.main:Shutdown complete.
INFO:     Application shutdown complete.
INFO:     Started server process [1170664]
INFO:     Waiting for application startup.
INFO:backend.main:Starting AI Knowledge Platform …
2026-05-07 09:17:05,283 INFO sqlalchemy.engine.Engine select pg_catalog.version()
INFO:sqlalchemy.engine.Engine:select pg_catalog.version()
2026-05-07 09:17:05,283 INFO sqlalchemy.engine.Engine [raw sql] {}
INFO:sqlalchemy.engine.Engine:[raw sql] {}
2026-05-07 09:17:05,284 INFO sqlalchemy.engine.Engine select current_schema()
INFO:sqlalchemy.engine.Engine:select current_schema()
2026-05-07 09:17:05,284 INFO sqlalchemy.engine.Engine [raw sql] {}
INFO:sqlalchemy.engine.Engine:[raw sql] {}
2026-05-07 09:17:05,285 INFO sqlalchemy.engine.Engine show standard_conforming_strings
INFO:sqlalchemy.engine.Engine:show standard_conforming_strings
2026-05-07 09:17:05,285 INFO sqlalchemy.engine.Engine [raw sql] {}
INFO:sqlalchemy.engine.Engine:[raw sql] {}
2026-05-07 09:17:05,286 INFO sqlalchemy.engine.Engine BEGIN (implicit)
INFO:sqlalchemy.engine.Engine:BEGIN (implicit)
2026-05-07 09:17:05,291 INFO sqlalchemy.engine.Engine SELECT pg_catalog.pg_class.relname 
FROM pg_catalog.pg_class JOIN pg_catalog.pg_namespace ON pg_catalog.pg_namespace.oid = pg_catalog.pg_class.relnamespace 
WHERE pg_catalog.pg_class.relname = %(table_name)s AND pg_catalog.pg_class.relkind = ANY (ARRAY[%(param_1)s, %(param_2)s, %(param_3)s, %(param_4)s, %(param_5)s]) AND pg_catalog.pg_table_is_visible(pg_catalog.pg_class.oid) AND pg_catalog.pg_namespace.nspname != %(nspname_1)s
INFO:sqlalchemy.engine.Engine:SELECT pg_catalog.pg_class.relname 
FROM pg_catalog.pg_class JOIN pg_catalog.pg_namespace ON pg_catalog.pg_namespace.oid = pg_catalog.pg_class.relnamespace 
WHERE pg_catalog.pg_class.relname = %(table_name)s AND pg_catalog.pg_class.relkind = ANY (ARRAY[%(param_1)s, %(param_2)s, %(param_3)s, %(param_4)s, %(param_5)s]) AND pg_catalog.pg_table_is_visible(pg_catalog.pg_class.oid) AND pg_catalog.pg_namespace.nspname != %(nspname_1)s
2026-05-07 09:17:05,291 INFO sqlalchemy.engine.Engine [generated in 0.00032s] {'table_name': 'documents', 'param_1': 'r', 'param_2': 'p', 'param_3': 'f', 'param_4': 'v', 'param_5': 'm', 'nspname_1': 'pg_catalog'}
INFO:sqlalchemy.engine.Engine:[generated in 0.00032s] {'table_name': 'documents', 'param_1': 'r', 'param_2': 'p', 'param_3': 'f', 'param_4': 'v', 'param_5': 'm', 'nspname_1': 'pg_catalog'}
2026-05-07 09:17:05,293 INFO sqlalchemy.engine.Engine SELECT pg_catalog.pg_class.relname 
FROM pg_catalog.pg_class JOIN pg_catalog.pg_namespace ON pg_catalog.pg_namespace.oid = pg_catalog.pg_class.relnamespace 
WHERE pg_catalog.pg_class.relname = %(table_name)s AND pg_catalog.pg_class.relkind = ANY (ARRAY[%(param_1)s, %(param_2)s, %(param_3)s, %(param_4)s, %(param_5)s]) AND pg_catalog.pg_table_is_visible(pg_catalog.pg_class.oid) AND pg_catalog.pg_namespace.nspname != %(nspname_1)s
INFO:sqlalchemy.engine.Engine:SELECT pg_catalog.pg_class.relname 
FROM pg_catalog.pg_class JOIN pg_catalog.pg_namespace ON pg_catalog.pg_namespace.oid = pg_catalog.pg_class.relnamespace 
WHERE pg_catalog.pg_class.relname = %(table_name)s AND pg_catalog.pg_class.relkind = ANY (ARRAY[%(param_1)s, %(param_2)s, %(param_3)s, %(param_4)s, %(param_5)s]) AND pg_catalog.pg_table_is_visible(pg_catalog.pg_class.oid) AND pg_catalog.pg_namespace.nspname != %(nspname_1)s
2026-05-07 09:17:05,293 INFO sqlalchemy.engine.Engine [cached since 0.002353s ago] {'table_name': 'prompt_templates', 'param_1': 'r', 'param_2': 'p', 'param_3': 'f', 'param_4': 'v', 'param_5': 'm', 'nspname_1': 'pg_catalog'}
INFO:sqlalchemy.engine.Engine:[cached since 0.002353s ago] {'table_name': 'prompt_templates', 'param_1': 'r', 'param_2': 'p', 'param_3': 'f', 'param_4': 'v', 'param_5': 'm', 'nspname_1': 'pg_catalog'}
2026-05-07 09:17:05,294 INFO sqlalchemy.engine.Engine SELECT pg_catalog.pg_class.relname 
FROM pg_catalog.pg_class JOIN pg_catalog.pg_namespace ON pg_catalog.pg_namespace.oid = pg_catalog.pg_class.relnamespace 
WHERE pg_catalog.pg_class.relname = %(table_name)s AND pg_catalog.pg_class.relkind = ANY (ARRAY[%(param_1)s, %(param_2)s, %(param_3)s, %(param_4)s, %(param_5)s]) AND pg_catalog.pg_table_is_visible(pg_catalog.pg_class.oid) AND pg_catalog.pg_namespace.nspname != %(nspname_1)s
INFO:sqlalchemy.engine.Engine:SELECT pg_catalog.pg_class.relname 
FROM pg_catalog.pg_class JOIN pg_catalog.pg_namespace ON pg_catalog.pg_namespace.oid = pg_catalog.pg_class.relnamespace 
WHERE pg_catalog.pg_class.relname = %(table_name)s AND pg_catalog.pg_class.relkind = ANY (ARRAY[%(param_1)s, %(param_2)s, %(param_3)s, %(param_4)s, %(param_5)s]) AND pg_catalog.pg_table_is_visible(pg_catalog.pg_class.oid) AND pg_catalog.pg_namespace.nspname != %(nspname_1)s
2026-05-07 09:17:05,294 INFO sqlalchemy.engine.Engine [cached since 0.003312s ago] {'table_name': 'conversations', 'param_1': 'r', 'param_2': 'p', 'param_3': 'f', 'param_4': 'v', 'param_5': 'm', 'nspname_1': 'pg_catalog'}
INFO:sqlalchemy.engine.Engine:[cached since 0.003312s ago] {'table_name': 'conversations', 'param_1': 'r', 'param_2': 'p', 'param_3': 'f', 'param_4': 'v', 'param_5': 'm', 'nspname_1': 'pg_catalog'}
2026-05-07 09:17:05,295 INFO sqlalchemy.engine.Engine SELECT pg_catalog.pg_class.relname 
FROM pg_catalog.pg_class JOIN pg_catalog.pg_namespace ON pg_catalog.pg_namespace.oid = pg_catalog.pg_class.relnamespace 
WHERE pg_catalog.pg_class.relname = %(table_name)s AND pg_catalog.pg_class.relkind = ANY (ARRAY[%(param_1)s, %(param_2)s, %(param_3)s, %(param_4)s, %(param_5)s]) AND pg_catalog.pg_table_is_visible(pg_catalog.pg_class.oid) AND pg_catalog.pg_namespace.nspname != %(nspname_1)s
INFO:sqlalchemy.engine.Engine:SELECT pg_catalog.pg_class.relname 
FROM pg_catalog.pg_class JOIN pg_catalog.pg_namespace ON pg_catalog.pg_namespace.oid = pg_catalog.pg_class.relnamespace 
WHERE pg_catalog.pg_class.relname = %(table_name)s AND pg_catalog.pg_class.relkind = ANY (ARRAY[%(param_1)s, %(param_2)s, %(param_3)s, %(param_4)s, %(param_5)s]) AND pg_catalog.pg_table_is_visible(pg_catalog.pg_class.oid) AND pg_catalog.pg_namespace.nspname != %(nspname_1)s
2026-05-07 09:17:05,295 INFO sqlalchemy.engine.Engine [cached since 0.004138s ago] {'table_name': 'users', 'param_1': 'r', 'param_2': 'p', 'param_3': 'f', 'param_4': 'v', 'param_5': 'm', 'nspname_1': 'pg_catalog'}
INFO:sqlalchemy.engine.Engine:[cached since 0.004138s ago] {'table_name': 'users', 'param_1': 'r', 'param_2': 'p', 'param_3': 'f', 'param_4': 'v', 'param_5': 'm', 'nspname_1': 'pg_catalog'}
2026-05-07 09:17:05,295 INFO sqlalchemy.engine.Engine SELECT pg_catalog.pg_class.relname 
FROM pg_catalog.pg_class JOIN pg_catalog.pg_namespace ON pg_catalog.pg_namespace.oid = pg_catalog.pg_class.relnamespace 
WHERE pg_catalog.pg_class.relname = %(table_name)s AND pg_catalog.pg_class.relkind = ANY (ARRAY[%(param_1)s, %(param_2)s, %(param_3)s, %(param_4)s, %(param_5)s]) AND pg_catalog.pg_table_is_visible(pg_catalog.pg_class.oid) AND pg_catalog.pg_namespace.nspname != %(nspname_1)s
INFO:sqlalchemy.engine.Engine:SELECT pg_catalog.pg_class.relname 
FROM pg_catalog.pg_class JOIN pg_catalog.pg_namespace ON pg_catalog.pg_namespace.oid = pg_catalog.pg_class.relnamespace 
WHERE pg_catalog.pg_class.relname = %(table_name)s AND pg_catalog.pg_class.relkind = ANY (ARRAY[%(param_1)s, %(param_2)s, %(param_3)s, %(param_4)s, %(param_5)s]) AND pg_catalog.pg_table_is_visible(pg_catalog.pg_class.oid) AND pg_catalog.pg_namespace.nspname != %(nspname_1)s
2026-05-07 09:17:05,295 INFO sqlalchemy.engine.Engine [cached since 0.004912s ago] {'table_name': 'llm_usage', 'param_1': 'r', 'param_2': 'p', 'param_3': 'f', 'param_4': 'v', 'param_5': 'm', 'nspname_1': 'pg_catalog'}
INFO:sqlalchemy.engine.Engine:[cached since 0.004912s ago] {'table_name': 'llm_usage', 'param_1': 'r', 'param_2': 'p', 'param_3': 'f', 'param_4': 'v', 'param_5': 'm', 'nspname_1': 'pg_catalog'}
2026-05-07 09:17:05,296 INFO sqlalchemy.engine.Engine SELECT pg_catalog.pg_class.relname 
FROM pg_catalog.pg_class JOIN pg_catalog.pg_namespace ON pg_catalog.pg_namespace.oid = pg_catalog.pg_class.relnamespace 
WHERE pg_catalog.pg_class.relname = %(table_name)s AND pg_catalog.pg_class.relkind = ANY (ARRAY[%(param_1)s, %(param_2)s, %(param_3)s, %(param_4)s, %(param_5)s]) AND pg_catalog.pg_table_is_visible(pg_catalog.pg_class.oid) AND pg_catalog.pg_namespace.nspname != %(nspname_1)s
INFO:sqlalchemy.engine.Engine:SELECT pg_catalog.pg_class.relname 
FROM pg_catalog.pg_class JOIN pg_catalog.pg_namespace ON pg_catalog.pg_namespace.oid = pg_catalog.pg_class.relnamespace 
WHERE pg_catalog.pg_class.relname = %(table_name)s AND pg_catalog.pg_class.relkind = ANY (ARRAY[%(param_1)s, %(param_2)s, %(param_3)s, %(param_4)s, %(param_5)s]) AND pg_catalog.pg_table_is_visible(pg_catalog.pg_class.oid) AND pg_catalog.pg_namespace.nspname != %(nspname_1)s
2026-05-07 09:17:05,296 INFO sqlalchemy.engine.Engine [cached since 0.005645s ago] {'table_name': 'saved_reports', 'param_1': 'r', 'param_2': 'p', 'param_3': 'f', 'param_4': 'v', 'param_5': 'm', 'nspname_1': 'pg_catalog'}
INFO:sqlalchemy.engine.Engine:[cached since 0.005645s ago] {'table_name': 'saved_reports', 'param_1': 'r', 'param_2': 'p', 'param_3': 'f', 'param_4': 'v', 'param_5': 'm', 'nspname_1': 'pg_catalog'}
2026-05-07 09:17:05,297 INFO sqlalchemy.engine.Engine SELECT pg_catalog.pg_class.relname 
FROM pg_catalog.pg_class JOIN pg_catalog.pg_namespace ON pg_catalog.pg_namespace.oid = pg_catalog.pg_class.relnamespace 
WHERE pg_catalog.pg_class.relname = %(table_name)s AND pg_catalog.pg_class.relkind = ANY (ARRAY[%(param_1)s, %(param_2)s, %(param_3)s, %(param_4)s, %(param_5)s]) AND pg_catalog.pg_table_is_visible(pg_catalog.pg_class.oid) AND pg_catalog.pg_namespace.nspname != %(nspname_1)s
INFO:sqlalchemy.engine.Engine:SELECT pg_catalog.pg_class.relname 
FROM pg_catalog.pg_class JOIN pg_catalog.pg_namespace ON pg_catalog.pg_namespace.oid = pg_catalog.pg_class.relnamespace 
WHERE pg_catalog.pg_class.relname = %(table_name)s AND pg_catalog.pg_class.relkind = ANY (ARRAY[%(param_1)s, %(param_2)s, %(param_3)s, %(param_4)s, %(param_5)s]) AND pg_catalog.pg_table_is_visible(pg_catalog.pg_class.oid) AND pg_catalog.pg_namespace.nspname != %(nspname_1)s
2026-05-07 09:17:05,297 INFO sqlalchemy.engine.Engine [cached since 0.006407s ago] {'table_name': 'audit_logs', 'param_1': 'r', 'param_2': 'p', 'param_3': 'f', 'param_4': 'v', 'param_5': 'm', 'nspname_1': 'pg_catalog'}
INFO:sqlalchemy.engine.Engine:[cached since 0.006407s ago] {'table_name': 'audit_logs', 'param_1': 'r', 'param_2': 'p', 'param_3': 'f', 'param_4': 'v', 'param_5': 'm', 'nspname_1': 'pg_catalog'}
2026-05-07 09:17:05,299 INFO sqlalchemy.engine.Engine SELECT pg_catalog.pg_type.typname 
FROM pg_catalog.pg_type JOIN pg_catalog.pg_namespace ON pg_catalog.pg_namespace.oid = pg_catalog.pg_type.typnamespace 
WHERE pg_catalog.pg_type.typname = %(typname_1)s AND pg_catalog.pg_type_is_visible(pg_catalog.pg_type.oid) AND pg_catalog.pg_namespace.nspname != %(nspname_1)s
INFO:sqlalchemy.engine.Engine:SELECT pg_catalog.pg_type.typname 
FROM pg_catalog.pg_type JOIN pg_catalog.pg_namespace ON pg_catalog.pg_namespace.oid = pg_catalog.pg_type.typnamespace 
WHERE pg_catalog.pg_type.typname = %(typname_1)s AND pg_catalog.pg_type_is_visible(pg_catalog.pg_type.oid) AND pg_catalog.pg_namespace.nspname != %(nspname_1)s
2026-05-07 09:17:05,299 INFO sqlalchemy.engine.Engine [generated in 0.00019s] {'typname_1': 'doc_status', 'nspname_1': 'pg_catalog'}
INFO:sqlalchemy.engine.Engine:[generated in 0.00019s] {'typname_1': 'doc_status', 'nspname_1': 'pg_catalog'}
2026-05-07 09:17:05,300 INFO sqlalchemy.engine.Engine COMMIT
INFO:sqlalchemy.engine.Engine:COMMIT
INFO:backend.main:Database tables ensured.
2026-05-07 09:17:05,572 INFO sqlalchemy.engine.Engine BEGIN (implicit)
INFO:sqlalchemy.engine.Engine:BEGIN (implicit)
2026-05-07 09:17:05,575 INFO sqlalchemy.engine.Engine SELECT prompt_templates.id AS prompt_templates_id, prompt_templates.name AS prompt_templates_name, prompt_templates.category AS prompt_templates_category, prompt_templates.template AS prompt_templates_template, prompt_templates.description AS prompt_templates_description, prompt_templates.created_at AS prompt_templates_created_at 
FROM prompt_templates 
WHERE prompt_templates.name = %(name_1)s 
 LIMIT %(param_1)s
INFO:sqlalchemy.engine.Engine:SELECT prompt_templates.id AS prompt_templates_id, prompt_templates.name AS prompt_templates_name, prompt_templates.category AS prompt_templates_category, prompt_templates.template AS prompt_templates_template, prompt_templates.description AS prompt_templates_description, prompt_templates.created_at AS prompt_templates_created_at 
FROM prompt_templates 
WHERE prompt_templates.name = %(name_1)s 
 LIMIT %(param_1)s
2026-05-07 09:17:05,575 INFO sqlalchemy.engine.Engine [generated in 0.00025s] {'name_1': 'Default RAG', 'param_1': 1}
INFO:sqlalchemy.engine.Engine:[generated in 0.00025s] {'name_1': 'Default RAG', 'param_1': 1}
2026-05-07 09:17:05,577 INFO sqlalchemy.engine.Engine SELECT prompt_templates.id AS prompt_templates_id, prompt_templates.name AS prompt_templates_name, prompt_templates.category AS prompt_templates_category, prompt_templates.template AS prompt_templates_template, prompt_templates.description AS prompt_templates_description, prompt_templates.created_at AS prompt_templates_created_at 
FROM prompt_templates 
WHERE prompt_templates.name = %(name_1)s 
 LIMIT %(param_1)s
INFO:sqlalchemy.engine.Engine:SELECT prompt_templates.id AS prompt_templates_id, prompt_templates.name AS prompt_templates_name, prompt_templates.category AS prompt_templates_category, prompt_templates.template AS prompt_templates_template, prompt_templates.description AS prompt_templates_description, prompt_templates.created_at AS prompt_templates_created_at 
FROM prompt_templates 
WHERE prompt_templates.name = %(name_1)s 
 LIMIT %(param_1)s
2026-05-07 09:17:05,577 INFO sqlalchemy.engine.Engine [cached since 0.002521s ago] {'name_1': 'Executive Summary', 'param_1': 1}
INFO:sqlalchemy.engine.Engine:[cached since 0.002521s ago] {'name_1': 'Executive Summary', 'param_1': 1}
2026-05-07 09:17:05,578 INFO sqlalchemy.engine.Engine SELECT prompt_templates.id AS prompt_templates_id, prompt_templates.name AS prompt_templates_name, prompt_templates.category AS prompt_templates_category, prompt_templates.template AS prompt_templates_template, prompt_templates.description AS prompt_templates_description, prompt_templates.created_at AS prompt_templates_created_at 
FROM prompt_templates 
WHERE prompt_templates.name = %(name_1)s 
 LIMIT %(param_1)s
INFO:sqlalchemy.engine.Engine:SELECT prompt_templates.id AS prompt_templates_id, prompt_templates.name AS prompt_templates_name, prompt_templates.category AS prompt_templates_category, prompt_templates.template AS prompt_templates_template, prompt_templates.description AS prompt_templates_description, prompt_templates.created_at AS prompt_templates_created_at 
FROM prompt_templates 
WHERE prompt_templates.name = %(name_1)s 
 LIMIT %(param_1)s
2026-05-07 09:17:05,578 INFO sqlalchemy.engine.Engine [cached since 0.00392s ago] {'name_1': 'Comparative Analysis', 'param_1': 1}
INFO:sqlalchemy.engine.Engine:[cached since 0.00392s ago] {'name_1': 'Comparative Analysis', 'param_1': 1}
2026-05-07 09:17:05,580 INFO sqlalchemy.engine.Engine SELECT prompt_templates.id AS prompt_templates_id, prompt_templates.name AS prompt_templates_name, prompt_templates.category AS prompt_templates_category, prompt_templates.template AS prompt_templates_template, prompt_templates.description AS prompt_templates_description, prompt_templates.created_at AS prompt_templates_created_at 
FROM prompt_templates 
WHERE prompt_templates.name = %(name_1)s 
 LIMIT %(param_1)s
INFO:sqlalchemy.engine.Engine:SELECT prompt_templates.id AS prompt_templates_id, prompt_templates.name AS prompt_templates_name, prompt_templates.category AS prompt_templates_category, prompt_templates.template AS prompt_templates_template, prompt_templates.description AS prompt_templates_description, prompt_templates.created_at AS prompt_templates_created_at 
FROM prompt_templates 
WHERE prompt_templates.name = %(name_1)s 
 LIMIT %(param_1)s
2026-05-07 09:17:05,580 INFO sqlalchemy.engine.Engine [cached since 0.005176s ago] {'name_1': 'Data Extraction', 'param_1': 1}
INFO:sqlalchemy.engine.Engine:[cached since 0.005176s ago] {'name_1': 'Data Extraction', 'param_1': 1}
2026-05-07 09:17:05,580 INFO sqlalchemy.engine.Engine COMMIT
INFO:sqlalchemy.engine.Engine:COMMIT
INFO:backend.prompt_manager:Default prompt templates seeded.
INFO:backend.embeddings:Loading embedding model: BAAI/bge-base-en-v1.5
INFO:sentence_transformers.SentenceTransformer:Use pytorch device_name: cpu
INFO:sentence_transformers.SentenceTransformer:Load pretrained SentenceTransformer: BAAI/bge-base-en-v1.5
INFO:backend.embeddings:Embedding dimension: 768
[0;93m2026-05-07 09:17:06.430637702 [W:onnxruntime:Default, device_discovery.cc:211 DiscoverDevicesForPlatform] GPU device discovery failed: device_discovery.cc:91 ReadFileContents Failed to open file: "/sys/class/drm/card0/device/vendor"[m
ERROR:chromadb.telemetry.product.posthog:Failed to send telemetry event ClientStartEvent: capture() takes 1 positional argument but 3 were given
ERROR:chromadb.telemetry.product.posthog:Failed to send telemetry event ClientCreateCollectionEvent: capture() takes 1 positional argument but 3 were given
INFO:backend.vector_store:ChromaDB collection 'documents' ready (898 items)
INFO:backend.main:Services pre-warmed: embedding model loaded and ready.
INFO:     Application startup complete.
ERROR:    [Errno 98] error while attempting to bind on address ('0.0.0.0', 8000): address already in use
INFO:     Waiting for application shutdown.
INFO:backend.main:Shutdown complete.
INFO:     Application shutdown complete.
INFO:     Started server process [1170755]
INFO:     Waiting for application startup.
INFO:backend.main:Starting AI Knowledge Platform …
2026-05-07 09:17:25,802 INFO sqlalchemy.engine.Engine select pg_catalog.version()
INFO:sqlalchemy.engine.Engine:select pg_catalog.version()
2026-05-07 09:17:25,802 INFO sqlalchemy.engine.Engine [raw sql] {}
INFO:sqlalchemy.engine.Engine:[raw sql] {}
2026-05-07 09:17:25,803 INFO sqlalchemy.engine.Engine select current_schema()
INFO:sqlalchemy.engine.Engine:select current_schema()
2026-05-07 09:17:25,803 INFO sqlalchemy.engine.Engine [raw sql] {}
INFO:sqlalchemy.engine.Engine:[raw sql] {}
2026-05-07 09:17:25,804 INFO sqlalchemy.engine.Engine show standard_conforming_strings
INFO:sqlalchemy.engine.Engine:show standard_conforming_strings
2026-05-07 09:17:25,804 INFO sqlalchemy.engine.Engine [raw sql] {}
INFO:sqlalchemy.engine.Engine:[raw sql] {}
2026-05-07 09:17:25,805 INFO sqlalchemy.engine.Engine BEGIN (implicit)
INFO:sqlalchemy.engine.Engine:BEGIN (implicit)
2026-05-07 09:17:25,809 INFO sqlalchemy.engine.Engine SELECT pg_catalog.pg_class.relname 
FROM pg_catalog.pg_class JOIN pg_catalog.pg_namespace ON pg_catalog.pg_namespace.oid = pg_catalog.pg_class.relnamespace 
WHERE pg_catalog.pg_class.relname = %(table_name)s AND pg_catalog.pg_class.relkind = ANY (ARRAY[%(param_1)s, %(param_2)s, %(param_3)s, %(param_4)s, %(param_5)s]) AND pg_catalog.pg_table_is_visible(pg_catalog.pg_class.oid) AND pg_catalog.pg_namespace.nspname != %(nspname_1)s
INFO:sqlalchemy.engine.Engine:SELECT pg_catalog.pg_class.relname 
FROM pg_catalog.pg_class JOIN pg_catalog.pg_namespace ON pg_catalog.pg_namespace.oid = pg_catalog.pg_class.relnamespace 
WHERE pg_catalog.pg_class.relname = %(table_name)s AND pg_catalog.pg_class.relkind = ANY (ARRAY[%(param_1)s, %(param_2)s, %(param_3)s, %(param_4)s, %(param_5)s]) AND pg_catalog.pg_table_is_visible(pg_catalog.pg_class.oid) AND pg_catalog.pg_namespace.nspname != %(nspname_1)s
2026-05-07 09:17:25,809 INFO sqlalchemy.engine.Engine [generated in 0.00028s] {'table_name': 'documents', 'param_1': 'r', 'param_2': 'p', 'param_3': 'f', 'param_4': 'v', 'param_5': 'm', 'nspname_1': 'pg_catalog'}
INFO:sqlalchemy.engine.Engine:[generated in 0.00028s] {'table_name': 'documents', 'param_1': 'r', 'param_2': 'p', 'param_3': 'f', 'param_4': 'v', 'param_5': 'm', 'nspname_1': 'pg_catalog'}
2026-05-07 09:17:25,811 INFO sqlalchemy.engine.Engine SELECT pg_catalog.pg_class.relname 
FROM pg_catalog.pg_class JOIN pg_catalog.pg_namespace ON pg_catalog.pg_namespace.oid = pg_catalog.pg_class.relnamespace 
WHERE pg_catalog.pg_class.relname = %(table_name)s AND pg_catalog.pg_class.relkind = ANY (ARRAY[%(param_1)s, %(param_2)s, %(param_3)s, %(param_4)s, %(param_5)s]) AND pg_catalog.pg_table_is_visible(pg_catalog.pg_class.oid) AND pg_catalog.pg_namespace.nspname != %(nspname_1)s
INFO:sqlalchemy.engine.Engine:SELECT pg_catalog.pg_class.relname 
FROM pg_catalog.pg_class JOIN pg_catalog.pg_namespace ON pg_catalog.pg_namespace.oid = pg_catalog.pg_class.relnamespace 
WHERE pg_catalog.pg_class.relname = %(table_name)s AND pg_catalog.pg_class.relkind = ANY (ARRAY[%(param_1)s, %(param_2)s, %(param_3)s, %(param_4)s, %(param_5)s]) AND pg_catalog.pg_table_is_visible(pg_catalog.pg_class.oid) AND pg_catalog.pg_namespace.nspname != %(nspname_1)s
2026-05-07 09:17:25,811 INFO sqlalchemy.engine.Engine [cached since 0.002179s ago] {'table_name': 'prompt_templates', 'param_1': 'r', 'param_2': 'p', 'param_3': 'f', 'param_4': 'v', 'param_5': 'm', 'nspname_1': 'pg_catalog'}
INFO:sqlalchemy.engine.Engine:[cached since 0.002179s ago] {'table_name': 'prompt_templates', 'param_1': 'r', 'param_2': 'p', 'param_3': 'f', 'param_4': 'v', 'param_5': 'm', 'nspname_1': 'pg_catalog'}
2026-05-07 09:17:25,812 INFO sqlalchemy.engine.Engine SELECT pg_catalog.pg_class.relname 
FROM pg_catalog.pg_class JOIN pg_catalog.pg_namespace ON pg_catalog.pg_namespace.oid = pg_catalog.pg_class.relnamespace 
WHERE pg_catalog.pg_class.relname = %(table_name)s AND pg_catalog.pg_class.relkind = ANY (ARRAY[%(param_1)s, %(param_2)s, %(param_3)s, %(param_4)s, %(param_5)s]) AND pg_catalog.pg_table_is_visible(pg_catalog.pg_class.oid) AND pg_catalog.pg_namespace.nspname != %(nspname_1)s
INFO:sqlalchemy.engine.Engine:SELECT pg_catalog.pg_class.relname 
FROM pg_catalog.pg_class JOIN pg_catalog.pg_namespace ON pg_catalog.pg_namespace.oid = pg_catalog.pg_class.relnamespace 
WHERE pg_catalog.pg_class.relname = %(table_name)s AND pg_catalog.pg_class.relkind = ANY (ARRAY[%(param_1)s, %(param_2)s, %(param_3)s, %(param_4)s, %(param_5)s]) AND pg_catalog.pg_table_is_visible(pg_catalog.pg_class.oid) AND pg_catalog.pg_namespace.nspname != %(nspname_1)s
2026-05-07 09:17:25,812 INFO sqlalchemy.engine.Engine [cached since 0.003076s ago] {'table_name': 'conversations', 'param_1': 'r', 'param_2': 'p', 'param_3': 'f', 'param_4': 'v', 'param_5': 'm', 'nspname_1': 'pg_catalog'}
INFO:sqlalchemy.engine.Engine:[cached since 0.003076s ago] {'table_name': 'conversations', 'param_1': 'r', 'param_2': 'p', 'param_3': 'f', 'param_4': 'v', 'param_5': 'm', 'nspname_1': 'pg_catalog'}
2026-05-07 09:17:25,813 INFO sqlalchemy.engine.Engine SELECT pg_catalog.pg_class.relname 
FROM pg_catalog.pg_class JOIN pg_catalog.pg_namespace ON pg_catalog.pg_namespace.oid = pg_catalog.pg_class.relnamespace 
WHERE pg_catalog.pg_class.relname = %(table_name)s AND pg_catalog.pg_class.relkind = ANY (ARRAY[%(param_1)s, %(param_2)s, %(param_3)s, %(param_4)s, %(param_5)s]) AND pg_catalog.pg_table_is_visible(pg_catalog.pg_class.oid) AND pg_catalog.pg_namespace.nspname != %(nspname_1)s
INFO:sqlalchemy.engine.Engine:SELECT pg_catalog.pg_class.relname 
FROM pg_catalog.pg_class JOIN pg_catalog.pg_namespace ON pg_catalog.pg_namespace.oid = pg_catalog.pg_class.relnamespace 
WHERE pg_catalog.pg_class.relname = %(table_name)s AND pg_catalog.pg_class.relkind = ANY (ARRAY[%(param_1)s, %(param_2)s, %(param_3)s, %(param_4)s, %(param_5)s]) AND pg_catalog.pg_table_is_visible(pg_catalog.pg_class.oid) AND pg_catalog.pg_namespace.nspname != %(nspname_1)s
2026-05-07 09:17:25,813 INFO sqlalchemy.engine.Engine [cached since 0.00386s ago] {'table_name': 'users', 'param_1': 'r', 'param_2': 'p', 'param_3': 'f', 'param_4': 'v', 'param_5': 'm', 'nspname_1': 'pg_catalog'}
INFO:sqlalchemy.engine.Engine:[cached since 0.00386s ago] {'table_name': 'users', 'param_1': 'r', 'param_2': 'p', 'param_3': 'f', 'param_4': 'v', 'param_5': 'm', 'nspname_1': 'pg_catalog'}
2026-05-07 09:17:25,813 INFO sqlalchemy.engine.Engine SELECT pg_catalog.pg_class.relname 
FROM pg_catalog.pg_class JOIN pg_catalog.pg_namespace ON pg_catalog.pg_namespace.oid = pg_catalog.pg_class.relnamespace 
WHERE pg_catalog.pg_class.relname = %(table_name)s AND pg_catalog.pg_class.relkind = ANY (ARRAY[%(param_1)s, %(param_2)s, %(param_3)s, %(param_4)s, %(param_5)s]) AND pg_catalog.pg_table_is_visible(pg_catalog.pg_class.oid) AND pg_catalog.pg_namespace.nspname != %(nspname_1)s
INFO:sqlalchemy.engine.Engine:SELECT pg_catalog.pg_class.relname 
FROM pg_catalog.pg_class JOIN pg_catalog.pg_namespace ON pg_catalog.pg_namespace.oid = pg_catalog.pg_class.relnamespace 
WHERE pg_catalog.pg_class.relname = %(table_name)s AND pg_catalog.pg_class.relkind = ANY (ARRAY[%(param_1)s, %(param_2)s, %(param_3)s, %(param_4)s, %(param_5)s]) AND pg_catalog.pg_table_is_visible(pg_catalog.pg_class.oid) AND pg_catalog.pg_namespace.nspname != %(nspname_1)s
2026-05-07 09:17:25,814 INFO sqlalchemy.engine.Engine [cached since 0.004642s ago] {'table_name': 'llm_usage', 'param_1': 'r', 'param_2': 'p', 'param_3': 'f', 'param_4': 'v', 'param_5': 'm', 'nspname_1': 'pg_catalog'}
INFO:sqlalchemy.engine.Engine:[cached since 0.004642s ago] {'table_name': 'llm_usage', 'param_1': 'r', 'param_2': 'p', 'param_3': 'f', 'param_4': 'v', 'param_5': 'm', 'nspname_1': 'pg_catalog'}
2026-05-07 09:17:25,814 INFO sqlalchemy.engine.Engine SELECT pg_catalog.pg_class.relname 
FROM pg_catalog.pg_class JOIN pg_catalog.pg_namespace ON pg_catalog.pg_namespace.oid = pg_catalog.pg_class.relnamespace 
WHERE pg_catalog.pg_class.relname = %(table_name)s AND pg_catalog.pg_class.relkind = ANY (ARRAY[%(param_1)s, %(param_2)s, %(param_3)s, %(param_4)s, %(param_5)s]) AND pg_catalog.pg_table_is_visible(pg_catalog.pg_class.oid) AND pg_catalog.pg_namespace.nspname != %(nspname_1)s
INFO:sqlalchemy.engine.Engine:SELECT pg_catalog.pg_class.relname 
FROM pg_catalog.pg_class JOIN pg_catalog.pg_namespace ON pg_catalog.pg_namespace.oid = pg_catalog.pg_class.relnamespace 
WHERE pg_catalog.pg_class.relname = %(table_name)s AND pg_catalog.pg_class.relkind = ANY (ARRAY[%(param_1)s, %(param_2)s, %(param_3)s, %(param_4)s, %(param_5)s]) AND pg_catalog.pg_table_is_visible(pg_catalog.pg_class.oid) AND pg_catalog.pg_namespace.nspname != %(nspname_1)s
2026-05-07 09:17:25,814 INFO sqlalchemy.engine.Engine [cached since 0.005371s ago] {'table_name': 'saved_reports', 'param_1': 'r', 'param_2': 'p', 'param_3': 'f', 'param_4': 'v', 'param_5': 'm', 'nspname_1': 'pg_catalog'}
INFO:sqlalchemy.engine.Engine:[cached since 0.005371s ago] {'table_name': 'saved_reports', 'param_1': 'r', 'param_2': 'p', 'param_3': 'f', 'param_4': 'v', 'param_5': 'm', 'nspname_1': 'pg_catalog'}
2026-05-07 09:17:25,815 INFO sqlalchemy.engine.Engine SELECT pg_catalog.pg_class.relname 
FROM pg_catalog.pg_class JOIN pg_catalog.pg_namespace ON pg_catalog.pg_namespace.oid = pg_catalog.pg_class.relnamespace 
WHERE pg_catalog.pg_class.relname = %(table_name)s AND pg_catalog.pg_class.relkind = ANY (ARRAY[%(param_1)s, %(param_2)s, %(param_3)s, %(param_4)s, %(param_5)s]) AND pg_catalog.pg_table_is_visible(pg_catalog.pg_class.oid) AND pg_catalog.pg_namespace.nspname != %(nspname_1)s
INFO:sqlalchemy.engine.Engine:SELECT pg_catalog.pg_class.relname 
FROM pg_catalog.pg_class JOIN pg_catalog.pg_namespace ON pg_catalog.pg_namespace.oid = pg_catalog.pg_class.relnamespace 
WHERE pg_catalog.pg_class.relname = %(table_name)s AND pg_catalog.pg_class.relkind = ANY (ARRAY[%(param_1)s, %(param_2)s, %(param_3)s, %(param_4)s, %(param_5)s]) AND pg_catalog.pg_table_is_visible(pg_catalog.pg_class.oid) AND pg_catalog.pg_namespace.nspname != %(nspname_1)s
2026-05-07 09:17:25,815 INFO sqlalchemy.engine.Engine [cached since 0.00609s ago] {'table_name': 'audit_logs', 'param_1': 'r', 'param_2': 'p', 'param_3': 'f', 'param_4': 'v', 'param_5': 'm', 'nspname_1': 'pg_catalog'}
INFO:sqlalchemy.engine.Engine:[cached since 0.00609s ago] {'table_name': 'audit_logs', 'param_1': 'r', 'param_2': 'p', 'param_3': 'f', 'param_4': 'v', 'param_5': 'm', 'nspname_1': 'pg_catalog'}
2026-05-07 09:17:25,817 INFO sqlalchemy.engine.Engine SELECT pg_catalog.pg_type.typname 
FROM pg_catalog.pg_type JOIN pg_catalog.pg_namespace ON pg_catalog.pg_namespace.oid = pg_catalog.pg_type.typnamespace 
WHERE pg_catalog.pg_type.typname = %(typname_1)s AND pg_catalog.pg_type_is_visible(pg_catalog.pg_type.oid) AND pg_catalog.pg_namespace.nspname != %(nspname_1)s
INFO:sqlalchemy.engine.Engine:SELECT pg_catalog.pg_type.typname 
FROM pg_catalog.pg_type JOIN pg_catalog.pg_namespace ON pg_catalog.pg_namespace.oid = pg_catalog.pg_type.typnamespace 
WHERE pg_catalog.pg_type.typname = %(typname_1)s AND pg_catalog.pg_type_is_visible(pg_catalog.pg_type.oid) AND pg_catalog.pg_namespace.nspname != %(nspname_1)s
2026-05-07 09:17:25,817 INFO sqlalchemy.engine.Engine [generated in 0.00017s] {'typname_1': 'doc_status', 'nspname_1': 'pg_catalog'}
INFO:sqlalchemy.engine.Engine:[generated in 0.00017s] {'typname_1': 'doc_status', 'nspname_1': 'pg_catalog'}
2026-05-07 09:17:25,818 INFO sqlalchemy.engine.Engine COMMIT
INFO:sqlalchemy.engine.Engine:COMMIT
INFO:backend.main:Database tables ensured.
2026-05-07 09:17:25,823 INFO sqlalchemy.engine.Engine BEGIN (implicit)
INFO:sqlalchemy.engine.Engine:BEGIN (implicit)
2026-05-07 09:17:25,826 INFO sqlalchemy.engine.Engine SELECT prompt_templates.id AS prompt_templates_id, prompt_templates.name AS prompt_templates_name, prompt_templates.category AS prompt_templates_category, prompt_templates.template AS prompt_templates_template, prompt_templates.description AS prompt_templates_description, prompt_templates.created_at AS prompt_templates_created_at 
FROM prompt_templates 
WHERE prompt_templates.name = %(name_1)s 
 LIMIT %(param_1)s
INFO:sqlalchemy.engine.Engine:SELECT prompt_templates.id AS prompt_templates_id, prompt_templates.name AS prompt_templates_name, prompt_templates.category AS prompt_templates_category, prompt_templates.template AS prompt_templates_template, prompt_templates.description AS prompt_templates_description, prompt_templates.created_at AS prompt_templates_created_at 
FROM prompt_templates 
WHERE prompt_templates.name = %(name_1)s 
 LIMIT %(param_1)s
2026-05-07 09:17:25,826 INFO sqlalchemy.engine.Engine [generated in 0.00023s] {'name_1': 'Default RAG', 'param_1': 1}
INFO:sqlalchemy.engine.Engine:[generated in 0.00023s] {'name_1': 'Default RAG', 'param_1': 1}
2026-05-07 09:17:25,828 INFO sqlalchemy.engine.Engine SELECT prompt_templates.id AS prompt_templates_id, prompt_templates.name AS prompt_templates_name, prompt_templates.category AS prompt_templates_category, prompt_templates.template AS prompt_templates_template, prompt_templates.description AS prompt_templates_description, prompt_templates.created_at AS prompt_templates_created_at 
FROM prompt_templates 
WHERE prompt_templates.name = %(name_1)s 
 LIMIT %(param_1)s
INFO:sqlalchemy.engine.Engine:SELECT prompt_templates.id AS prompt_templates_id, prompt_templates.name AS prompt_templates_name, prompt_templates.category AS prompt_templates_category, prompt_templates.template AS prompt_templates_template, prompt_templates.description AS prompt_templates_description, prompt_templates.created_at AS prompt_templates_created_at 
FROM prompt_templates 
WHERE prompt_templates.name = %(name_1)s 
 LIMIT %(param_1)s
2026-05-07 09:17:25,828 INFO sqlalchemy.engine.Engine [cached since 0.002157s ago] {'name_1': 'Executive Summary', 'param_1': 1}
INFO:sqlalchemy.engine.Engine:[cached since 0.002157s ago] {'name_1': 'Executive Summary', 'param_1': 1}
2026-05-07 09:17:25,829 INFO sqlalchemy.engine.Engine SELECT prompt_templates.id AS prompt_templates_id, prompt_templates.name AS prompt_templates_name, prompt_templates.category AS prompt_templates_category, prompt_templates.template AS prompt_templates_template, prompt_templates.description AS prompt_templates_description, prompt_templates.created_at AS prompt_templates_created_at 
FROM prompt_templates 
WHERE prompt_templates.name = %(name_1)s 
 LIMIT %(param_1)s
INFO:sqlalchemy.engine.Engine:SELECT prompt_templates.id AS prompt_templates_id, prompt_templates.name AS prompt_templates_name, prompt_templates.category AS prompt_templates_category, prompt_templates.template AS prompt_templates_template, prompt_templates.description AS prompt_templates_description, prompt_templates.created_at AS prompt_templates_created_at 
FROM prompt_templates 
WHERE prompt_templates.name = %(name_1)s 
 LIMIT %(param_1)s
2026-05-07 09:17:25,829 INFO sqlalchemy.engine.Engine [cached since 0.00331s ago] {'name_1': 'Comparative Analysis', 'param_1': 1}
INFO:sqlalchemy.engine.Engine:[cached since 0.00331s ago] {'name_1': 'Comparative Analysis', 'param_1': 1}
2026-05-07 09:17:25,830 INFO sqlalchemy.engine.Engine SELECT prompt_templates.id AS prompt_templates_id, prompt_templates.name AS prompt_templates_name, prompt_templates.category AS prompt_templates_category, prompt_templates.template AS prompt_templates_template, prompt_templates.description AS prompt_templates_description, prompt_templates.created_at AS prompt_templates_created_at 
FROM prompt_templates 
WHERE prompt_templates.name = %(name_1)s 
 LIMIT %(param_1)s
INFO:sqlalchemy.engine.Engine:SELECT prompt_templates.id AS prompt_templates_id, prompt_templates.name AS prompt_templates_name, prompt_templates.category AS prompt_templates_category, prompt_templates.template AS prompt_templates_template, prompt_templates.description AS prompt_templates_description, prompt_templates.created_at AS prompt_templates_created_at 
FROM prompt_templates 
WHERE prompt_templates.name = %(name_1)s 
 LIMIT %(param_1)s
2026-05-07 09:17:25,830 INFO sqlalchemy.engine.Engine [cached since 0.004308s ago] {'name_1': 'Data Extraction', 'param_1': 1}
INFO:sqlalchemy.engine.Engine:[cached since 0.004308s ago] {'name_1': 'Data Extraction', 'param_1': 1}
2026-05-07 09:17:25,830 INFO sqlalchemy.engine.Engine COMMIT
INFO:sqlalchemy.engine.Engine:COMMIT
INFO:backend.prompt_manager:Default prompt templates seeded.
INFO:backend.embeddings:Loading embedding model: BAAI/bge-base-en-v1.5
INFO:sentence_transformers.SentenceTransformer:Use pytorch device_name: cpu
INFO:sentence_transformers.SentenceTransformer:Load pretrained SentenceTransformer: BAAI/bge-base-en-v1.5
INFO:backend.embeddings:Embedding dimension: 768
[0;93m2026-05-07 09:17:26.806701601 [W:onnxruntime:Default, device_discovery.cc:211 DiscoverDevicesForPlatform] GPU device discovery failed: device_discovery.cc:91 ReadFileContents Failed to open file: "/sys/class/drm/card0/device/vendor"[m
ERROR:chromadb.telemetry.product.posthog:Failed to send telemetry event ClientStartEvent: capture() takes 1 positional argument but 3 were given
ERROR:chromadb.telemetry.product.posthog:Failed to send telemetry event ClientCreateCollectionEvent: capture() takes 1 positional argument but 3 were given
INFO:backend.vector_store:ChromaDB collection 'documents' ready (898 items)
INFO:backend.main:Services pre-warmed: embedding model loaded and ready.
INFO:     Application startup complete.
ERROR:    [Errno 98] error while attempting to bind on address ('0.0.0.0', 8000): address already in use
INFO:     Waiting for application shutdown.
INFO:backend.main:Shutdown complete.
INFO:     Application shutdown complete.
INFO:     Started server process [1170841]
INFO:     Waiting for application startup.
INFO:backend.main:Starting AI Knowledge Platform …
2026-05-07 09:17:46,564 INFO sqlalchemy.engine.Engine select pg_catalog.version()
INFO:sqlalchemy.engine.Engine:select pg_catalog.version()
2026-05-07 09:17:46,564 INFO sqlalchemy.engine.Engine [raw sql] {}
INFO:sqlalchemy.engine.Engine:[raw sql] {}
2026-05-07 09:17:46,565 INFO sqlalchemy.engine.Engine select current_schema()
INFO:sqlalchemy.engine.Engine:select current_schema()
2026-05-07 09:17:46,565 INFO sqlalchemy.engine.Engine [raw sql] {}
INFO:sqlalchemy.engine.Engine:[raw sql] {}
2026-05-07 09:17:46,566 INFO sqlalchemy.engine.Engine show standard_conforming_strings
INFO:sqlalchemy.engine.Engine:show standard_conforming_strings
2026-05-07 09:17:46,566 INFO sqlalchemy.engine.Engine [raw sql] {}
INFO:sqlalchemy.engine.Engine:[raw sql] {}
2026-05-07 09:17:46,567 INFO sqlalchemy.engine.Engine BEGIN (implicit)
INFO:sqlalchemy.engine.Engine:BEGIN (implicit)
2026-05-07 09:17:46,571 INFO sqlalchemy.engine.Engine SELECT pg_catalog.pg_class.relname 
FROM pg_catalog.pg_class JOIN pg_catalog.pg_namespace ON pg_catalog.pg_namespace.oid = pg_catalog.pg_class.relnamespace 
WHERE pg_catalog.pg_class.relname = %(table_name)s AND pg_catalog.pg_class.relkind = ANY (ARRAY[%(param_1)s, %(param_2)s, %(param_3)s, %(param_4)s, %(param_5)s]) AND pg_catalog.pg_table_is_visible(pg_catalog.pg_class.oid) AND pg_catalog.pg_namespace.nspname != %(nspname_1)s
INFO:sqlalchemy.engine.Engine:SELECT pg_catalog.pg_class.relname 
FROM pg_catalog.pg_class JOIN pg_catalog.pg_namespace ON pg_catalog.pg_namespace.oid = pg_catalog.pg_class.relnamespace 
WHERE pg_catalog.pg_class.relname = %(table_name)s AND pg_catalog.pg_class.relkind = ANY (ARRAY[%(param_1)s, %(param_2)s, %(param_3)s, %(param_4)s, %(param_5)s]) AND pg_catalog.pg_table_is_visible(pg_catalog.pg_class.oid) AND pg_catalog.pg_namespace.nspname != %(nspname_1)s
2026-05-07 09:17:46,571 INFO sqlalchemy.engine.Engine [generated in 0.00028s] {'table_name': 'documents', 'param_1': 'r', 'param_2': 'p', 'param_3': 'f', 'param_4': 'v', 'param_5': 'm', 'nspname_1': 'pg_catalog'}
INFO:sqlalchemy.engine.Engine:[generated in 0.00028s] {'table_name': 'documents', 'param_1': 'r', 'param_2': 'p', 'param_3': 'f', 'param_4': 'v', 'param_5': 'm', 'nspname_1': 'pg_catalog'}
2026-05-07 09:17:46,573 INFO sqlalchemy.engine.Engine SELECT pg_catalog.pg_class.relname 
FROM pg_catalog.pg_class JOIN pg_catalog.pg_namespace ON pg_catalog.pg_namespace.oid = pg_catalog.pg_class.relnamespace 
WHERE pg_catalog.pg_class.relname = %(table_name)s AND pg_catalog.pg_class.relkind = ANY (ARRAY[%(param_1)s, %(param_2)s, %(param_3)s, %(param_4)s, %(param_5)s]) AND pg_catalog.pg_table_is_visible(pg_catalog.pg_class.oid) AND pg_catalog.pg_namespace.nspname != %(nspname_1)s
INFO:sqlalchemy.engine.Engine:SELECT pg_catalog.pg_class.relname 
FROM pg_catalog.pg_class JOIN pg_catalog.pg_namespace ON pg_catalog.pg_namespace.oid = pg_catalog.pg_class.relnamespace 
WHERE pg_catalog.pg_class.relname = %(table_name)s AND pg_catalog.pg_class.relkind = ANY (ARRAY[%(param_1)s, %(param_2)s, %(param_3)s, %(param_4)s, %(param_5)s]) AND pg_catalog.pg_table_is_visible(pg_catalog.pg_class.oid) AND pg_catalog.pg_namespace.nspname != %(nspname_1)s
2026-05-07 09:17:46,573 INFO sqlalchemy.engine.Engine [cached since 0.002395s ago] {'table_name': 'prompt_templates', 'param_1': 'r', 'param_2': 'p', 'param_3': 'f', 'param_4': 'v', 'param_5': 'm', 'nspname_1': 'pg_catalog'}
INFO:sqlalchemy.engine.Engine:[cached since 0.002395s ago] {'table_name': 'prompt_templates', 'param_1': 'r', 'param_2': 'p', 'param_3': 'f', 'param_4': 'v', 'param_5': 'm', 'nspname_1': 'pg_catalog'}
2026-05-07 09:17:46,574 INFO sqlalchemy.engine.Engine SELECT pg_catalog.pg_class.relname 
FROM pg_catalog.pg_class JOIN pg_catalog.pg_namespace ON pg_catalog.pg_namespace.oid = pg_catalog.pg_class.relnamespace 
WHERE pg_catalog.pg_class.relname = %(table_name)s AND pg_catalog.pg_class.relkind = ANY (ARRAY[%(param_1)s, %(param_2)s, %(param_3)s, %(param_4)s, %(param_5)s]) AND pg_catalog.pg_table_is_visible(pg_catalog.pg_class.oid) AND pg_catalog.pg_namespace.nspname != %(nspname_1)s
INFO:sqlalchemy.engine.Engine:SELECT pg_catalog.pg_class.relname 
FROM pg_catalog.pg_class JOIN pg_catalog.pg_namespace ON pg_catalog.pg_namespace.oid = pg_catalog.pg_class.relnamespace 
WHERE pg_catalog.pg_class.relname = %(table_name)s AND pg_catalog.pg_class.relkind = ANY (ARRAY[%(param_1)s, %(param_2)s, %(param_3)s, %(param_4)s, %(param_5)s]) AND pg_catalog.pg_table_is_visible(pg_catalog.pg_class.oid) AND pg_catalog.pg_namespace.nspname != %(nspname_1)s
2026-05-07 09:17:46,575 INFO sqlalchemy.engine.Engine [cached since 0.003671s ago] {'table_name': 'conversations', 'param_1': 'r', 'param_2': 'p', 'param_3': 'f', 'param_4': 'v', 'param_5': 'm', 'nspname_1': 'pg_catalog'}
INFO:sqlalchemy.engine.Engine:[cached since 0.003671s ago] {'table_name': 'conversations', 'param_1': 'r', 'param_2': 'p', 'param_3': 'f', 'param_4': 'v', 'param_5': 'm', 'nspname_1': 'pg_catalog'}
2026-05-07 09:17:46,576 INFO sqlalchemy.engine.Engine SELECT pg_catalog.pg_class.relname 
FROM pg_catalog.pg_class JOIN pg_catalog.pg_namespace ON pg_catalog.pg_namespace.oid = pg_catalog.pg_class.relnamespace 
WHERE pg_catalog.pg_class.relname = %(table_name)s AND pg_catalog.pg_class.relkind = ANY (ARRAY[%(param_1)s, %(param_2)s, %(param_3)s, %(param_4)s, %(param_5)s]) AND pg_catalog.pg_table_is_visible(pg_catalog.pg_class.oid) AND pg_catalog.pg_namespace.nspname != %(nspname_1)s
INFO:sqlalchemy.engine.Engine:SELECT pg_catalog.pg_class.relname 
FROM pg_catalog.pg_class JOIN pg_catalog.pg_namespace ON pg_catalog.pg_namespace.oid = pg_catalog.pg_class.relnamespace 
WHERE pg_catalog.pg_class.relname = %(table_name)s AND pg_catalog.pg_class.relkind = ANY (ARRAY[%(param_1)s, %(param_2)s, %(param_3)s, %(param_4)s, %(param_5)s]) AND pg_catalog.pg_table_is_visible(pg_catalog.pg_class.oid) AND pg_catalog.pg_namespace.nspname != %(nspname_1)s
2026-05-07 09:17:46,576 INFO sqlalchemy.engine.Engine [cached since 0.004794s ago] {'table_name': 'users', 'param_1': 'r', 'param_2': 'p', 'param_3': 'f', 'param_4': 'v', 'param_5': 'm', 'nspname_1': 'pg_catalog'}
INFO:sqlalchemy.engine.Engine:[cached since 0.004794s ago] {'table_name': 'users', 'param_1': 'r', 'param_2': 'p', 'param_3': 'f', 'param_4': 'v', 'param_5': 'm', 'nspname_1': 'pg_catalog'}
2026-05-07 09:17:46,576 INFO sqlalchemy.engine.Engine SELECT pg_catalog.pg_class.relname 
FROM pg_catalog.pg_class JOIN pg_catalog.pg_namespace ON pg_catalog.pg_namespace.oid = pg_catalog.pg_class.relnamespace 
WHERE pg_catalog.pg_class.relname = %(table_name)s AND pg_catalog.pg_class.relkind = ANY (ARRAY[%(param_1)s, %(param_2)s, %(param_3)s, %(param_4)s, %(param_5)s]) AND pg_catalog.pg_table_is_visible(pg_catalog.pg_class.oid) AND pg_catalog.pg_namespace.nspname != %(nspname_1)s
INFO:sqlalchemy.engine.Engine:SELECT pg_catalog.pg_class.relname 
FROM pg_catalog.pg_class JOIN pg_catalog.pg_namespace ON pg_catalog.pg_namespace.oid = pg_catalog.pg_class.relnamespace 
WHERE pg_catalog.pg_class.relname = %(table_name)s AND pg_catalog.pg_class.relkind = ANY (ARRAY[%(param_1)s, %(param_2)s, %(param_3)s, %(param_4)s, %(param_5)s]) AND pg_catalog.pg_table_is_visible(pg_catalog.pg_class.oid) AND pg_catalog.pg_namespace.nspname != %(nspname_1)s
2026-05-07 09:17:46,577 INFO sqlalchemy.engine.Engine [cached since 0.005667s ago] {'table_name': 'llm_usage', 'param_1': 'r', 'param_2': 'p', 'param_3': 'f', 'param_4': 'v', 'param_5': 'm', 'nspname_1': 'pg_catalog'}
INFO:sqlalchemy.engine.Engine:[cached since 0.005667s ago] {'table_name': 'llm_usage', 'param_1': 'r', 'param_2': 'p', 'param_3': 'f', 'param_4': 'v', 'param_5': 'm', 'nspname_1': 'pg_catalog'}
2026-05-07 09:17:46,577 INFO sqlalchemy.engine.Engine SELECT pg_catalog.pg_class.relname 
FROM pg_catalog.pg_class JOIN pg_catalog.pg_namespace ON pg_catalog.pg_namespace.oid = pg_catalog.pg_class.relnamespace 
WHERE pg_catalog.pg_class.relname = %(table_name)s AND pg_catalog.pg_class.relkind = ANY (ARRAY[%(param_1)s, %(param_2)s, %(param_3)s, %(param_4)s, %(param_5)s]) AND pg_catalog.pg_table_is_visible(pg_catalog.pg_class.oid) AND pg_catalog.pg_namespace.nspname != %(nspname_1)s
INFO:sqlalchemy.engine.Engine:SELECT pg_catalog.pg_class.relname 
FROM pg_catalog.pg_class JOIN pg_catalog.pg_namespace ON pg_catalog.pg_namespace.oid = pg_catalog.pg_class.relnamespace 
WHERE pg_catalog.pg_class.relname = %(table_name)s AND pg_catalog.pg_class.relkind = ANY (ARRAY[%(param_1)s, %(param_2)s, %(param_3)s, %(param_4)s, %(param_5)s]) AND pg_catalog.pg_table_is_visible(pg_catalog.pg_class.oid) AND pg_catalog.pg_namespace.nspname != %(nspname_1)s
2026-05-07 09:17:46,577 INFO sqlalchemy.engine.Engine [cached since 0.006466s ago] {'table_name': 'saved_reports', 'param_1': 'r', 'param_2': 'p', 'param_3': 'f', 'param_4': 'v', 'param_5': 'm', 'nspname_1': 'pg_catalog'}
INFO:sqlalchemy.engine.Engine:[cached since 0.006466s ago] {'table_name': 'saved_reports', 'param_1': 'r', 'param_2': 'p', 'param_3': 'f', 'param_4': 'v', 'param_5': 'm', 'nspname_1': 'pg_catalog'}
2026-05-07 09:17:46,578 INFO sqlalchemy.engine.Engine SELECT pg_catalog.pg_class.relname 
FROM pg_catalog.pg_class JOIN pg_catalog.pg_namespace ON pg_catalog.pg_namespace.oid = pg_catalog.pg_class.relnamespace 
WHERE pg_catalog.pg_class.relname = %(table_name)s AND pg_catalog.pg_class.relkind = ANY (ARRAY[%(param_1)s, %(param_2)s, %(param_3)s, %(param_4)s, %(param_5)s]) AND pg_catalog.pg_table_is_visible(pg_catalog.pg_class.oid) AND pg_catalog.pg_namespace.nspname != %(nspname_1)s
INFO:sqlalchemy.engine.Engine:SELECT pg_catalog.pg_class.relname 
FROM pg_catalog.pg_class JOIN pg_catalog.pg_namespace ON pg_catalog.pg_namespace.oid = pg_catalog.pg_class.relnamespace 
WHERE pg_catalog.pg_class.relname = %(table_name)s AND pg_catalog.pg_class.relkind = ANY (ARRAY[%(param_1)s, %(param_2)s, %(param_3)s, %(param_4)s, %(param_5)s]) AND pg_catalog.pg_table_is_visible(pg_catalog.pg_class.oid) AND pg_catalog.pg_namespace.nspname != %(nspname_1)s
2026-05-07 09:17:46,578 INFO sqlalchemy.engine.Engine [cached since 0.007236s ago] {'table_name': 'audit_logs', 'param_1': 'r', 'param_2': 'p', 'param_3': 'f', 'param_4': 'v', 'param_5': 'm', 'nspname_1': 'pg_catalog'}
INFO:sqlalchemy.engine.Engine:[cached since 0.007236s ago] {'table_name': 'audit_logs', 'param_1': 'r', 'param_2': 'p', 'param_3': 'f', 'param_4': 'v', 'param_5': 'm', 'nspname_1': 'pg_catalog'}
2026-05-07 09:17:46,580 INFO sqlalchemy.engine.Engine SELECT pg_catalog.pg_type.typname 
FROM pg_catalog.pg_type JOIN pg_catalog.pg_namespace ON pg_catalog.pg_namespace.oid = pg_catalog.pg_type.typnamespace 
WHERE pg_catalog.pg_type.typname = %(typname_1)s AND pg_catalog.pg_type_is_visible(pg_catalog.pg_type.oid) AND pg_catalog.pg_namespace.nspname != %(nspname_1)s
INFO:sqlalchemy.engine.Engine:SELECT pg_catalog.pg_type.typname 
FROM pg_catalog.pg_type JOIN pg_catalog.pg_namespace ON pg_catalog.pg_namespace.oid = pg_catalog.pg_type.typnamespace 
WHERE pg_catalog.pg_type.typname = %(typname_1)s AND pg_catalog.pg_type_is_visible(pg_catalog.pg_type.oid) AND pg_catalog.pg_namespace.nspname != %(nspname_1)s
2026-05-07 09:17:46,581 INFO sqlalchemy.engine.Engine [generated in 0.00023s] {'typname_1': 'doc_status', 'nspname_1': 'pg_catalog'}
INFO:sqlalchemy.engine.Engine:[generated in 0.00023s] {'typname_1': 'doc_status', 'nspname_1': 'pg_catalog'}
2026-05-07 09:17:46,581 INFO sqlalchemy.engine.Engine COMMIT
INFO:sqlalchemy.engine.Engine:COMMIT
INFO:backend.main:Database tables ensured.
2026-05-07 09:17:46,587 INFO sqlalchemy.engine.Engine BEGIN (implicit)
INFO:sqlalchemy.engine.Engine:BEGIN (implicit)
2026-05-07 09:17:46,589 INFO sqlalchemy.engine.Engine SELECT prompt_templates.id AS prompt_templates_id, prompt_templates.name AS prompt_templates_name, prompt_templates.category AS prompt_templates_category, prompt_templates.template AS prompt_templates_template, prompt_templates.description AS prompt_templates_description, prompt_templates.created_at AS prompt_templates_created_at 
FROM prompt_templates 
WHERE prompt_templates.name = %(name_1)s 
 LIMIT %(param_1)s
INFO:sqlalchemy.engine.Engine:SELECT prompt_templates.id AS prompt_templates_id, prompt_templates.name AS prompt_templates_name, prompt_templates.category AS prompt_templates_category, prompt_templates.template AS prompt_templates_template, prompt_templates.description AS prompt_templates_description, prompt_templates.created_at AS prompt_templates_created_at 
FROM prompt_templates 
WHERE prompt_templates.name = %(name_1)s 
 LIMIT %(param_1)s
2026-05-07 09:17:46,589 INFO sqlalchemy.engine.Engine [generated in 0.00025s] {'name_1': 'Default RAG', 'param_1': 1}
INFO:sqlalchemy.engine.Engine:[generated in 0.00025s] {'name_1': 'Default RAG', 'param_1': 1}
2026-05-07 09:17:46,591 INFO sqlalchemy.engine.Engine SELECT prompt_templates.id AS prompt_templates_id, prompt_templates.name AS prompt_templates_name, prompt_templates.category AS prompt_templates_category, prompt_templates.template AS prompt_templates_template, prompt_templates.description AS prompt_templates_description, prompt_templates.created_at AS prompt_templates_created_at 
FROM prompt_templates 
WHERE prompt_templates.name = %(name_1)s 
 LIMIT %(param_1)s
INFO:sqlalchemy.engine.Engine:SELECT prompt_templates.id AS prompt_templates_id, prompt_templates.name AS prompt_templates_name, prompt_templates.category AS prompt_templates_category, prompt_templates.template AS prompt_templates_template, prompt_templates.description AS prompt_templates_description, prompt_templates.created_at AS prompt_templates_created_at 
FROM prompt_templates 
WHERE prompt_templates.name = %(name_1)s 
 LIMIT %(param_1)s
2026-05-07 09:17:46,592 INFO sqlalchemy.engine.Engine [cached since 0.002512s ago] {'name_1': 'Executive Summary', 'param_1': 1}
INFO:sqlalchemy.engine.Engine:[cached since 0.002512s ago] {'name_1': 'Executive Summary', 'param_1': 1}
2026-05-07 09:17:46,593 INFO sqlalchemy.engine.Engine SELECT prompt_templates.id AS prompt_templates_id, prompt_templates.name AS prompt_templates_name, prompt_templates.category AS prompt_templates_category, prompt_templates.template AS prompt_templates_template, prompt_templates.description AS prompt_templates_description, prompt_templates.created_at AS prompt_templates_created_at 
FROM prompt_templates 
WHERE prompt_templates.name = %(name_1)s 
 LIMIT %(param_1)s
INFO:sqlalchemy.engine.Engine:SELECT prompt_templates.id AS prompt_templates_id, prompt_templates.name AS prompt_templates_name, prompt_templates.category AS prompt_templates_category, prompt_templates.template AS prompt_templates_template, prompt_templates.description AS prompt_templates_description, prompt_templates.created_at AS prompt_templates_created_at 
FROM prompt_templates 
WHERE prompt_templates.name = %(name_1)s 
 LIMIT %(param_1)s
2026-05-07 09:17:46,593 INFO sqlalchemy.engine.Engine [cached since 0.003857s ago] {'name_1': 'Comparative Analysis', 'param_1': 1}
INFO:sqlalchemy.engine.Engine:[cached since 0.003857s ago] {'name_1': 'Comparative Analysis', 'param_1': 1}
2026-05-07 09:17:46,594 INFO sqlalchemy.engine.Engine SELECT prompt_templates.id AS prompt_templates_id, prompt_templates.name AS prompt_templates_name, prompt_templates.category AS prompt_templates_category, prompt_templates.template AS prompt_templates_template, prompt_templates.description AS prompt_templates_description, prompt_templates.created_at AS prompt_templates_created_at 
FROM prompt_templates 
WHERE prompt_templates.name = %(name_1)s 
 LIMIT %(param_1)s
INFO:sqlalchemy.engine.Engine:SELECT prompt_templates.id AS prompt_templates_id, prompt_templates.name AS prompt_templates_name, prompt_templates.category AS prompt_templates_category, prompt_templates.template AS prompt_templates_template, prompt_templates.description AS prompt_templates_description, prompt_templates.created_at AS prompt_templates_created_at 
FROM prompt_templates 
WHERE prompt_templates.name = %(name_1)s 
 LIMIT %(param_1)s
2026-05-07 09:17:46,594 INFO sqlalchemy.engine.Engine [cached since 0.004981s ago] {'name_1': 'Data Extraction', 'param_1': 1}
INFO:sqlalchemy.engine.Engine:[cached since 0.004981s ago] {'name_1': 'Data Extraction', 'param_1': 1}
2026-05-07 09:17:46,595 INFO sqlalchemy.engine.Engine COMMIT
INFO:sqlalchemy.engine.Engine:COMMIT
INFO:backend.prompt_manager:Default prompt templates seeded.
INFO:backend.embeddings:Loading embedding model: BAAI/bge-base-en-v1.5
INFO:sentence_transformers.SentenceTransformer:Use pytorch device_name: cpu
INFO:sentence_transformers.SentenceTransformer:Load pretrained SentenceTransformer: BAAI/bge-base-en-v1.5
INFO:backend.embeddings:Embedding dimension: 768
[0;93m2026-05-07 09:17:47.595520802 [W:onnxruntime:Default, device_discovery.cc:211 DiscoverDevicesForPlatform] GPU device discovery failed: device_discovery.cc:91 ReadFileContents Failed to open file: "/sys/class/drm/card0/device/vendor"[m
ERROR:chromadb.telemetry.product.posthog:Failed to send telemetry event ClientStartEvent: capture() takes 1 positional argument but 3 were given
ERROR:chromadb.telemetry.product.posthog:Failed to send telemetry event ClientCreateCollectionEvent: capture() takes 1 positional argument but 3 were given
INFO:backend.vector_store:ChromaDB collection 'documents' ready (898 items)
INFO:backend.main:Services pre-warmed: embedding model loaded and ready.
INFO:     Application startup complete.
ERROR:    [Errno 98] error while attempting to bind on address ('0.0.0.0', 8000): address already in use
INFO:     Waiting for application shutdown.
INFO:backend.main:Shutdown complete.
INFO:     Application shutdown complete.
INFO:     Started server process [1170932]
INFO:     Waiting for application startup.
INFO:backend.main:Starting AI Knowledge Platform …
2026-05-07 09:18:07,179 INFO sqlalchemy.engine.Engine select pg_catalog.version()
INFO:sqlalchemy.engine.Engine:select pg_catalog.version()
2026-05-07 09:18:07,179 INFO sqlalchemy.engine.Engine [raw sql] {}
INFO:sqlalchemy.engine.Engine:[raw sql] {}
2026-05-07 09:18:07,181 INFO sqlalchemy.engine.Engine select current_schema()
INFO:sqlalchemy.engine.Engine:select current_schema()
2026-05-07 09:18:07,181 INFO sqlalchemy.engine.Engine [raw sql] {}
INFO:sqlalchemy.engine.Engine:[raw sql] {}
2026-05-07 09:18:07,181 INFO sqlalchemy.engine.Engine show standard_conforming_strings
INFO:sqlalchemy.engine.Engine:show standard_conforming_strings
2026-05-07 09:18:07,181 INFO sqlalchemy.engine.Engine [raw sql] {}
INFO:sqlalchemy.engine.Engine:[raw sql] {}
2026-05-07 09:18:07,182 INFO sqlalchemy.engine.Engine BEGIN (implicit)
INFO:sqlalchemy.engine.Engine:BEGIN (implicit)
2026-05-07 09:18:07,186 INFO sqlalchemy.engine.Engine SELECT pg_catalog.pg_class.relname 
FROM pg_catalog.pg_class JOIN pg_catalog.pg_namespace ON pg_catalog.pg_namespace.oid = pg_catalog.pg_class.relnamespace 
WHERE pg_catalog.pg_class.relname = %(table_name)s AND pg_catalog.pg_class.relkind = ANY (ARRAY[%(param_1)s, %(param_2)s, %(param_3)s, %(param_4)s, %(param_5)s]) AND pg_catalog.pg_table_is_visible(pg_catalog.pg_class.oid) AND pg_catalog.pg_namespace.nspname != %(nspname_1)s
INFO:sqlalchemy.engine.Engine:SELECT pg_catalog.pg_class.relname 
FROM pg_catalog.pg_class JOIN pg_catalog.pg_namespace ON pg_catalog.pg_namespace.oid = pg_catalog.pg_class.relnamespace 
WHERE pg_catalog.pg_class.relname = %(table_name)s AND pg_catalog.pg_class.relkind = ANY (ARRAY[%(param_1)s, %(param_2)s, %(param_3)s, %(param_4)s, %(param_5)s]) AND pg_catalog.pg_table_is_visible(pg_catalog.pg_class.oid) AND pg_catalog.pg_namespace.nspname != %(nspname_1)s
2026-05-07 09:18:07,186 INFO sqlalchemy.engine.Engine [generated in 0.00031s] {'table_name': 'documents', 'param_1': 'r', 'param_2': 'p', 'param_3': 'f', 'param_4': 'v', 'param_5': 'm', 'nspname_1': 'pg_catalog'}
INFO:sqlalchemy.engine.Engine:[generated in 0.00031s] {'table_name': 'documents', 'param_1': 'r', 'param_2': 'p', 'param_3': 'f', 'param_4': 'v', 'param_5': 'm', 'nspname_1': 'pg_catalog'}
2026-05-07 09:18:07,188 INFO sqlalchemy.engine.Engine SELECT pg_catalog.pg_class.relname 
FROM pg_catalog.pg_class JOIN pg_catalog.pg_namespace ON pg_catalog.pg_namespace.oid = pg_catalog.pg_class.relnamespace 
WHERE pg_catalog.pg_class.relname = %(table_name)s AND pg_catalog.pg_class.relkind = ANY (ARRAY[%(param_1)s, %(param_2)s, %(param_3)s, %(param_4)s, %(param_5)s]) AND pg_catalog.pg_table_is_visible(pg_catalog.pg_class.oid) AND pg_catalog.pg_namespace.nspname != %(nspname_1)s
INFO:sqlalchemy.engine.Engine:SELECT pg_catalog.pg_class.relname 
FROM pg_catalog.pg_class JOIN pg_catalog.pg_namespace ON pg_catalog.pg_namespace.oid = pg_catalog.pg_class.relnamespace 
WHERE pg_catalog.pg_class.relname = %(table_name)s AND pg_catalog.pg_class.relkind = ANY (ARRAY[%(param_1)s, %(param_2)s, %(param_3)s, %(param_4)s, %(param_5)s]) AND pg_catalog.pg_table_is_visible(pg_catalog.pg_class.oid) AND pg_catalog.pg_namespace.nspname != %(nspname_1)s
2026-05-07 09:18:07,188 INFO sqlalchemy.engine.Engine [cached since 0.002209s ago] {'table_name': 'prompt_templates', 'param_1': 'r', 'param_2': 'p', 'param_3': 'f', 'param_4': 'v', 'param_5': 'm', 'nspname_1': 'pg_catalog'}
INFO:sqlalchemy.engine.Engine:[cached since 0.002209s ago] {'table_name': 'prompt_templates', 'param_1': 'r', 'param_2': 'p', 'param_3': 'f', 'param_4': 'v', 'param_5': 'm', 'nspname_1': 'pg_catalog'}
2026-05-07 09:18:07,189 INFO sqlalchemy.engine.Engine SELECT pg_catalog.pg_class.relname 
FROM pg_catalog.pg_class JOIN pg_catalog.pg_namespace ON pg_catalog.pg_namespace.oid = pg_catalog.pg_class.relnamespace 
WHERE pg_catalog.pg_class.relname = %(table_name)s AND pg_catalog.pg_class.relkind = ANY (ARRAY[%(param_1)s, %(param_2)s, %(param_3)s, %(param_4)s, %(param_5)s]) AND pg_catalog.pg_table_is_visible(pg_catalog.pg_class.oid) AND pg_catalog.pg_namespace.nspname != %(nspname_1)s
INFO:sqlalchemy.engine.Engine:SELECT pg_catalog.pg_class.relname 
FROM pg_catalog.pg_class JOIN pg_catalog.pg_namespace ON pg_catalog.pg_namespace.oid = pg_catalog.pg_class.relnamespace 
WHERE pg_catalog.pg_class.relname = %(table_name)s AND pg_catalog.pg_class.relkind = ANY (ARRAY[%(param_1)s, %(param_2)s, %(param_3)s, %(param_4)s, %(param_5)s]) AND pg_catalog.pg_table_is_visible(pg_catalog.pg_class.oid) AND pg_catalog.pg_namespace.nspname != %(nspname_1)s
2026-05-07 09:18:07,189 INFO sqlalchemy.engine.Engine [cached since 0.003165s ago] {'table_name': 'conversations', 'param_1': 'r', 'param_2': 'p', 'param_3': 'f', 'param_4': 'v', 'param_5': 'm', 'nspname_1': 'pg_catalog'}
INFO:sqlalchemy.engine.Engine:[cached since 0.003165s ago] {'table_name': 'conversations', 'param_1': 'r', 'param_2': 'p', 'param_3': 'f', 'param_4': 'v', 'param_5': 'm', 'nspname_1': 'pg_catalog'}
2026-05-07 09:18:07,190 INFO sqlalchemy.engine.Engine SELECT pg_catalog.pg_class.relname 
FROM pg_catalog.pg_class JOIN pg_catalog.pg_namespace ON pg_catalog.pg_namespace.oid = pg_catalog.pg_class.relnamespace 
WHERE pg_catalog.pg_class.relname = %(table_name)s AND pg_catalog.pg_class.relkind = ANY (ARRAY[%(param_1)s, %(param_2)s, %(param_3)s, %(param_4)s, %(param_5)s]) AND pg_catalog.pg_table_is_visible(pg_catalog.pg_class.oid) AND pg_catalog.pg_namespace.nspname != %(nspname_1)s
INFO:sqlalchemy.engine.Engine:SELECT pg_catalog.pg_class.relname 
FROM pg_catalog.pg_class JOIN pg_catalog.pg_namespace ON pg_catalog.pg_namespace.oid = pg_catalog.pg_class.relnamespace 
WHERE pg_catalog.pg_class.relname = %(table_name)s AND pg_catalog.pg_class.relkind = ANY (ARRAY[%(param_1)s, %(param_2)s, %(param_3)s, %(param_4)s, %(param_5)s]) AND pg_catalog.pg_table_is_visible(pg_catalog.pg_class.oid) AND pg_catalog.pg_namespace.nspname != %(nspname_1)s
2026-05-07 09:18:07,190 INFO sqlalchemy.engine.Engine [cached since 0.004005s ago] {'table_name': 'users', 'param_1': 'r', 'param_2': 'p', 'param_3': 'f', 'param_4': 'v', 'param_5': 'm', 'nspname_1': 'pg_catalog'}
INFO:sqlalchemy.engine.Engine:[cached since 0.004005s ago] {'table_name': 'users', 'param_1': 'r', 'param_2': 'p', 'param_3': 'f', 'param_4': 'v', 'param_5': 'm', 'nspname_1': 'pg_catalog'}
2026-05-07 09:18:07,191 INFO sqlalchemy.engine.Engine SELECT pg_catalog.pg_class.relname 
FROM pg_catalog.pg_class JOIN pg_catalog.pg_namespace ON pg_catalog.pg_namespace.oid = pg_catalog.pg_class.relnamespace 
WHERE pg_catalog.pg_class.relname = %(table_name)s AND pg_catalog.pg_class.relkind = ANY (ARRAY[%(param_1)s, %(param_2)s, %(param_3)s, %(param_4)s, %(param_5)s]) AND pg_catalog.pg_table_is_visible(pg_catalog.pg_class.oid) AND pg_catalog.pg_namespace.nspname != %(nspname_1)s
INFO:sqlalchemy.engine.Engine:SELECT pg_catalog.pg_class.relname 
FROM pg_catalog.pg_class JOIN pg_catalog.pg_namespace ON pg_catalog.pg_namespace.oid = pg_catalog.pg_class.relnamespace 
WHERE pg_catalog.pg_class.relname = %(table_name)s AND pg_catalog.pg_class.relkind = ANY (ARRAY[%(param_1)s, %(param_2)s, %(param_3)s, %(param_4)s, %(param_5)s]) AND pg_catalog.pg_table_is_visible(pg_catalog.pg_class.oid) AND pg_catalog.pg_namespace.nspname != %(nspname_1)s
2026-05-07 09:18:07,191 INFO sqlalchemy.engine.Engine [cached since 0.00477s ago] {'table_name': 'llm_usage', 'param_1': 'r', 'param_2': 'p', 'param_3': 'f', 'param_4': 'v', 'param_5': 'm', 'nspname_1': 'pg_catalog'}
INFO:sqlalchemy.engine.Engine:[cached since 0.00477s ago] {'table_name': 'llm_usage', 'param_1': 'r', 'param_2': 'p', 'param_3': 'f', 'param_4': 'v', 'param_5': 'm', 'nspname_1': 'pg_catalog'}
2026-05-07 09:18:07,192 INFO sqlalchemy.engine.Engine SELECT pg_catalog.pg_class.relname 
FROM pg_catalog.pg_class JOIN pg_catalog.pg_namespace ON pg_catalog.pg_namespace.oid = pg_catalog.pg_class.relnamespace 
WHERE pg_catalog.pg_class.relname = %(table_name)s AND pg_catalog.pg_class.relkind = ANY (ARRAY[%(param_1)s, %(param_2)s, %(param_3)s, %(param_4)s, %(param_5)s]) AND pg_catalog.pg_table_is_visible(pg_catalog.pg_class.oid) AND pg_catalog.pg_namespace.nspname != %(nspname_1)s
INFO:sqlalchemy.engine.Engine:SELECT pg_catalog.pg_class.relname 
FROM pg_catalog.pg_class JOIN pg_catalog.pg_namespace ON pg_catalog.pg_namespace.oid = pg_catalog.pg_class.relnamespace 
WHERE pg_catalog.pg_class.relname = %(table_name)s AND pg_catalog.pg_class.relkind = ANY (ARRAY[%(param_1)s, %(param_2)s, %(param_3)s, %(param_4)s, %(param_5)s]) AND pg_catalog.pg_table_is_visible(pg_catalog.pg_class.oid) AND pg_catalog.pg_namespace.nspname != %(nspname_1)s
2026-05-07 09:18:07,192 INFO sqlalchemy.engine.Engine [cached since 0.005513s ago] {'table_name': 'saved_reports', 'param_1': 'r', 'param_2': 'p', 'param_3': 'f', 'param_4': 'v', 'param_5': 'm', 'nspname_1': 'pg_catalog'}
INFO:sqlalchemy.engine.Engine:[cached since 0.005513s ago] {'table_name': 'saved_reports', 'param_1': 'r', 'param_2': 'p', 'param_3': 'f', 'param_4': 'v', 'param_5': 'm', 'nspname_1': 'pg_catalog'}
2026-05-07 09:18:07,192 INFO sqlalchemy.engine.Engine SELECT pg_catalog.pg_class.relname 
FROM pg_catalog.pg_class JOIN pg_catalog.pg_namespace ON pg_catalog.pg_namespace.oid = pg_catalog.pg_class.relnamespace 
WHERE pg_catalog.pg_class.relname = %(table_name)s AND pg_catalog.pg_class.relkind = ANY (ARRAY[%(param_1)s, %(param_2)s, %(param_3)s, %(param_4)s, %(param_5)s]) AND pg_catalog.pg_table_is_visible(pg_catalog.pg_class.oid) AND pg_catalog.pg_namespace.nspname != %(nspname_1)s
INFO:sqlalchemy.engine.Engine:SELECT pg_catalog.pg_class.relname 
FROM pg_catalog.pg_class JOIN pg_catalog.pg_namespace ON pg_catalog.pg_namespace.oid = pg_catalog.pg_class.relnamespace 
WHERE pg_catalog.pg_class.relname = %(table_name)s AND pg_catalog.pg_class.relkind = ANY (ARRAY[%(param_1)s, %(param_2)s, %(param_3)s, %(param_4)s, %(param_5)s]) AND pg_catalog.pg_table_is_visible(pg_catalog.pg_class.oid) AND pg_catalog.pg_namespace.nspname != %(nspname_1)s
2026-05-07 09:18:07,192 INFO sqlalchemy.engine.Engine [cached since 0.00626s ago] {'table_name': 'audit_logs', 'param_1': 'r', 'param_2': 'p', 'param_3': 'f', 'param_4': 'v', 'param_5': 'm', 'nspname_1': 'pg_catalog'}
INFO:sqlalchemy.engine.Engine:[cached since 0.00626s ago] {'table_name': 'audit_logs', 'param_1': 'r', 'param_2': 'p', 'param_3': 'f', 'param_4': 'v', 'param_5': 'm', 'nspname_1': 'pg_catalog'}
2026-05-07 09:18:07,195 INFO sqlalchemy.engine.Engine SELECT pg_catalog.pg_type.typname 
FROM pg_catalog.pg_type JOIN pg_catalog.pg_namespace ON pg_catalog.pg_namespace.oid = pg_catalog.pg_type.typnamespace 
WHERE pg_catalog.pg_type.typname = %(typname_1)s AND pg_catalog.pg_type_is_visible(pg_catalog.pg_type.oid) AND pg_catalog.pg_namespace.nspname != %(nspname_1)s
INFO:sqlalchemy.engine.Engine:SELECT pg_catalog.pg_type.typname 
FROM pg_catalog.pg_type JOIN pg_catalog.pg_namespace ON pg_catalog.pg_namespace.oid = pg_catalog.pg_type.typnamespace 
WHERE pg_catalog.pg_type.typname = %(typname_1)s AND pg_catalog.pg_type_is_visible(pg_catalog.pg_type.oid) AND pg_catalog.pg_namespace.nspname != %(nspname_1)s
2026-05-07 09:18:07,195 INFO sqlalchemy.engine.Engine [generated in 0.00018s] {'typname_1': 'doc_status', 'nspname_1': 'pg_catalog'}
INFO:sqlalchemy.engine.Engine:[generated in 0.00018s] {'typname_1': 'doc_status', 'nspname_1': 'pg_catalog'}
2026-05-07 09:18:07,195 INFO sqlalchemy.engine.Engine COMMIT
INFO:sqlalchemy.engine.Engine:COMMIT
INFO:backend.main:Database tables ensured.
2026-05-07 09:18:07,201 INFO sqlalchemy.engine.Engine BEGIN (implicit)
INFO:sqlalchemy.engine.Engine:BEGIN (implicit)
2026-05-07 09:18:07,203 INFO sqlalchemy.engine.Engine SELECT prompt_templates.id AS prompt_templates_id, prompt_templates.name AS prompt_templates_name, prompt_templates.category AS prompt_templates_category, prompt_templates.template AS prompt_templates_template, prompt_templates.description AS prompt_templates_description, prompt_templates.created_at AS prompt_templates_created_at 
FROM prompt_templates 
WHERE prompt_templates.name = %(name_1)s 
 LIMIT %(param_1)s
INFO:sqlalchemy.engine.Engine:SELECT prompt_templates.id AS prompt_templates_id, prompt_templates.name AS prompt_templates_name, prompt_templates.category AS prompt_templates_category, prompt_templates.template AS prompt_templates_template, prompt_templates.description AS prompt_templates_description, prompt_templates.created_at AS prompt_templates_created_at 
FROM prompt_templates 
WHERE prompt_templates.name = %(name_1)s 
 LIMIT %(param_1)s
2026-05-07 09:18:07,203 INFO sqlalchemy.engine.Engine [generated in 0.00022s] {'name_1': 'Default RAG', 'param_1': 1}
INFO:sqlalchemy.engine.Engine:[generated in 0.00022s] {'name_1': 'Default RAG', 'param_1': 1}
2026-05-07 09:18:07,205 INFO sqlalchemy.engine.Engine SELECT prompt_templates.id AS prompt_templates_id, prompt_templates.name AS prompt_templates_name, prompt_templates.category AS prompt_templates_category, prompt_templates.template AS prompt_templates_template, prompt_templates.description AS prompt_templates_description, prompt_templates.created_at AS prompt_templates_created_at 
FROM prompt_templates 
WHERE prompt_templates.name = %(name_1)s 
 LIMIT %(param_1)s
INFO:sqlalchemy.engine.Engine:SELECT prompt_templates.id AS prompt_templates_id, prompt_templates.name AS prompt_templates_name, prompt_templates.category AS prompt_templates_category, prompt_templates.template AS prompt_templates_template, prompt_templates.description AS prompt_templates_description, prompt_templates.created_at AS prompt_templates_created_at 
FROM prompt_templates 
WHERE prompt_templates.name = %(name_1)s 
 LIMIT %(param_1)s
2026-05-07 09:18:07,205 INFO sqlalchemy.engine.Engine [cached since 0.002264s ago] {'name_1': 'Executive Summary', 'param_1': 1}
INFO:sqlalchemy.engine.Engine:[cached since 0.002264s ago] {'name_1': 'Executive Summary', 'param_1': 1}
2026-05-07 09:18:07,206 INFO sqlalchemy.engine.Engine SELECT prompt_templates.id AS prompt_templates_id, prompt_templates.name AS prompt_templates_name, prompt_templates.category AS prompt_templates_category, prompt_templates.template AS prompt_templates_template, prompt_templates.description AS prompt_templates_description, prompt_templates.created_at AS prompt_templates_created_at 
FROM prompt_templates 
WHERE prompt_templates.name = %(name_1)s 
 LIMIT %(param_1)s
INFO:sqlalchemy.engine.Engine:SELECT prompt_templates.id AS prompt_templates_id, prompt_templates.name AS prompt_templates_name, prompt_templates.category AS prompt_templates_category, prompt_templates.template AS prompt_templates_template, prompt_templates.description AS prompt_templates_description, prompt_templates.created_at AS prompt_templates_created_at 
FROM prompt_templates 
WHERE prompt_templates.name = %(name_1)s 
 LIMIT %(param_1)s
2026-05-07 09:18:07,206 INFO sqlalchemy.engine.Engine [cached since 0.003524s ago] {'name_1': 'Comparative Analysis', 'param_1': 1}
INFO:sqlalchemy.engine.Engine:[cached since 0.003524s ago] {'name_1': 'Comparative Analysis', 'param_1': 1}
2026-05-07 09:18:07,207 INFO sqlalchemy.engine.Engine SELECT prompt_templates.id AS prompt_templates_id, prompt_templates.name AS prompt_templates_name, prompt_templates.category AS prompt_templates_category, prompt_templates.template AS prompt_templates_template, prompt_templates.description AS prompt_templates_description, prompt_templates.created_at AS prompt_templates_created_at 
FROM prompt_templates 
WHERE prompt_templates.name = %(name_1)s 
 LIMIT %(param_1)s
INFO:sqlalchemy.engine.Engine:SELECT prompt_templates.id AS prompt_templates_id, prompt_templates.name AS prompt_templates_name, prompt_templates.category AS prompt_templates_category, prompt_templates.template AS prompt_templates_template, prompt_templates.description AS prompt_templates_description, prompt_templates.created_at AS prompt_templates_created_at 
FROM prompt_templates 
WHERE prompt_templates.name = %(name_1)s 
 LIMIT %(param_1)s
2026-05-07 09:18:07,207 INFO sqlalchemy.engine.Engine [cached since 0.004539s ago] {'name_1': 'Data Extraction', 'param_1': 1}
INFO:sqlalchemy.engine.Engine:[cached since 0.004539s ago] {'name_1': 'Data Extraction', 'param_1': 1}
2026-05-07 09:18:07,208 INFO sqlalchemy.engine.Engine COMMIT
INFO:sqlalchemy.engine.Engine:COMMIT
INFO:backend.prompt_manager:Default prompt templates seeded.
INFO:backend.embeddings:Loading embedding model: BAAI/bge-base-en-v1.5
INFO:sentence_transformers.SentenceTransformer:Use pytorch device_name: cpu
INFO:sentence_transformers.SentenceTransformer:Load pretrained SentenceTransformer: BAAI/bge-base-en-v1.5
INFO:backend.embeddings:Embedding dimension: 768
[0;93m2026-05-07 09:18:08.272490203 [W:onnxruntime:Default, device_discovery.cc:211 DiscoverDevicesForPlatform] GPU device discovery failed: device_discovery.cc:91 ReadFileContents Failed to open file: "/sys/class/drm/card0/device/vendor"[m
ERROR:chromadb.telemetry.product.posthog:Failed to send telemetry event ClientStartEvent: capture() takes 1 positional argument but 3 were given
ERROR:chromadb.telemetry.product.posthog:Failed to send telemetry event ClientCreateCollectionEvent: capture() takes 1 positional argument but 3 were given
INFO:backend.vector_store:ChromaDB collection 'documents' ready (898 items)
INFO:backend.main:Services pre-warmed: embedding model loaded and ready.
INFO:     Application startup complete.
ERROR:    [Errno 98] error while attempting to bind on address ('0.0.0.0', 8000): address already in use
INFO:     Waiting for application shutdown.
INFO:backend.main:Shutdown complete.
INFO:     Application shutdown complete.
INFO:     Started server process [1171021]
INFO:     Waiting for application startup.
INFO:backend.main:Starting AI Knowledge Platform …
2026-05-07 09:18:27,747 INFO sqlalchemy.engine.Engine select pg_catalog.version()
INFO:sqlalchemy.engine.Engine:select pg_catalog.version()
2026-05-07 09:18:27,747 INFO sqlalchemy.engine.Engine [raw sql] {}
INFO:sqlalchemy.engine.Engine:[raw sql] {}
2026-05-07 09:18:27,748 INFO sqlalchemy.engine.Engine select current_schema()
INFO:sqlalchemy.engine.Engine:select current_schema()
2026-05-07 09:18:27,748 INFO sqlalchemy.engine.Engine [raw sql] {}
INFO:sqlalchemy.engine.Engine:[raw sql] {}
2026-05-07 09:18:27,749 INFO sqlalchemy.engine.Engine show standard_conforming_strings
INFO:sqlalchemy.engine.Engine:show standard_conforming_strings
2026-05-07 09:18:27,749 INFO sqlalchemy.engine.Engine [raw sql] {}
INFO:sqlalchemy.engine.Engine:[raw sql] {}
2026-05-07 09:18:27,749 INFO sqlalchemy.engine.Engine BEGIN (implicit)
INFO:sqlalchemy.engine.Engine:BEGIN (implicit)
2026-05-07 09:18:27,754 INFO sqlalchemy.engine.Engine SELECT pg_catalog.pg_class.relname 
FROM pg_catalog.pg_class JOIN pg_catalog.pg_namespace ON pg_catalog.pg_namespace.oid = pg_catalog.pg_class.relnamespace 
WHERE pg_catalog.pg_class.relname = %(table_name)s AND pg_catalog.pg_class.relkind = ANY (ARRAY[%(param_1)s, %(param_2)s, %(param_3)s, %(param_4)s, %(param_5)s]) AND pg_catalog.pg_table_is_visible(pg_catalog.pg_class.oid) AND pg_catalog.pg_namespace.nspname != %(nspname_1)s
INFO:sqlalchemy.engine.Engine:SELECT pg_catalog.pg_class.relname 
FROM pg_catalog.pg_class JOIN pg_catalog.pg_namespace ON pg_catalog.pg_namespace.oid = pg_catalog.pg_class.relnamespace 
WHERE pg_catalog.pg_class.relname = %(table_name)s AND pg_catalog.pg_class.relkind = ANY (ARRAY[%(param_1)s, %(param_2)s, %(param_3)s, %(param_4)s, %(param_5)s]) AND pg_catalog.pg_table_is_visible(pg_catalog.pg_class.oid) AND pg_catalog.pg_namespace.nspname != %(nspname_1)s
2026-05-07 09:18:27,754 INFO sqlalchemy.engine.Engine [generated in 0.00028s] {'table_name': 'documents', 'param_1': 'r', 'param_2': 'p', 'param_3': 'f', 'param_4': 'v', 'param_5': 'm', 'nspname_1': 'pg_catalog'}
INFO:sqlalchemy.engine.Engine:[generated in 0.00028s] {'table_name': 'documents', 'param_1': 'r', 'param_2': 'p', 'param_3': 'f', 'param_4': 'v', 'param_5': 'm', 'nspname_1': 'pg_catalog'}
2026-05-07 09:18:27,756 INFO sqlalchemy.engine.Engine SELECT pg_catalog.pg_class.relname 
FROM pg_catalog.pg_class JOIN pg_catalog.pg_namespace ON pg_catalog.pg_namespace.oid = pg_catalog.pg_class.relnamespace 
WHERE pg_catalog.pg_class.relname = %(table_name)s AND pg_catalog.pg_class.relkind = ANY (ARRAY[%(param_1)s, %(param_2)s, %(param_3)s, %(param_4)s, %(param_5)s]) AND pg_catalog.pg_table_is_visible(pg_catalog.pg_class.oid) AND pg_catalog.pg_namespace.nspname != %(nspname_1)s
INFO:sqlalchemy.engine.Engine:SELECT pg_catalog.pg_class.relname 
FROM pg_catalog.pg_class JOIN pg_catalog.pg_namespace ON pg_catalog.pg_namespace.oid = pg_catalog.pg_class.relnamespace 
WHERE pg_catalog.pg_class.relname = %(table_name)s AND pg_catalog.pg_class.relkind = ANY (ARRAY[%(param_1)s, %(param_2)s, %(param_3)s, %(param_4)s, %(param_5)s]) AND pg_catalog.pg_table_is_visible(pg_catalog.pg_class.oid) AND pg_catalog.pg_namespace.nspname != %(nspname_1)s
2026-05-07 09:18:27,756 INFO sqlalchemy.engine.Engine [cached since 0.002207s ago] {'table_name': 'prompt_templates', 'param_1': 'r', 'param_2': 'p', 'param_3': 'f', 'param_4': 'v', 'param_5': 'm', 'nspname_1': 'pg_catalog'}
INFO:sqlalchemy.engine.Engine:[cached since 0.002207s ago] {'table_name': 'prompt_templates', 'param_1': 'r', 'param_2': 'p', 'param_3': 'f', 'param_4': 'v', 'param_5': 'm', 'nspname_1': 'pg_catalog'}
2026-05-07 09:18:27,757 INFO sqlalchemy.engine.Engine SELECT pg_catalog.pg_class.relname 
FROM pg_catalog.pg_class JOIN pg_catalog.pg_namespace ON pg_catalog.pg_namespace.oid = pg_catalog.pg_class.relnamespace 
WHERE pg_catalog.pg_class.relname = %(table_name)s AND pg_catalog.pg_class.relkind = ANY (ARRAY[%(param_1)s, %(param_2)s, %(param_3)s, %(param_4)s, %(param_5)s]) AND pg_catalog.pg_table_is_visible(pg_catalog.pg_class.oid) AND pg_catalog.pg_namespace.nspname != %(nspname_1)s
INFO:sqlalchemy.engine.Engine:SELECT pg_catalog.pg_class.relname 
FROM pg_catalog.pg_class JOIN pg_catalog.pg_namespace ON pg_catalog.pg_namespace.oid = pg_catalog.pg_class.relnamespace 
WHERE pg_catalog.pg_class.relname = %(table_name)s AND pg_catalog.pg_class.relkind = ANY (ARRAY[%(param_1)s, %(param_2)s, %(param_3)s, %(param_4)s, %(param_5)s]) AND pg_catalog.pg_table_is_visible(pg_catalog.pg_class.oid) AND pg_catalog.pg_namespace.nspname != %(nspname_1)s
2026-05-07 09:18:27,757 INFO sqlalchemy.engine.Engine [cached since 0.003155s ago] {'table_name': 'conversations', 'param_1': 'r', 'param_2': 'p', 'param_3': 'f', 'param_4': 'v', 'param_5': 'm', 'nspname_1': 'pg_catalog'}
INFO:sqlalchemy.engine.Engine:[cached since 0.003155s ago] {'table_name': 'conversations', 'param_1': 'r', 'param_2': 'p', 'param_3': 'f', 'param_4': 'v', 'param_5': 'm', 'nspname_1': 'pg_catalog'}
2026-05-07 09:18:27,757 INFO sqlalchemy.engine.Engine SELECT pg_catalog.pg_class.relname 
FROM pg_catalog.pg_class JOIN pg_catalog.pg_namespace ON pg_catalog.pg_namespace.oid = pg_catalog.pg_class.relnamespace 
WHERE pg_catalog.pg_class.relname = %(table_name)s AND pg_catalog.pg_class.relkind = ANY (ARRAY[%(param_1)s, %(param_2)s, %(param_3)s, %(param_4)s, %(param_5)s]) AND pg_catalog.pg_table_is_visible(pg_catalog.pg_class.oid) AND pg_catalog.pg_namespace.nspname != %(nspname_1)s
INFO:sqlalchemy.engine.Engine:SELECT pg_catalog.pg_class.relname 
FROM pg_catalog.pg_class JOIN pg_catalog.pg_namespace ON pg_catalog.pg_namespace.oid = pg_catalog.pg_class.relnamespace 
WHERE pg_catalog.pg_class.relname = %(table_name)s AND pg_catalog.pg_class.relkind = ANY (ARRAY[%(param_1)s, %(param_2)s, %(param_3)s, %(param_4)s, %(param_5)s]) AND pg_catalog.pg_table_is_visible(pg_catalog.pg_class.oid) AND pg_catalog.pg_namespace.nspname != %(nspname_1)s
2026-05-07 09:18:27,758 INFO sqlalchemy.engine.Engine [cached since 0.004062s ago] {'table_name': 'users', 'param_1': 'r', 'param_2': 'p', 'param_3': 'f', 'param_4': 'v', 'param_5': 'm', 'nspname_1': 'pg_catalog'}
INFO:sqlalchemy.engine.Engine:[cached since 0.004062s ago] {'table_name': 'users', 'param_1': 'r', 'param_2': 'p', 'param_3': 'f', 'param_4': 'v', 'param_5': 'm', 'nspname_1': 'pg_catalog'}
2026-05-07 09:18:27,758 INFO sqlalchemy.engine.Engine SELECT pg_catalog.pg_class.relname 
FROM pg_catalog.pg_class JOIN pg_catalog.pg_namespace ON pg_catalog.pg_namespace.oid = pg_catalog.pg_class.relnamespace 
WHERE pg_catalog.pg_class.relname = %(table_name)s AND pg_catalog.pg_class.relkind = ANY (ARRAY[%(param_1)s, %(param_2)s, %(param_3)s, %(param_4)s, %(param_5)s]) AND pg_catalog.pg_table_is_visible(pg_catalog.pg_class.oid) AND pg_catalog.pg_namespace.nspname != %(nspname_1)s
INFO:sqlalchemy.engine.Engine:SELECT pg_catalog.pg_class.relname 
FROM pg_catalog.pg_class JOIN pg_catalog.pg_namespace ON pg_catalog.pg_namespace.oid = pg_catalog.pg_class.relnamespace 
WHERE pg_catalog.pg_class.relname = %(table_name)s AND pg_catalog.pg_class.relkind = ANY (ARRAY[%(param_1)s, %(param_2)s, %(param_3)s, %(param_4)s, %(param_5)s]) AND pg_catalog.pg_table_is_visible(pg_catalog.pg_class.oid) AND pg_catalog.pg_namespace.nspname != %(nspname_1)s
2026-05-07 09:18:27,758 INFO sqlalchemy.engine.Engine [cached since 0.004962s ago] {'table_name': 'llm_usage', 'param_1': 'r', 'param_2': 'p', 'param_3': 'f', 'param_4': 'v', 'param_5': 'm', 'nspname_1': 'pg_catalog'}
INFO:sqlalchemy.engine.Engine:[cached since 0.004962s ago] {'table_name': 'llm_usage', 'param_1': 'r', 'param_2': 'p', 'param_3': 'f', 'param_4': 'v', 'param_5': 'm', 'nspname_1': 'pg_catalog'}
2026-05-07 09:18:27,759 INFO sqlalchemy.engine.Engine SELECT pg_catalog.pg_class.relname 
FROM pg_catalog.pg_class JOIN pg_catalog.pg_namespace ON pg_catalog.pg_namespace.oid = pg_catalog.pg_class.relnamespace 
WHERE pg_catalog.pg_class.relname = %(table_name)s AND pg_catalog.pg_class.relkind = ANY (ARRAY[%(param_1)s, %(param_2)s, %(param_3)s, %(param_4)s, %(param_5)s]) AND pg_catalog.pg_table_is_visible(pg_catalog.pg_class.oid) AND pg_catalog.pg_namespace.nspname != %(nspname_1)s
INFO:sqlalchemy.engine.Engine:SELECT pg_catalog.pg_class.relname 
FROM pg_catalog.pg_class JOIN pg_catalog.pg_namespace ON pg_catalog.pg_namespace.oid = pg_catalog.pg_class.relnamespace 
WHERE pg_catalog.pg_class.relname = %(table_name)s AND pg_catalog.pg_class.relkind = ANY (ARRAY[%(param_1)s, %(param_2)s, %(param_3)s, %(param_4)s, %(param_5)s]) AND pg_catalog.pg_table_is_visible(pg_catalog.pg_class.oid) AND pg_catalog.pg_namespace.nspname != %(nspname_1)s
2026-05-07 09:18:27,759 INFO sqlalchemy.engine.Engine [cached since 0.005712s ago] {'table_name': 'saved_reports', 'param_1': 'r', 'param_2': 'p', 'param_3': 'f', 'param_4': 'v', 'param_5': 'm', 'nspname_1': 'pg_catalog'}
INFO:sqlalchemy.engine.Engine:[cached since 0.005712s ago] {'table_name': 'saved_reports', 'param_1': 'r', 'param_2': 'p', 'param_3': 'f', 'param_4': 'v', 'param_5': 'm', 'nspname_1': 'pg_catalog'}
2026-05-07 09:18:27,760 INFO sqlalchemy.engine.Engine SELECT pg_catalog.pg_class.relname 
FROM pg_catalog.pg_class JOIN pg_catalog.pg_namespace ON pg_catalog.pg_namespace.oid = pg_catalog.pg_class.relnamespace 
WHERE pg_catalog.pg_class.relname = %(table_name)s AND pg_catalog.pg_class.relkind = ANY (ARRAY[%(param_1)s, %(param_2)s, %(param_3)s, %(param_4)s, %(param_5)s]) AND pg_catalog.pg_table_is_visible(pg_catalog.pg_class.oid) AND pg_catalog.pg_namespace.nspname != %(nspname_1)s
INFO:sqlalchemy.engine.Engine:SELECT pg_catalog.pg_class.relname 
FROM pg_catalog.pg_class JOIN pg_catalog.pg_namespace ON pg_catalog.pg_namespace.oid = pg_catalog.pg_class.relnamespace 
WHERE pg_catalog.pg_class.relname = %(table_name)s AND pg_catalog.pg_class.relkind = ANY (ARRAY[%(param_1)s, %(param_2)s, %(param_3)s, %(param_4)s, %(param_5)s]) AND pg_catalog.pg_table_is_visible(pg_catalog.pg_class.oid) AND pg_catalog.pg_namespace.nspname != %(nspname_1)s
2026-05-07 09:18:27,760 INFO sqlalchemy.engine.Engine [cached since 0.006441s ago] {'table_name': 'audit_logs', 'param_1': 'r', 'param_2': 'p', 'param_3': 'f', 'param_4': 'v', 'param_5': 'm', 'nspname_1': 'pg_catalog'}
INFO:sqlalchemy.engine.Engine:[cached since 0.006441s ago] {'table_name': 'audit_logs', 'param_1': 'r', 'param_2': 'p', 'param_3': 'f', 'param_4': 'v', 'param_5': 'm', 'nspname_1': 'pg_catalog'}
2026-05-07 09:18:27,762 INFO sqlalchemy.engine.Engine SELECT pg_catalog.pg_type.typname 
FROM pg_catalog.pg_type JOIN pg_catalog.pg_namespace ON pg_catalog.pg_namespace.oid = pg_catalog.pg_type.typnamespace 
WHERE pg_catalog.pg_type.typname = %(typname_1)s AND pg_catalog.pg_type_is_visible(pg_catalog.pg_type.oid) AND pg_catalog.pg_namespace.nspname != %(nspname_1)s
INFO:sqlalchemy.engine.Engine:SELECT pg_catalog.pg_type.typname 
FROM pg_catalog.pg_type JOIN pg_catalog.pg_namespace ON pg_catalog.pg_namespace.oid = pg_catalog.pg_type.typnamespace 
WHERE pg_catalog.pg_type.typname = %(typname_1)s AND pg_catalog.pg_type_is_visible(pg_catalog.pg_type.oid) AND pg_catalog.pg_namespace.nspname != %(nspname_1)s
2026-05-07 09:18:27,762 INFO sqlalchemy.engine.Engine [generated in 0.00017s] {'typname_1': 'doc_status', 'nspname_1': 'pg_catalog'}
INFO:sqlalchemy.engine.Engine:[generated in 0.00017s] {'typname_1': 'doc_status', 'nspname_1': 'pg_catalog'}
2026-05-07 09:18:27,763 INFO sqlalchemy.engine.Engine COMMIT
INFO:sqlalchemy.engine.Engine:COMMIT
INFO:backend.main:Database tables ensured.
2026-05-07 09:18:27,768 INFO sqlalchemy.engine.Engine BEGIN (implicit)
INFO:sqlalchemy.engine.Engine:BEGIN (implicit)
2026-05-07 09:18:27,771 INFO sqlalchemy.engine.Engine SELECT prompt_templates.id AS prompt_templates_id, prompt_templates.name AS prompt_templates_name, prompt_templates.category AS prompt_templates_category, prompt_templates.template AS prompt_templates_template, prompt_templates.description AS prompt_templates_description, prompt_templates.created_at AS prompt_templates_created_at 
FROM prompt_templates 
WHERE prompt_templates.name = %(name_1)s 
 LIMIT %(param_1)s
INFO:sqlalchemy.engine.Engine:SELECT prompt_templates.id AS prompt_templates_id, prompt_templates.name AS prompt_templates_name, prompt_templates.category AS prompt_templates_category, prompt_templates.template AS prompt_templates_template, prompt_templates.description AS prompt_templates_description, prompt_templates.created_at AS prompt_templates_created_at 
FROM prompt_templates 
WHERE prompt_templates.name = %(name_1)s 
 LIMIT %(param_1)s
2026-05-07 09:18:27,771 INFO sqlalchemy.engine.Engine [generated in 0.00025s] {'name_1': 'Default RAG', 'param_1': 1}
INFO:sqlalchemy.engine.Engine:[generated in 0.00025s] {'name_1': 'Default RAG', 'param_1': 1}
2026-05-07 09:18:27,773 INFO sqlalchemy.engine.Engine SELECT prompt_templates.id AS prompt_templates_id, prompt_templates.name AS prompt_templates_name, prompt_templates.category AS prompt_templates_category, prompt_templates.template AS prompt_templates_template, prompt_templates.description AS prompt_templates_description, prompt_templates.created_at AS prompt_templates_created_at 
FROM prompt_templates 
WHERE prompt_templates.name = %(name_1)s 
 LIMIT %(param_1)s
INFO:sqlalchemy.engine.Engine:SELECT prompt_templates.id AS prompt_templates_id, prompt_templates.name AS prompt_templates_name, prompt_templates.category AS prompt_templates_category, prompt_templates.template AS prompt_templates_template, prompt_templates.description AS prompt_templates_description, prompt_templates.created_at AS prompt_templates_created_at 
FROM prompt_templates 
WHERE prompt_templates.name = %(name_1)s 
 LIMIT %(param_1)s
2026-05-07 09:18:27,773 INFO sqlalchemy.engine.Engine [cached since 0.002274s ago] {'name_1': 'Executive Summary', 'param_1': 1}
INFO:sqlalchemy.engine.Engine:[cached since 0.002274s ago] {'name_1': 'Executive Summary', 'param_1': 1}
2026-05-07 09:18:27,774 INFO sqlalchemy.engine.Engine SELECT prompt_templates.id AS prompt_templates_id, prompt_templates.name AS prompt_templates_name, prompt_templates.category AS prompt_templates_category, prompt_templates.template AS prompt_templates_template, prompt_templates.description AS prompt_templates_description, prompt_templates.created_at AS prompt_templates_created_at 
FROM prompt_templates 
WHERE prompt_templates.name = %(name_1)s 
 LIMIT %(param_1)s
INFO:sqlalchemy.engine.Engine:SELECT prompt_templates.id AS prompt_templates_id, prompt_templates.name AS prompt_templates_name, prompt_templates.category AS prompt_templates_category, prompt_templates.template AS prompt_templates_template, prompt_templates.description AS prompt_templates_description, prompt_templates.created_at AS prompt_templates_created_at 
FROM prompt_templates 
WHERE prompt_templates.name = %(name_1)s 
 LIMIT %(param_1)s
2026-05-07 09:18:27,774 INFO sqlalchemy.engine.Engine [cached since 0.003396s ago] {'name_1': 'Comparative Analysis', 'param_1': 1}
INFO:sqlalchemy.engine.Engine:[cached since 0.003396s ago] {'name_1': 'Comparative Analysis', 'param_1': 1}
2026-05-07 09:18:27,775 INFO sqlalchemy.engine.Engine SELECT prompt_templates.id AS prompt_templates_id, prompt_templates.name AS prompt_templates_name, prompt_templates.category AS prompt_templates_category, prompt_templates.template AS prompt_templates_template, prompt_templates.description AS prompt_templates_description, prompt_templates.created_at AS prompt_templates_created_at 
FROM prompt_templates 
WHERE prompt_templates.name = %(name_1)s 
 LIMIT %(param_1)s
INFO:sqlalchemy.engine.Engine:SELECT prompt_templates.id AS prompt_templates_id, prompt_templates.name AS prompt_templates_name, prompt_templates.category AS prompt_templates_category, prompt_templates.template AS prompt_templates_template, prompt_templates.description AS prompt_templates_description, prompt_templates.created_at AS prompt_templates_created_at 
FROM prompt_templates 
WHERE prompt_templates.name = %(name_1)s 
 LIMIT %(param_1)s
2026-05-07 09:18:27,775 INFO sqlalchemy.engine.Engine [cached since 0.004386s ago] {'name_1': 'Data Extraction', 'param_1': 1}
INFO:sqlalchemy.engine.Engine:[cached since 0.004386s ago] {'name_1': 'Data Extraction', 'param_1': 1}
2026-05-07 09:18:27,776 INFO sqlalchemy.engine.Engine COMMIT
INFO:sqlalchemy.engine.Engine:COMMIT
INFO:backend.prompt_manager:Default prompt templates seeded.
INFO:backend.embeddings:Loading embedding model: BAAI/bge-base-en-v1.5
INFO:sentence_transformers.SentenceTransformer:Use pytorch device_name: cpu
INFO:sentence_transformers.SentenceTransformer:Load pretrained SentenceTransformer: BAAI/bge-base-en-v1.5
INFO:backend.embeddings:Embedding dimension: 768
[0;93m2026-05-07 09:18:28.954704765 [W:onnxruntime:Default, device_discovery.cc:211 DiscoverDevicesForPlatform] GPU device discovery failed: device_discovery.cc:91 ReadFileContents Failed to open file: "/sys/class/drm/card0/device/vendor"[m
ERROR:chromadb.telemetry.product.posthog:Failed to send telemetry event ClientStartEvent: capture() takes 1 positional argument but 3 were given
ERROR:chromadb.telemetry.product.posthog:Failed to send telemetry event ClientCreateCollectionEvent: capture() takes 1 positional argument but 3 were given
INFO:backend.vector_store:ChromaDB collection 'documents' ready (898 items)
INFO:backend.main:Services pre-warmed: embedding model loaded and ready.
INFO:     Application startup complete.
ERROR:    [Errno 98] error while attempting to bind on address ('0.0.0.0', 8000): address already in use
INFO:     Waiting for application shutdown.
INFO:backend.main:Shutdown complete.
INFO:     Application shutdown complete.
INFO:     Started server process [1171115]
INFO:     Waiting for application startup.
INFO:backend.main:Starting AI Knowledge Platform …
2026-05-07 09:18:48,635 INFO sqlalchemy.engine.Engine select pg_catalog.version()
INFO:sqlalchemy.engine.Engine:select pg_catalog.version()
2026-05-07 09:18:48,635 INFO sqlalchemy.engine.Engine [raw sql] {}
INFO:sqlalchemy.engine.Engine:[raw sql] {}
2026-05-07 09:18:48,636 INFO sqlalchemy.engine.Engine select current_schema()
INFO:sqlalchemy.engine.Engine:select current_schema()
2026-05-07 09:18:48,637 INFO sqlalchemy.engine.Engine [raw sql] {}
INFO:sqlalchemy.engine.Engine:[raw sql] {}
2026-05-07 09:18:48,637 INFO sqlalchemy.engine.Engine show standard_conforming_strings
INFO:sqlalchemy.engine.Engine:show standard_conforming_strings
2026-05-07 09:18:48,637 INFO sqlalchemy.engine.Engine [raw sql] {}
INFO:sqlalchemy.engine.Engine:[raw sql] {}
2026-05-07 09:18:48,638 INFO sqlalchemy.engine.Engine BEGIN (implicit)
INFO:sqlalchemy.engine.Engine:BEGIN (implicit)
2026-05-07 09:18:48,642 INFO sqlalchemy.engine.Engine SELECT pg_catalog.pg_class.relname 
FROM pg_catalog.pg_class JOIN pg_catalog.pg_namespace ON pg_catalog.pg_namespace.oid = pg_catalog.pg_class.relnamespace 
WHERE pg_catalog.pg_class.relname = %(table_name)s AND pg_catalog.pg_class.relkind = ANY (ARRAY[%(param_1)s, %(param_2)s, %(param_3)s, %(param_4)s, %(param_5)s]) AND pg_catalog.pg_table_is_visible(pg_catalog.pg_class.oid) AND pg_catalog.pg_namespace.nspname != %(nspname_1)s
INFO:sqlalchemy.engine.Engine:SELECT pg_catalog.pg_class.relname 
FROM pg_catalog.pg_class JOIN pg_catalog.pg_namespace ON pg_catalog.pg_namespace.oid = pg_catalog.pg_class.relnamespace 
WHERE pg_catalog.pg_class.relname = %(table_name)s AND pg_catalog.pg_class.relkind = ANY (ARRAY[%(param_1)s, %(param_2)s, %(param_3)s, %(param_4)s, %(param_5)s]) AND pg_catalog.pg_table_is_visible(pg_catalog.pg_class.oid) AND pg_catalog.pg_namespace.nspname != %(nspname_1)s
2026-05-07 09:18:48,642 INFO sqlalchemy.engine.Engine [generated in 0.00027s] {'table_name': 'documents', 'param_1': 'r', 'param_2': 'p', 'param_3': 'f', 'param_4': 'v', 'param_5': 'm', 'nspname_1': 'pg_catalog'}
INFO:sqlalchemy.engine.Engine:[generated in 0.00027s] {'table_name': 'documents', 'param_1': 'r', 'param_2': 'p', 'param_3': 'f', 'param_4': 'v', 'param_5': 'm', 'nspname_1': 'pg_catalog'}
2026-05-07 09:18:48,644 INFO sqlalchemy.engine.Engine SELECT pg_catalog.pg_class.relname 
FROM pg_catalog.pg_class JOIN pg_catalog.pg_namespace ON pg_catalog.pg_namespace.oid = pg_catalog.pg_class.relnamespace 
WHERE pg_catalog.pg_class.relname = %(table_name)s AND pg_catalog.pg_class.relkind = ANY (ARRAY[%(param_1)s, %(param_2)s, %(param_3)s, %(param_4)s, %(param_5)s]) AND pg_catalog.pg_table_is_visible(pg_catalog.pg_class.oid) AND pg_catalog.pg_namespace.nspname != %(nspname_1)s
INFO:sqlalchemy.engine.Engine:SELECT pg_catalog.pg_class.relname 
FROM pg_catalog.pg_class JOIN pg_catalog.pg_namespace ON pg_catalog.pg_namespace.oid = pg_catalog.pg_class.relnamespace 
WHERE pg_catalog.pg_class.relname = %(table_name)s AND pg_catalog.pg_class.relkind = ANY (ARRAY[%(param_1)s, %(param_2)s, %(param_3)s, %(param_4)s, %(param_5)s]) AND pg_catalog.pg_table_is_visible(pg_catalog.pg_class.oid) AND pg_catalog.pg_namespace.nspname != %(nspname_1)s
2026-05-07 09:18:48,644 INFO sqlalchemy.engine.Engine [cached since 0.002229s ago] {'table_name': 'prompt_templates', 'param_1': 'r', 'param_2': 'p', 'param_3': 'f', 'param_4': 'v', 'param_5': 'm', 'nspname_1': 'pg_catalog'}
INFO:sqlalchemy.engine.Engine:[cached since 0.002229s ago] {'table_name': 'prompt_templates', 'param_1': 'r', 'param_2': 'p', 'param_3': 'f', 'param_4': 'v', 'param_5': 'm', 'nspname_1': 'pg_catalog'}
2026-05-07 09:18:48,645 INFO sqlalchemy.engine.Engine SELECT pg_catalog.pg_class.relname 
FROM pg_catalog.pg_class JOIN pg_catalog.pg_namespace ON pg_catalog.pg_namespace.oid = pg_catalog.pg_class.relnamespace 
WHERE pg_catalog.pg_class.relname = %(table_name)s AND pg_catalog.pg_class.relkind = ANY (ARRAY[%(param_1)s, %(param_2)s, %(param_3)s, %(param_4)s, %(param_5)s]) AND pg_catalog.pg_table_is_visible(pg_catalog.pg_class.oid) AND pg_catalog.pg_namespace.nspname != %(nspname_1)s
INFO:sqlalchemy.engine.Engine:SELECT pg_catalog.pg_class.relname 
FROM pg_catalog.pg_class JOIN pg_catalog.pg_namespace ON pg_catalog.pg_namespace.oid = pg_catalog.pg_class.relnamespace 
WHERE pg_catalog.pg_class.relname = %(table_name)s AND pg_catalog.pg_class.relkind = ANY (ARRAY[%(param_1)s, %(param_2)s, %(param_3)s, %(param_4)s, %(param_5)s]) AND pg_catalog.pg_table_is_visible(pg_catalog.pg_class.oid) AND pg_catalog.pg_namespace.nspname != %(nspname_1)s
2026-05-07 09:18:48,645 INFO sqlalchemy.engine.Engine [cached since 0.003175s ago] {'table_name': 'conversations', 'param_1': 'r', 'param_2': 'p', 'param_3': 'f', 'param_4': 'v', 'param_5': 'm', 'nspname_1': 'pg_catalog'}
INFO:sqlalchemy.engine.Engine:[cached since 0.003175s ago] {'table_name': 'conversations', 'param_1': 'r', 'param_2': 'p', 'param_3': 'f', 'param_4': 'v', 'param_5': 'm', 'nspname_1': 'pg_catalog'}
2026-05-07 09:18:48,646 INFO sqlalchemy.engine.Engine SELECT pg_catalog.pg_class.relname 
FROM pg_catalog.pg_class JOIN pg_catalog.pg_namespace ON pg_catalog.pg_namespace.oid = pg_catalog.pg_class.relnamespace 
WHERE pg_catalog.pg_class.relname = %(table_name)s AND pg_catalog.pg_class.relkind = ANY (ARRAY[%(param_1)s, %(param_2)s, %(param_3)s, %(param_4)s, %(param_5)s]) AND pg_catalog.pg_table_is_visible(pg_catalog.pg_class.oid) AND pg_catalog.pg_namespace.nspname != %(nspname_1)s
INFO:sqlalchemy.engine.Engine:SELECT pg_catalog.pg_class.relname 
FROM pg_catalog.pg_class JOIN pg_catalog.pg_namespace ON pg_catalog.pg_namespace.oid = pg_catalog.pg_class.relnamespace 
WHERE pg_catalog.pg_class.relname = %(table_name)s AND pg_catalog.pg_class.relkind = ANY (ARRAY[%(param_1)s, %(param_2)s, %(param_3)s, %(param_4)s, %(param_5)s]) AND pg_catalog.pg_table_is_visible(pg_catalog.pg_class.oid) AND pg_catalog.pg_namespace.nspname != %(nspname_1)s
2026-05-07 09:18:48,646 INFO sqlalchemy.engine.Engine [cached since 0.003991s ago] {'table_name': 'users', 'param_1': 'r', 'param_2': 'p', 'param_3': 'f', 'param_4': 'v', 'param_5': 'm', 'nspname_1': 'pg_catalog'}
INFO:sqlalchemy.engine.Engine:[cached since 0.003991s ago] {'table_name': 'users', 'param_1': 'r', 'param_2': 'p', 'param_3': 'f', 'param_4': 'v', 'param_5': 'm', 'nspname_1': 'pg_catalog'}
2026-05-07 09:18:48,647 INFO sqlalchemy.engine.Engine SELECT pg_catalog.pg_class.relname 
FROM pg_catalog.pg_class JOIN pg_catalog.pg_namespace ON pg_catalog.pg_namespace.oid = pg_catalog.pg_class.relnamespace 
WHERE pg_catalog.pg_class.relname = %(table_name)s AND pg_catalog.pg_class.relkind = ANY (ARRAY[%(param_1)s, %(param_2)s, %(param_3)s, %(param_4)s, %(param_5)s]) AND pg_catalog.pg_table_is_visible(pg_catalog.pg_class.oid) AND pg_catalog.pg_namespace.nspname != %(nspname_1)s
INFO:sqlalchemy.engine.Engine:SELECT pg_catalog.pg_class.relname 
FROM pg_catalog.pg_class JOIN pg_catalog.pg_namespace ON pg_catalog.pg_namespace.oid = pg_catalog.pg_class.relnamespace 
WHERE pg_catalog.pg_class.relname = %(table_name)s AND pg_catalog.pg_class.relkind = ANY (ARRAY[%(param_1)s, %(param_2)s, %(param_3)s, %(param_4)s, %(param_5)s]) AND pg_catalog.pg_table_is_visible(pg_catalog.pg_class.oid) AND pg_catalog.pg_namespace.nspname != %(nspname_1)s
2026-05-07 09:18:48,647 INFO sqlalchemy.engine.Engine [cached since 0.004784s ago] {'table_name': 'llm_usage', 'param_1': 'r', 'param_2': 'p', 'param_3': 'f', 'param_4': 'v', 'param_5': 'm', 'nspname_1': 'pg_catalog'}
INFO:sqlalchemy.engine.Engine:[cached since 0.004784s ago] {'table_name': 'llm_usage', 'param_1': 'r', 'param_2': 'p', 'param_3': 'f', 'param_4': 'v', 'param_5': 'm', 'nspname_1': 'pg_catalog'}
2026-05-07 09:18:48,647 INFO sqlalchemy.engine.Engine SELECT pg_catalog.pg_class.relname 
FROM pg_catalog.pg_class JOIN pg_catalog.pg_namespace ON pg_catalog.pg_namespace.oid = pg_catalog.pg_class.relnamespace 
WHERE pg_catalog.pg_class.relname = %(table_name)s AND pg_catalog.pg_class.relkind = ANY (ARRAY[%(param_1)s, %(param_2)s, %(param_3)s, %(param_4)s, %(param_5)s]) AND pg_catalog.pg_table_is_visible(pg_catalog.pg_class.oid) AND pg_catalog.pg_namespace.nspname != %(nspname_1)s
INFO:sqlalchemy.engine.Engine:SELECT pg_catalog.pg_class.relname 
FROM pg_catalog.pg_class JOIN pg_catalog.pg_namespace ON pg_catalog.pg_namespace.oid = pg_catalog.pg_class.relnamespace 
WHERE pg_catalog.pg_class.relname = %(table_name)s AND pg_catalog.pg_class.relkind = ANY (ARRAY[%(param_1)s, %(param_2)s, %(param_3)s, %(param_4)s, %(param_5)s]) AND pg_catalog.pg_table_is_visible(pg_catalog.pg_class.oid) AND pg_catalog.pg_namespace.nspname != %(nspname_1)s
2026-05-07 09:18:48,648 INFO sqlalchemy.engine.Engine [cached since 0.005544s ago] {'table_name': 'saved_reports', 'param_1': 'r', 'param_2': 'p', 'param_3': 'f', 'param_4': 'v', 'param_5': 'm', 'nspname_1': 'pg_catalog'}
INFO:sqlalchemy.engine.Engine:[cached since 0.005544s ago] {'table_name': 'saved_reports', 'param_1': 'r', 'param_2': 'p', 'param_3': 'f', 'param_4': 'v', 'param_5': 'm', 'nspname_1': 'pg_catalog'}
2026-05-07 09:18:48,648 INFO sqlalchemy.engine.Engine SELECT pg_catalog.pg_class.relname 
FROM pg_catalog.pg_class JOIN pg_catalog.pg_namespace ON pg_catalog.pg_namespace.oid = pg_catalog.pg_class.relnamespace 
WHERE pg_catalog.pg_class.relname = %(table_name)s AND pg_catalog.pg_class.relkind = ANY (ARRAY[%(param_1)s, %(param_2)s, %(param_3)s, %(param_4)s, %(param_5)s]) AND pg_catalog.pg_table_is_visible(pg_catalog.pg_class.oid) AND pg_catalog.pg_namespace.nspname != %(nspname_1)s
INFO:sqlalchemy.engine.Engine:SELECT pg_catalog.pg_class.relname 
FROM pg_catalog.pg_class JOIN pg_catalog.pg_namespace ON pg_catalog.pg_namespace.oid = pg_catalog.pg_class.relnamespace 
WHERE pg_catalog.pg_class.relname = %(table_name)s AND pg_catalog.pg_class.relkind = ANY (ARRAY[%(param_1)s, %(param_2)s, %(param_3)s, %(param_4)s, %(param_5)s]) AND pg_catalog.pg_table_is_visible(pg_catalog.pg_class.oid) AND pg_catalog.pg_namespace.nspname != %(nspname_1)s
2026-05-07 09:18:48,648 INFO sqlalchemy.engine.Engine [cached since 0.006259s ago] {'table_name': 'audit_logs', 'param_1': 'r', 'param_2': 'p', 'param_3': 'f', 'param_4': 'v', 'param_5': 'm', 'nspname_1': 'pg_catalog'}
INFO:sqlalchemy.engine.Engine:[cached since 0.006259s ago] {'table_name': 'audit_logs', 'param_1': 'r', 'param_2': 'p', 'param_3': 'f', 'param_4': 'v', 'param_5': 'm', 'nspname_1': 'pg_catalog'}
2026-05-07 09:18:48,650 INFO sqlalchemy.engine.Engine SELECT pg_catalog.pg_type.typname 
FROM pg_catalog.pg_type JOIN pg_catalog.pg_namespace ON pg_catalog.pg_namespace.oid = pg_catalog.pg_type.typnamespace 
WHERE pg_catalog.pg_type.typname = %(typname_1)s AND pg_catalog.pg_type_is_visible(pg_catalog.pg_type.oid) AND pg_catalog.pg_namespace.nspname != %(nspname_1)s
INFO:sqlalchemy.engine.Engine:SELECT pg_catalog.pg_type.typname 
FROM pg_catalog.pg_type JOIN pg_catalog.pg_namespace ON pg_catalog.pg_namespace.oid = pg_catalog.pg_type.typnamespace 
WHERE pg_catalog.pg_type.typname = %(typname_1)s AND pg_catalog.pg_type_is_visible(pg_catalog.pg_type.oid) AND pg_catalog.pg_namespace.nspname != %(nspname_1)s
2026-05-07 09:18:48,651 INFO sqlalchemy.engine.Engine [generated in 0.00024s] {'typname_1': 'doc_status', 'nspname_1': 'pg_catalog'}
INFO:sqlalchemy.engine.Engine:[generated in 0.00024s] {'typname_1': 'doc_status', 'nspname_1': 'pg_catalog'}
2026-05-07 09:18:48,651 INFO sqlalchemy.engine.Engine COMMIT
INFO:sqlalchemy.engine.Engine:COMMIT
INFO:backend.main:Database tables ensured.
2026-05-07 09:18:48,657 INFO sqlalchemy.engine.Engine BEGIN (implicit)
INFO:sqlalchemy.engine.Engine:BEGIN (implicit)
2026-05-07 09:18:48,659 INFO sqlalchemy.engine.Engine SELECT prompt_templates.id AS prompt_templates_id, prompt_templates.name AS prompt_templates_name, prompt_templates.category AS prompt_templates_category, prompt_templates.template AS prompt_templates_template, prompt_templates.description AS prompt_templates_description, prompt_templates.created_at AS prompt_templates_created_at 
FROM prompt_templates 
WHERE prompt_templates.name = %(name_1)s 
 LIMIT %(param_1)s
INFO:sqlalchemy.engine.Engine:SELECT prompt_templates.id AS prompt_templates_id, prompt_templates.name AS prompt_templates_name, prompt_templates.category AS prompt_templates_category, prompt_templates.template AS prompt_templates_template, prompt_templates.description AS prompt_templates_description, prompt_templates.created_at AS prompt_templates_created_at 
FROM prompt_templates 
WHERE prompt_templates.name = %(name_1)s 
 LIMIT %(param_1)s
2026-05-07 09:18:48,659 INFO sqlalchemy.engine.Engine [generated in 0.00023s] {'name_1': 'Default RAG', 'param_1': 1}
INFO:sqlalchemy.engine.Engine:[generated in 0.00023s] {'name_1': 'Default RAG', 'param_1': 1}
2026-05-07 09:18:48,661 INFO sqlalchemy.engine.Engine SELECT prompt_templates.id AS prompt_templates_id, prompt_templates.name AS prompt_templates_name, prompt_templates.category AS prompt_templates_category, prompt_templates.template AS prompt_templates_template, prompt_templates.description AS prompt_templates_description, prompt_templates.created_at AS prompt_templates_created_at 
FROM prompt_templates 
WHERE prompt_templates.name = %(name_1)s 
 LIMIT %(param_1)s
INFO:sqlalchemy.engine.Engine:SELECT prompt_templates.id AS prompt_templates_id, prompt_templates.name AS prompt_templates_name, prompt_templates.category AS prompt_templates_category, prompt_templates.template AS prompt_templates_template, prompt_templates.description AS prompt_templates_description, prompt_templates.created_at AS prompt_templates_created_at 
FROM prompt_templates 
WHERE prompt_templates.name = %(name_1)s 
 LIMIT %(param_1)s
2026-05-07 09:18:48,662 INFO sqlalchemy.engine.Engine [cached since 0.002377s ago] {'name_1': 'Executive Summary', 'param_1': 1}
INFO:sqlalchemy.engine.Engine:[cached since 0.002377s ago] {'name_1': 'Executive Summary', 'param_1': 1}
2026-05-07 09:18:48,663 INFO sqlalchemy.engine.Engine SELECT prompt_templates.id AS prompt_templates_id, prompt_templates.name AS prompt_templates_name, prompt_templates.category AS prompt_templates_category, prompt_templates.template AS prompt_templates_template, prompt_templates.description AS prompt_templates_description, prompt_templates.created_at AS prompt_templates_created_at 
FROM prompt_templates 
WHERE prompt_templates.name = %(name_1)s 
 LIMIT %(param_1)s
INFO:sqlalchemy.engine.Engine:SELECT prompt_templates.id AS prompt_templates_id, prompt_templates.name AS prompt_templates_name, prompt_templates.category AS prompt_templates_category, prompt_templates.template AS prompt_templates_template, prompt_templates.description AS prompt_templates_description, prompt_templates.created_at AS prompt_templates_created_at 
FROM prompt_templates 
WHERE prompt_templates.name = %(name_1)s 
 LIMIT %(param_1)s
2026-05-07 09:18:48,663 INFO sqlalchemy.engine.Engine [cached since 0.00354s ago] {'name_1': 'Comparative Analysis', 'param_1': 1}
INFO:sqlalchemy.engine.Engine:[cached since 0.00354s ago] {'name_1': 'Comparative Analysis', 'param_1': 1}
2026-05-07 09:18:48,664 INFO sqlalchemy.engine.Engine SELECT prompt_templates.id AS prompt_templates_id, prompt_templates.name AS prompt_templates_name, prompt_templates.category AS prompt_templates_category, prompt_templates.template AS prompt_templates_template, prompt_templates.description AS prompt_templates_description, prompt_templates.created_at AS prompt_templates_created_at 
FROM prompt_templates 
WHERE prompt_templates.name = %(name_1)s 
 LIMIT %(param_1)s
INFO:sqlalchemy.engine.Engine:SELECT prompt_templates.id AS prompt_templates_id, prompt_templates.name AS prompt_templates_name, prompt_templates.category AS prompt_templates_category, prompt_templates.template AS prompt_templates_template, prompt_templates.description AS prompt_templates_description, prompt_templates.created_at AS prompt_templates_created_at 
FROM prompt_templates 
WHERE prompt_templates.name = %(name_1)s 
 LIMIT %(param_1)s
2026-05-07 09:18:48,664 INFO sqlalchemy.engine.Engine [cached since 0.004538s ago] {'name_1': 'Data Extraction', 'param_1': 1}
INFO:sqlalchemy.engine.Engine:[cached since 0.004538s ago] {'name_1': 'Data Extraction', 'param_1': 1}
2026-05-07 09:18:48,664 INFO sqlalchemy.engine.Engine COMMIT
INFO:sqlalchemy.engine.Engine:COMMIT
INFO:backend.prompt_manager:Default prompt templates seeded.
INFO:backend.embeddings:Loading embedding model: BAAI/bge-base-en-v1.5
INFO:sentence_transformers.SentenceTransformer:Use pytorch device_name: cpu
INFO:sentence_transformers.SentenceTransformer:Load pretrained SentenceTransformer: BAAI/bge-base-en-v1.5
INFO:backend.embeddings:Embedding dimension: 768
[0;93m2026-05-07 09:18:49.673668125 [W:onnxruntime:Default, device_discovery.cc:211 DiscoverDevicesForPlatform] GPU device discovery failed: device_discovery.cc:91 ReadFileContents Failed to open file: "/sys/class/drm/card0/device/vendor"[m
ERROR:chromadb.telemetry.product.posthog:Failed to send telemetry event ClientStartEvent: capture() takes 1 positional argument but 3 were given
ERROR:chromadb.telemetry.product.posthog:Failed to send telemetry event ClientCreateCollectionEvent: capture() takes 1 positional argument but 3 were given
INFO:backend.vector_store:ChromaDB collection 'documents' ready (898 items)
INFO:backend.main:Services pre-warmed: embedding model loaded and ready.
INFO:     Application startup complete.
ERROR:    [Errno 98] error while attempting to bind on address ('0.0.0.0', 8000): address already in use
INFO:     Waiting for application shutdown.
INFO:backend.main:Shutdown complete.
INFO:     Application shutdown complete.
INFO:     Started server process [1171204]
INFO:     Waiting for application startup.
INFO:backend.main:Starting AI Knowledge Platform …
2026-05-07 09:19:09,183 INFO sqlalchemy.engine.Engine select pg_catalog.version()
INFO:sqlalchemy.engine.Engine:select pg_catalog.version()
2026-05-07 09:19:09,183 INFO sqlalchemy.engine.Engine [raw sql] {}
INFO:sqlalchemy.engine.Engine:[raw sql] {}
2026-05-07 09:19:09,184 INFO sqlalchemy.engine.Engine select current_schema()
INFO:sqlalchemy.engine.Engine:select current_schema()
2026-05-07 09:19:09,184 INFO sqlalchemy.engine.Engine [raw sql] {}
INFO:sqlalchemy.engine.Engine:[raw sql] {}
2026-05-07 09:19:09,185 INFO sqlalchemy.engine.Engine show standard_conforming_strings
INFO:sqlalchemy.engine.Engine:show standard_conforming_strings
2026-05-07 09:19:09,185 INFO sqlalchemy.engine.Engine [raw sql] {}
INFO:sqlalchemy.engine.Engine:[raw sql] {}
2026-05-07 09:19:09,186 INFO sqlalchemy.engine.Engine BEGIN (implicit)
INFO:sqlalchemy.engine.Engine:BEGIN (implicit)
2026-05-07 09:19:09,190 INFO sqlalchemy.engine.Engine SELECT pg_catalog.pg_class.relname 
FROM pg_catalog.pg_class JOIN pg_catalog.pg_namespace ON pg_catalog.pg_namespace.oid = pg_catalog.pg_class.relnamespace 
WHERE pg_catalog.pg_class.relname = %(table_name)s AND pg_catalog.pg_class.relkind = ANY (ARRAY[%(param_1)s, %(param_2)s, %(param_3)s, %(param_4)s, %(param_5)s]) AND pg_catalog.pg_table_is_visible(pg_catalog.pg_class.oid) AND pg_catalog.pg_namespace.nspname != %(nspname_1)s
INFO:sqlalchemy.engine.Engine:SELECT pg_catalog.pg_class.relname 
FROM pg_catalog.pg_class JOIN pg_catalog.pg_namespace ON pg_catalog.pg_namespace.oid = pg_catalog.pg_class.relnamespace 
WHERE pg_catalog.pg_class.relname = %(table_name)s AND pg_catalog.pg_class.relkind = ANY (ARRAY[%(param_1)s, %(param_2)s, %(param_3)s, %(param_4)s, %(param_5)s]) AND pg_catalog.pg_table_is_visible(pg_catalog.pg_class.oid) AND pg_catalog.pg_namespace.nspname != %(nspname_1)s
2026-05-07 09:19:09,190 INFO sqlalchemy.engine.Engine [generated in 0.00029s] {'table_name': 'documents', 'param_1': 'r', 'param_2': 'p', 'param_3': 'f', 'param_4': 'v', 'param_5': 'm', 'nspname_1': 'pg_catalog'}
INFO:sqlalchemy.engine.Engine:[generated in 0.00029s] {'table_name': 'documents', 'param_1': 'r', 'param_2': 'p', 'param_3': 'f', 'param_4': 'v', 'param_5': 'm', 'nspname_1': 'pg_catalog'}
2026-05-07 09:19:09,192 INFO sqlalchemy.engine.Engine SELECT pg_catalog.pg_class.relname 
FROM pg_catalog.pg_class JOIN pg_catalog.pg_namespace ON pg_catalog.pg_namespace.oid = pg_catalog.pg_class.relnamespace 
WHERE pg_catalog.pg_class.relname = %(table_name)s AND pg_catalog.pg_class.relkind = ANY (ARRAY[%(param_1)s, %(param_2)s, %(param_3)s, %(param_4)s, %(param_5)s]) AND pg_catalog.pg_table_is_visible(pg_catalog.pg_class.oid) AND pg_catalog.pg_namespace.nspname != %(nspname_1)s
INFO:sqlalchemy.engine.Engine:SELECT pg_catalog.pg_class.relname 
FROM pg_catalog.pg_class JOIN pg_catalog.pg_namespace ON pg_catalog.pg_namespace.oid = pg_catalog.pg_class.relnamespace 
WHERE pg_catalog.pg_class.relname = %(table_name)s AND pg_catalog.pg_class.relkind = ANY (ARRAY[%(param_1)s, %(param_2)s, %(param_3)s, %(param_4)s, %(param_5)s]) AND pg_catalog.pg_table_is_visible(pg_catalog.pg_class.oid) AND pg_catalog.pg_namespace.nspname != %(nspname_1)s
2026-05-07 09:19:09,192 INFO sqlalchemy.engine.Engine [cached since 0.002215s ago] {'table_name': 'prompt_templates', 'param_1': 'r', 'param_2': 'p', 'param_3': 'f', 'param_4': 'v', 'param_5': 'm', 'nspname_1': 'pg_catalog'}
INFO:sqlalchemy.engine.Engine:[cached since 0.002215s ago] {'table_name': 'prompt_templates', 'param_1': 'r', 'param_2': 'p', 'param_3': 'f', 'param_4': 'v', 'param_5': 'm', 'nspname_1': 'pg_catalog'}
2026-05-07 09:19:09,193 INFO sqlalchemy.engine.Engine SELECT pg_catalog.pg_class.relname 
FROM pg_catalog.pg_class JOIN pg_catalog.pg_namespace ON pg_catalog.pg_namespace.oid = pg_catalog.pg_class.relnamespace 
WHERE pg_catalog.pg_class.relname = %(table_name)s AND pg_catalog.pg_class.relkind = ANY (ARRAY[%(param_1)s, %(param_2)s, %(param_3)s, %(param_4)s, %(param_5)s]) AND pg_catalog.pg_table_is_visible(pg_catalog.pg_class.oid) AND pg_catalog.pg_namespace.nspname != %(nspname_1)s
INFO:sqlalchemy.engine.Engine:SELECT pg_catalog.pg_class.relname 
FROM pg_catalog.pg_class JOIN pg_catalog.pg_namespace ON pg_catalog.pg_namespace.oid = pg_catalog.pg_class.relnamespace 
WHERE pg_catalog.pg_class.relname = %(table_name)s AND pg_catalog.pg_class.relkind = ANY (ARRAY[%(param_1)s, %(param_2)s, %(param_3)s, %(param_4)s, %(param_5)s]) AND pg_catalog.pg_table_is_visible(pg_catalog.pg_class.oid) AND pg_catalog.pg_namespace.nspname != %(nspname_1)s
2026-05-07 09:19:09,193 INFO sqlalchemy.engine.Engine [cached since 0.003143s ago] {'table_name': 'conversations', 'param_1': 'r', 'param_2': 'p', 'param_3': 'f', 'param_4': 'v', 'param_5': 'm', 'nspname_1': 'pg_catalog'}
INFO:sqlalchemy.engine.Engine:[cached since 0.003143s ago] {'table_name': 'conversations', 'param_1': 'r', 'param_2': 'p', 'param_3': 'f', 'param_4': 'v', 'param_5': 'm', 'nspname_1': 'pg_catalog'}
2026-05-07 09:19:09,194 INFO sqlalchemy.engine.Engine SELECT pg_catalog.pg_class.relname 
FROM pg_catalog.pg_class JOIN pg_catalog.pg_namespace ON pg_catalog.pg_namespace.oid = pg_catalog.pg_class.relnamespace 
WHERE pg_catalog.pg_class.relname = %(table_name)s AND pg_catalog.pg_class.relkind = ANY (ARRAY[%(param_1)s, %(param_2)s, %(param_3)s, %(param_4)s, %(param_5)s]) AND pg_catalog.pg_table_is_visible(pg_catalog.pg_class.oid) AND pg_catalog.pg_namespace.nspname != %(nspname_1)s
INFO:sqlalchemy.engine.Engine:SELECT pg_catalog.pg_class.relname 
FROM pg_catalog.pg_class JOIN pg_catalog.pg_namespace ON pg_catalog.pg_namespace.oid = pg_catalog.pg_class.relnamespace 
WHERE pg_catalog.pg_class.relname = %(table_name)s AND pg_catalog.pg_class.relkind = ANY (ARRAY[%(param_1)s, %(param_2)s, %(param_3)s, %(param_4)s, %(param_5)s]) AND pg_catalog.pg_table_is_visible(pg_catalog.pg_class.oid) AND pg_catalog.pg_namespace.nspname != %(nspname_1)s
2026-05-07 09:19:09,194 INFO sqlalchemy.engine.Engine [cached since 0.003993s ago] {'table_name': 'users', 'param_1': 'r', 'param_2': 'p', 'param_3': 'f', 'param_4': 'v', 'param_5': 'm', 'nspname_1': 'pg_catalog'}
INFO:sqlalchemy.engine.Engine:[cached since 0.003993s ago] {'table_name': 'users', 'param_1': 'r', 'param_2': 'p', 'param_3': 'f', 'param_4': 'v', 'param_5': 'm', 'nspname_1': 'pg_catalog'}
2026-05-07 09:19:09,194 INFO sqlalchemy.engine.Engine SELECT pg_catalog.pg_class.relname 
FROM pg_catalog.pg_class JOIN pg_catalog.pg_namespace ON pg_catalog.pg_namespace.oid = pg_catalog.pg_class.relnamespace 
WHERE pg_catalog.pg_class.relname = %(table_name)s AND pg_catalog.pg_class.relkind = ANY (ARRAY[%(param_1)s, %(param_2)s, %(param_3)s, %(param_4)s, %(param_5)s]) AND pg_catalog.pg_table_is_visible(pg_catalog.pg_class.oid) AND pg_catalog.pg_namespace.nspname != %(nspname_1)s
INFO:sqlalchemy.engine.Engine:SELECT pg_catalog.pg_class.relname 
FROM pg_catalog.pg_class JOIN pg_catalog.pg_namespace ON pg_catalog.pg_namespace.oid = pg_catalog.pg_class.relnamespace 
WHERE pg_catalog.pg_class.relname = %(table_name)s AND pg_catalog.pg_class.relkind = ANY (ARRAY[%(param_1)s, %(param_2)s, %(param_3)s, %(param_4)s, %(param_5)s]) AND pg_catalog.pg_table_is_visible(pg_catalog.pg_class.oid) AND pg_catalog.pg_namespace.nspname != %(nspname_1)s
2026-05-07 09:19:09,194 INFO sqlalchemy.engine.Engine [cached since 0.004774s ago] {'table_name': 'llm_usage', 'param_1': 'r', 'param_2': 'p', 'param_3': 'f', 'param_4': 'v', 'param_5': 'm', 'nspname_1': 'pg_catalog'}
INFO:sqlalchemy.engine.Engine:[cached since 0.004774s ago] {'table_name': 'llm_usage', 'param_1': 'r', 'param_2': 'p', 'param_3': 'f', 'param_4': 'v', 'param_5': 'm', 'nspname_1': 'pg_catalog'}
2026-05-07 09:19:09,195 INFO sqlalchemy.engine.Engine SELECT pg_catalog.pg_class.relname 
FROM pg_catalog.pg_class JOIN pg_catalog.pg_namespace ON pg_catalog.pg_namespace.oid = pg_catalog.pg_class.relnamespace 
WHERE pg_catalog.pg_class.relname = %(table_name)s AND pg_catalog.pg_class.relkind = ANY (ARRAY[%(param_1)s, %(param_2)s, %(param_3)s, %(param_4)s, %(param_5)s]) AND pg_catalog.pg_table_is_visible(pg_catalog.pg_class.oid) AND pg_catalog.pg_namespace.nspname != %(nspname_1)s
INFO:sqlalchemy.engine.Engine:SELECT pg_catalog.pg_class.relname 
FROM pg_catalog.pg_class JOIN pg_catalog.pg_namespace ON pg_catalog.pg_namespace.oid = pg_catalog.pg_class.relnamespace 
WHERE pg_catalog.pg_class.relname = %(table_name)s AND pg_catalog.pg_class.relkind = ANY (ARRAY[%(param_1)s, %(param_2)s, %(param_3)s, %(param_4)s, %(param_5)s]) AND pg_catalog.pg_table_is_visible(pg_catalog.pg_class.oid) AND pg_catalog.pg_namespace.nspname != %(nspname_1)s
2026-05-07 09:19:09,195 INFO sqlalchemy.engine.Engine [cached since 0.005523s ago] {'table_name': 'saved_reports', 'param_1': 'r', 'param_2': 'p', 'param_3': 'f', 'param_4': 'v', 'param_5': 'm', 'nspname_1': 'pg_catalog'}
INFO:sqlalchemy.engine.Engine:[cached since 0.005523s ago] {'table_name': 'saved_reports', 'param_1': 'r', 'param_2': 'p', 'param_3': 'f', 'param_4': 'v', 'param_5': 'm', 'nspname_1': 'pg_catalog'}
2026-05-07 09:19:09,196 INFO sqlalchemy.engine.Engine SELECT pg_catalog.pg_class.relname 
FROM pg_catalog.pg_class JOIN pg_catalog.pg_namespace ON pg_catalog.pg_namespace.oid = pg_catalog.pg_class.relnamespace 
WHERE pg_catalog.pg_class.relname = %(table_name)s AND pg_catalog.pg_class.relkind = ANY (ARRAY[%(param_1)s, %(param_2)s, %(param_3)s, %(param_4)s, %(param_5)s]) AND pg_catalog.pg_table_is_visible(pg_catalog.pg_class.oid) AND pg_catalog.pg_namespace.nspname != %(nspname_1)s
INFO:sqlalchemy.engine.Engine:SELECT pg_catalog.pg_class.relname 
FROM pg_catalog.pg_class JOIN pg_catalog.pg_namespace ON pg_catalog.pg_namespace.oid = pg_catalog.pg_class.relnamespace 
WHERE pg_catalog.pg_class.relname = %(table_name)s AND pg_catalog.pg_class.relkind = ANY (ARRAY[%(param_1)s, %(param_2)s, %(param_3)s, %(param_4)s, %(param_5)s]) AND pg_catalog.pg_table_is_visible(pg_catalog.pg_class.oid) AND pg_catalog.pg_namespace.nspname != %(nspname_1)s
2026-05-07 09:19:09,196 INFO sqlalchemy.engine.Engine [cached since 0.006271s ago] {'table_name': 'audit_logs', 'param_1': 'r', 'param_2': 'p', 'param_3': 'f', 'param_4': 'v', 'param_5': 'm', 'nspname_1': 'pg_catalog'}
INFO:sqlalchemy.engine.Engine:[cached since 0.006271s ago] {'table_name': 'audit_logs', 'param_1': 'r', 'param_2': 'p', 'param_3': 'f', 'param_4': 'v', 'param_5': 'm', 'nspname_1': 'pg_catalog'}
2026-05-07 09:19:09,198 INFO sqlalchemy.engine.Engine SELECT pg_catalog.pg_type.typname 
FROM pg_catalog.pg_type JOIN pg_catalog.pg_namespace ON pg_catalog.pg_namespace.oid = pg_catalog.pg_type.typnamespace 
WHERE pg_catalog.pg_type.typname = %(typname_1)s AND pg_catalog.pg_type_is_visible(pg_catalog.pg_type.oid) AND pg_catalog.pg_namespace.nspname != %(nspname_1)s
INFO:sqlalchemy.engine.Engine:SELECT pg_catalog.pg_type.typname 
FROM pg_catalog.pg_type JOIN pg_catalog.pg_namespace ON pg_catalog.pg_namespace.oid = pg_catalog.pg_type.typnamespace 
WHERE pg_catalog.pg_type.typname = %(typname_1)s AND pg_catalog.pg_type_is_visible(pg_catalog.pg_type.oid) AND pg_catalog.pg_namespace.nspname != %(nspname_1)s
2026-05-07 09:19:09,198 INFO sqlalchemy.engine.Engine [generated in 0.00018s] {'typname_1': 'doc_status', 'nspname_1': 'pg_catalog'}
INFO:sqlalchemy.engine.Engine:[generated in 0.00018s] {'typname_1': 'doc_status', 'nspname_1': 'pg_catalog'}
2026-05-07 09:19:09,199 INFO sqlalchemy.engine.Engine COMMIT
INFO:sqlalchemy.engine.Engine:COMMIT
INFO:backend.main:Database tables ensured.
2026-05-07 09:19:09,204 INFO sqlalchemy.engine.Engine BEGIN (implicit)
INFO:sqlalchemy.engine.Engine:BEGIN (implicit)
2026-05-07 09:19:09,207 INFO sqlalchemy.engine.Engine SELECT prompt_templates.id AS prompt_templates_id, prompt_templates.name AS prompt_templates_name, prompt_templates.category AS prompt_templates_category, prompt_templates.template AS prompt_templates_template, prompt_templates.description AS prompt_templates_description, prompt_templates.created_at AS prompt_templates_created_at 
FROM prompt_templates 
WHERE prompt_templates.name = %(name_1)s 
 LIMIT %(param_1)s
INFO:sqlalchemy.engine.Engine:SELECT prompt_templates.id AS prompt_templates_id, prompt_templates.name AS prompt_templates_name, prompt_templates.category AS prompt_templates_category, prompt_templates.template AS prompt_templates_template, prompt_templates.description AS prompt_templates_description, prompt_templates.created_at AS prompt_templates_created_at 
FROM prompt_templates 
WHERE prompt_templates.name = %(name_1)s 
 LIMIT %(param_1)s
2026-05-07 09:19:09,207 INFO sqlalchemy.engine.Engine [generated in 0.00023s] {'name_1': 'Default RAG', 'param_1': 1}
INFO:sqlalchemy.engine.Engine:[generated in 0.00023s] {'name_1': 'Default RAG', 'param_1': 1}
2026-05-07 09:19:09,209 INFO sqlalchemy.engine.Engine SELECT prompt_templates.id AS prompt_templates_id, prompt_templates.name AS prompt_templates_name, prompt_templates.category AS prompt_templates_category, prompt_templates.template AS prompt_templates_template, prompt_templates.description AS prompt_templates_description, prompt_templates.created_at AS prompt_templates_created_at 
FROM prompt_templates 
WHERE prompt_templates.name = %(name_1)s 
 LIMIT %(param_1)s
INFO:sqlalchemy.engine.Engine:SELECT prompt_templates.id AS prompt_templates_id, prompt_templates.name AS prompt_templates_name, prompt_templates.category AS prompt_templates_category, prompt_templates.template AS prompt_templates_template, prompt_templates.description AS prompt_templates_description, prompt_templates.created_at AS prompt_templates_created_at 
FROM prompt_templates 
WHERE prompt_templates.name = %(name_1)s 
 LIMIT %(param_1)s
2026-05-07 09:19:09,209 INFO sqlalchemy.engine.Engine [cached since 0.002331s ago] {'name_1': 'Executive Summary', 'param_1': 1}
INFO:sqlalchemy.engine.Engine:[cached since 0.002331s ago] {'name_1': 'Executive Summary', 'param_1': 1}
2026-05-07 09:19:09,210 INFO sqlalchemy.engine.Engine SELECT prompt_templates.id AS prompt_templates_id, prompt_templates.name AS prompt_templates_name, prompt_templates.category AS prompt_templates_category, prompt_templates.template AS prompt_templates_template, prompt_templates.description AS prompt_templates_description, prompt_templates.created_at AS prompt_templates_created_at 
FROM prompt_templates 
WHERE prompt_templates.name = %(name_1)s 
 LIMIT %(param_1)s
INFO:sqlalchemy.engine.Engine:SELECT prompt_templates.id AS prompt_templates_id, prompt_templates.name AS prompt_templates_name, prompt_templates.category AS prompt_templates_category, prompt_templates.template AS prompt_templates_template, prompt_templates.description AS prompt_templates_description, prompt_templates.created_at AS prompt_templates_created_at 
FROM prompt_templates 
WHERE prompt_templates.name = %(name_1)s 
 LIMIT %(param_1)s
2026-05-07 09:19:09,210 INFO sqlalchemy.engine.Engine [cached since 0.003549s ago] {'name_1': 'Comparative Analysis', 'param_1': 1}
INFO:sqlalchemy.engine.Engine:[cached since 0.003549s ago] {'name_1': 'Comparative Analysis', 'param_1': 1}
2026-05-07 09:19:09,211 INFO sqlalchemy.engine.Engine SELECT prompt_templates.id AS prompt_templates_id, prompt_templates.name AS prompt_templates_name, prompt_templates.category AS prompt_templates_category, prompt_templates.template AS prompt_templates_template, prompt_templates.description AS prompt_templates_description, prompt_templates.created_at AS prompt_templates_created_at 
FROM prompt_templates 
WHERE prompt_templates.name = %(name_1)s 
 LIMIT %(param_1)s
INFO:sqlalchemy.engine.Engine:SELECT prompt_templates.id AS prompt_templates_id, prompt_templates.name AS prompt_templates_name, prompt_templates.category AS prompt_templates_category, prompt_templates.template AS prompt_templates_template, prompt_templates.description AS prompt_templates_description, prompt_templates.created_at AS prompt_templates_created_at 
FROM prompt_templates 
WHERE prompt_templates.name = %(name_1)s 
 LIMIT %(param_1)s
2026-05-07 09:19:09,211 INFO sqlalchemy.engine.Engine [cached since 0.004572s ago] {'name_1': 'Data Extraction', 'param_1': 1}
INFO:sqlalchemy.engine.Engine:[cached since 0.004572s ago] {'name_1': 'Data Extraction', 'param_1': 1}
2026-05-07 09:19:09,212 INFO sqlalchemy.engine.Engine COMMIT
INFO:sqlalchemy.engine.Engine:COMMIT
INFO:backend.prompt_manager:Default prompt templates seeded.
INFO:backend.embeddings:Loading embedding model: BAAI/bge-base-en-v1.5
INFO:sentence_transformers.SentenceTransformer:Use pytorch device_name: cpu
INFO:sentence_transformers.SentenceTransformer:Load pretrained SentenceTransformer: BAAI/bge-base-en-v1.5
INFO:backend.embeddings:Embedding dimension: 768
[0;93m2026-05-07 09:19:10.285823307 [W:onnxruntime:Default, device_discovery.cc:211 DiscoverDevicesForPlatform] GPU device discovery failed: device_discovery.cc:91 ReadFileContents Failed to open file: "/sys/class/drm/card0/device/vendor"[m
ERROR:chromadb.telemetry.product.posthog:Failed to send telemetry event ClientStartEvent: capture() takes 1 positional argument but 3 were given
ERROR:chromadb.telemetry.product.posthog:Failed to send telemetry event ClientCreateCollectionEvent: capture() takes 1 positional argument but 3 were given
INFO:backend.vector_store:ChromaDB collection 'documents' ready (898 items)
INFO:backend.main:Services pre-warmed: embedding model loaded and ready.
INFO:     Application startup complete.
ERROR:    [Errno 98] error while attempting to bind on address ('0.0.0.0', 8000): address already in use
INFO:     Waiting for application shutdown.
INFO:backend.main:Shutdown complete.
INFO:     Application shutdown complete.
INFO:     Started server process [1171293]
INFO:     Waiting for application startup.
INFO:backend.main:Starting AI Knowledge Platform …
2026-05-07 09:19:29,723 INFO sqlalchemy.engine.Engine select pg_catalog.version()
INFO:sqlalchemy.engine.Engine:select pg_catalog.version()
2026-05-07 09:19:29,723 INFO sqlalchemy.engine.Engine [raw sql] {}
INFO:sqlalchemy.engine.Engine:[raw sql] {}
2026-05-07 09:19:29,724 INFO sqlalchemy.engine.Engine select current_schema()
INFO:sqlalchemy.engine.Engine:select current_schema()
2026-05-07 09:19:29,724 INFO sqlalchemy.engine.Engine [raw sql] {}
INFO:sqlalchemy.engine.Engine:[raw sql] {}
2026-05-07 09:19:29,725 INFO sqlalchemy.engine.Engine show standard_conforming_strings
INFO:sqlalchemy.engine.Engine:show standard_conforming_strings
2026-05-07 09:19:29,725 INFO sqlalchemy.engine.Engine [raw sql] {}
INFO:sqlalchemy.engine.Engine:[raw sql] {}
2026-05-07 09:19:29,726 INFO sqlalchemy.engine.Engine BEGIN (implicit)
INFO:sqlalchemy.engine.Engine:BEGIN (implicit)
2026-05-07 09:19:29,730 INFO sqlalchemy.engine.Engine SELECT pg_catalog.pg_class.relname 
FROM pg_catalog.pg_class JOIN pg_catalog.pg_namespace ON pg_catalog.pg_namespace.oid = pg_catalog.pg_class.relnamespace 
WHERE pg_catalog.pg_class.relname = %(table_name)s AND pg_catalog.pg_class.relkind = ANY (ARRAY[%(param_1)s, %(param_2)s, %(param_3)s, %(param_4)s, %(param_5)s]) AND pg_catalog.pg_table_is_visible(pg_catalog.pg_class.oid) AND pg_catalog.pg_namespace.nspname != %(nspname_1)s
INFO:sqlalchemy.engine.Engine:SELECT pg_catalog.pg_class.relname 
FROM pg_catalog.pg_class JOIN pg_catalog.pg_namespace ON pg_catalog.pg_namespace.oid = pg_catalog.pg_class.relnamespace 
WHERE pg_catalog.pg_class.relname = %(table_name)s AND pg_catalog.pg_class.relkind = ANY (ARRAY[%(param_1)s, %(param_2)s, %(param_3)s, %(param_4)s, %(param_5)s]) AND pg_catalog.pg_table_is_visible(pg_catalog.pg_class.oid) AND pg_catalog.pg_namespace.nspname != %(nspname_1)s
2026-05-07 09:19:29,730 INFO sqlalchemy.engine.Engine [generated in 0.00028s] {'table_name': 'documents', 'param_1': 'r', 'param_2': 'p', 'param_3': 'f', 'param_4': 'v', 'param_5': 'm', 'nspname_1': 'pg_catalog'}
INFO:sqlalchemy.engine.Engine:[generated in 0.00028s] {'table_name': 'documents', 'param_1': 'r', 'param_2': 'p', 'param_3': 'f', 'param_4': 'v', 'param_5': 'm', 'nspname_1': 'pg_catalog'}
2026-05-07 09:19:29,732 INFO sqlalchemy.engine.Engine SELECT pg_catalog.pg_class.relname 
FROM pg_catalog.pg_class JOIN pg_catalog.pg_namespace ON pg_catalog.pg_namespace.oid = pg_catalog.pg_class.relnamespace 
WHERE pg_catalog.pg_class.relname = %(table_name)s AND pg_catalog.pg_class.relkind = ANY (ARRAY[%(param_1)s, %(param_2)s, %(param_3)s, %(param_4)s, %(param_5)s]) AND pg_catalog.pg_table_is_visible(pg_catalog.pg_class.oid) AND pg_catalog.pg_namespace.nspname != %(nspname_1)s
INFO:sqlalchemy.engine.Engine:SELECT pg_catalog.pg_class.relname 
FROM pg_catalog.pg_class JOIN pg_catalog.pg_namespace ON pg_catalog.pg_namespace.oid = pg_catalog.pg_class.relnamespace 
WHERE pg_catalog.pg_class.relname = %(table_name)s AND pg_catalog.pg_class.relkind = ANY (ARRAY[%(param_1)s, %(param_2)s, %(param_3)s, %(param_4)s, %(param_5)s]) AND pg_catalog.pg_table_is_visible(pg_catalog.pg_class.oid) AND pg_catalog.pg_namespace.nspname != %(nspname_1)s
2026-05-07 09:19:29,732 INFO sqlalchemy.engine.Engine [cached since 0.00216s ago] {'table_name': 'prompt_templates', 'param_1': 'r', 'param_2': 'p', 'param_3': 'f', 'param_4': 'v', 'param_5': 'm', 'nspname_1': 'pg_catalog'}
INFO:sqlalchemy.engine.Engine:[cached since 0.00216s ago] {'table_name': 'prompt_templates', 'param_1': 'r', 'param_2': 'p', 'param_3': 'f', 'param_4': 'v', 'param_5': 'm', 'nspname_1': 'pg_catalog'}
2026-05-07 09:19:29,733 INFO sqlalchemy.engine.Engine SELECT pg_catalog.pg_class.relname 
FROM pg_catalog.pg_class JOIN pg_catalog.pg_namespace ON pg_catalog.pg_namespace.oid = pg_catalog.pg_class.relnamespace 
WHERE pg_catalog.pg_class.relname = %(table_name)s AND pg_catalog.pg_class.relkind = ANY (ARRAY[%(param_1)s, %(param_2)s, %(param_3)s, %(param_4)s, %(param_5)s]) AND pg_catalog.pg_table_is_visible(pg_catalog.pg_class.oid) AND pg_catalog.pg_namespace.nspname != %(nspname_1)s
INFO:sqlalchemy.engine.Engine:SELECT pg_catalog.pg_class.relname 
FROM pg_catalog.pg_class JOIN pg_catalog.pg_namespace ON pg_catalog.pg_namespace.oid = pg_catalog.pg_class.relnamespace 
WHERE pg_catalog.pg_class.relname = %(table_name)s AND pg_catalog.pg_class.relkind = ANY (ARRAY[%(param_1)s, %(param_2)s, %(param_3)s, %(param_4)s, %(param_5)s]) AND pg_catalog.pg_table_is_visible(pg_catalog.pg_class.oid) AND pg_catalog.pg_namespace.nspname != %(nspname_1)s
2026-05-07 09:19:29,733 INFO sqlalchemy.engine.Engine [cached since 0.003065s ago] {'table_name': 'conversations', 'param_1': 'r', 'param_2': 'p', 'param_3': 'f', 'param_4': 'v', 'param_5': 'm', 'nspname_1': 'pg_catalog'}
INFO:sqlalchemy.engine.Engine:[cached since 0.003065s ago] {'table_name': 'conversations', 'param_1': 'r', 'param_2': 'p', 'param_3': 'f', 'param_4': 'v', 'param_5': 'm', 'nspname_1': 'pg_catalog'}
2026-05-07 09:19:29,734 INFO sqlalchemy.engine.Engine SELECT pg_catalog.pg_class.relname 
FROM pg_catalog.pg_class JOIN pg_catalog.pg_namespace ON pg_catalog.pg_namespace.oid = pg_catalog.pg_class.relnamespace 
WHERE pg_catalog.pg_class.relname = %(table_name)s AND pg_catalog.pg_class.relkind = ANY (ARRAY[%(param_1)s, %(param_2)s, %(param_3)s, %(param_4)s, %(param_5)s]) AND pg_catalog.pg_table_is_visible(pg_catalog.pg_class.oid) AND pg_catalog.pg_namespace.nspname != %(nspname_1)s
INFO:sqlalchemy.engine.Engine:SELECT pg_catalog.pg_class.relname 
FROM pg_catalog.pg_class JOIN pg_catalog.pg_namespace ON pg_catalog.pg_namespace.oid = pg_catalog.pg_class.relnamespace 
WHERE pg_catalog.pg_class.relname = %(table_name)s AND pg_catalog.pg_class.relkind = ANY (ARRAY[%(param_1)s, %(param_2)s, %(param_3)s, %(param_4)s, %(param_5)s]) AND pg_catalog.pg_table_is_visible(pg_catalog.pg_class.oid) AND pg_catalog.pg_namespace.nspname != %(nspname_1)s
2026-05-07 09:19:29,734 INFO sqlalchemy.engine.Engine [cached since 0.003865s ago] {'table_name': 'users', 'param_1': 'r', 'param_2': 'p', 'param_3': 'f', 'param_4': 'v', 'param_5': 'm', 'nspname_1': 'pg_catalog'}
INFO:sqlalchemy.engine.Engine:[cached since 0.003865s ago] {'table_name': 'users', 'param_1': 'r', 'param_2': 'p', 'param_3': 'f', 'param_4': 'v', 'param_5': 'm', 'nspname_1': 'pg_catalog'}
2026-05-07 09:19:29,734 INFO sqlalchemy.engine.Engine SELECT pg_catalog.pg_class.relname 
FROM pg_catalog.pg_class JOIN pg_catalog.pg_namespace ON pg_catalog.pg_namespace.oid = pg_catalog.pg_class.relnamespace 
WHERE pg_catalog.pg_class.relname = %(table_name)s AND pg_catalog.pg_class.relkind = ANY (ARRAY[%(param_1)s, %(param_2)s, %(param_3)s, %(param_4)s, %(param_5)s]) AND pg_catalog.pg_table_is_visible(pg_catalog.pg_class.oid) AND pg_catalog.pg_namespace.nspname != %(nspname_1)s
INFO:sqlalchemy.engine.Engine:SELECT pg_catalog.pg_class.relname 
FROM pg_catalog.pg_class JOIN pg_catalog.pg_namespace ON pg_catalog.pg_namespace.oid = pg_catalog.pg_class.relnamespace 
WHERE pg_catalog.pg_class.relname = %(table_name)s AND pg_catalog.pg_class.relkind = ANY (ARRAY[%(param_1)s, %(param_2)s, %(param_3)s, %(param_4)s, %(param_5)s]) AND pg_catalog.pg_table_is_visible(pg_catalog.pg_class.oid) AND pg_catalog.pg_namespace.nspname != %(nspname_1)s
2026-05-07 09:19:29,734 INFO sqlalchemy.engine.Engine [cached since 0.004629s ago] {'table_name': 'llm_usage', 'param_1': 'r', 'param_2': 'p', 'param_3': 'f', 'param_4': 'v', 'param_5': 'm', 'nspname_1': 'pg_catalog'}
INFO:sqlalchemy.engine.Engine:[cached since 0.004629s ago] {'table_name': 'llm_usage', 'param_1': 'r', 'param_2': 'p', 'param_3': 'f', 'param_4': 'v', 'param_5': 'm', 'nspname_1': 'pg_catalog'}
2026-05-07 09:19:29,735 INFO sqlalchemy.engine.Engine SELECT pg_catalog.pg_class.relname 
FROM pg_catalog.pg_class JOIN pg_catalog.pg_namespace ON pg_catalog.pg_namespace.oid = pg_catalog.pg_class.relnamespace 
WHERE pg_catalog.pg_class.relname = %(table_name)s AND pg_catalog.pg_class.relkind = ANY (ARRAY[%(param_1)s, %(param_2)s, %(param_3)s, %(param_4)s, %(param_5)s]) AND pg_catalog.pg_table_is_visible(pg_catalog.pg_class.oid) AND pg_catalog.pg_namespace.nspname != %(nspname_1)s
INFO:sqlalchemy.engine.Engine:SELECT pg_catalog.pg_class.relname 
FROM pg_catalog.pg_class JOIN pg_catalog.pg_namespace ON pg_catalog.pg_namespace.oid = pg_catalog.pg_class.relnamespace 
WHERE pg_catalog.pg_class.relname = %(table_name)s AND pg_catalog.pg_class.relkind = ANY (ARRAY[%(param_1)s, %(param_2)s, %(param_3)s, %(param_4)s, %(param_5)s]) AND pg_catalog.pg_table_is_visible(pg_catalog.pg_class.oid) AND pg_catalog.pg_namespace.nspname != %(nspname_1)s
2026-05-07 09:19:29,735 INFO sqlalchemy.engine.Engine [cached since 0.005367s ago] {'table_name': 'saved_reports', 'param_1': 'r', 'param_2': 'p', 'param_3': 'f', 'param_4': 'v', 'param_5': 'm', 'nspname_1': 'pg_catalog'}
INFO:sqlalchemy.engine.Engine:[cached since 0.005367s ago] {'table_name': 'saved_reports', 'param_1': 'r', 'param_2': 'p', 'param_3': 'f', 'param_4': 'v', 'param_5': 'm', 'nspname_1': 'pg_catalog'}
2026-05-07 09:19:29,736 INFO sqlalchemy.engine.Engine SELECT pg_catalog.pg_class.relname 
FROM pg_catalog.pg_class JOIN pg_catalog.pg_namespace ON pg_catalog.pg_namespace.oid = pg_catalog.pg_class.relnamespace 
WHERE pg_catalog.pg_class.relname = %(table_name)s AND pg_catalog.pg_class.relkind = ANY (ARRAY[%(param_1)s, %(param_2)s, %(param_3)s, %(param_4)s, %(param_5)s]) AND pg_catalog.pg_table_is_visible(pg_catalog.pg_class.oid) AND pg_catalog.pg_namespace.nspname != %(nspname_1)s
INFO:sqlalchemy.engine.Engine:SELECT pg_catalog.pg_class.relname 
FROM pg_catalog.pg_class JOIN pg_catalog.pg_namespace ON pg_catalog.pg_namespace.oid = pg_catalog.pg_class.relnamespace 
WHERE pg_catalog.pg_class.relname = %(table_name)s AND pg_catalog.pg_class.relkind = ANY (ARRAY[%(param_1)s, %(param_2)s, %(param_3)s, %(param_4)s, %(param_5)s]) AND pg_catalog.pg_table_is_visible(pg_catalog.pg_class.oid) AND pg_catalog.pg_namespace.nspname != %(nspname_1)s
2026-05-07 09:19:29,736 INFO sqlalchemy.engine.Engine [cached since 0.006099s ago] {'table_name': 'audit_logs', 'param_1': 'r', 'param_2': 'p', 'param_3': 'f', 'param_4': 'v', 'param_5': 'm', 'nspname_1': 'pg_catalog'}
INFO:sqlalchemy.engine.Engine:[cached since 0.006099s ago] {'table_name': 'audit_logs', 'param_1': 'r', 'param_2': 'p', 'param_3': 'f', 'param_4': 'v', 'param_5': 'm', 'nspname_1': 'pg_catalog'}
2026-05-07 09:19:29,738 INFO sqlalchemy.engine.Engine SELECT pg_catalog.pg_type.typname 
FROM pg_catalog.pg_type JOIN pg_catalog.pg_namespace ON pg_catalog.pg_namespace.oid = pg_catalog.pg_type.typnamespace 
WHERE pg_catalog.pg_type.typname = %(typname_1)s AND pg_catalog.pg_type_is_visible(pg_catalog.pg_type.oid) AND pg_catalog.pg_namespace.nspname != %(nspname_1)s
INFO:sqlalchemy.engine.Engine:SELECT pg_catalog.pg_type.typname 
FROM pg_catalog.pg_type JOIN pg_catalog.pg_namespace ON pg_catalog.pg_namespace.oid = pg_catalog.pg_type.typnamespace 
WHERE pg_catalog.pg_type.typname = %(typname_1)s AND pg_catalog.pg_type_is_visible(pg_catalog.pg_type.oid) AND pg_catalog.pg_namespace.nspname != %(nspname_1)s
2026-05-07 09:19:29,738 INFO sqlalchemy.engine.Engine [generated in 0.00017s] {'typname_1': 'doc_status', 'nspname_1': 'pg_catalog'}
INFO:sqlalchemy.engine.Engine:[generated in 0.00017s] {'typname_1': 'doc_status', 'nspname_1': 'pg_catalog'}
2026-05-07 09:19:29,739 INFO sqlalchemy.engine.Engine COMMIT
INFO:sqlalchemy.engine.Engine:COMMIT
INFO:backend.main:Database tables ensured.
2026-05-07 09:19:29,744 INFO sqlalchemy.engine.Engine BEGIN (implicit)
INFO:sqlalchemy.engine.Engine:BEGIN (implicit)
2026-05-07 09:19:29,746 INFO sqlalchemy.engine.Engine SELECT prompt_templates.id AS prompt_templates_id, prompt_templates.name AS prompt_templates_name, prompt_templates.category AS prompt_templates_category, prompt_templates.template AS prompt_templates_template, prompt_templates.description AS prompt_templates_description, prompt_templates.created_at AS prompt_templates_created_at 
FROM prompt_templates 
WHERE prompt_templates.name = %(name_1)s 
 LIMIT %(param_1)s
INFO:sqlalchemy.engine.Engine:SELECT prompt_templates.id AS prompt_templates_id, prompt_templates.name AS prompt_templates_name, prompt_templates.category AS prompt_templates_category, prompt_templates.template AS prompt_templates_template, prompt_templates.description AS prompt_templates_description, prompt_templates.created_at AS prompt_templates_created_at 
FROM prompt_templates 
WHERE prompt_templates.name = %(name_1)s 
 LIMIT %(param_1)s
2026-05-07 09:19:29,747 INFO sqlalchemy.engine.Engine [generated in 0.00027s] {'name_1': 'Default RAG', 'param_1': 1}
INFO:sqlalchemy.engine.Engine:[generated in 0.00027s] {'name_1': 'Default RAG', 'param_1': 1}
2026-05-07 09:19:29,748 INFO sqlalchemy.engine.Engine SELECT prompt_templates.id AS prompt_templates_id, prompt_templates.name AS prompt_templates_name, prompt_templates.category AS prompt_templates_category, prompt_templates.template AS prompt_templates_template, prompt_templates.description AS prompt_templates_description, prompt_templates.created_at AS prompt_templates_created_at 
FROM prompt_templates 
WHERE prompt_templates.name = %(name_1)s 
 LIMIT %(param_1)s
INFO:sqlalchemy.engine.Engine:SELECT prompt_templates.id AS prompt_templates_id, prompt_templates.name AS prompt_templates_name, prompt_templates.category AS prompt_templates_category, prompt_templates.template AS prompt_templates_template, prompt_templates.description AS prompt_templates_description, prompt_templates.created_at AS prompt_templates_created_at 
FROM prompt_templates 
WHERE prompt_templates.name = %(name_1)s 
 LIMIT %(param_1)s
2026-05-07 09:19:29,749 INFO sqlalchemy.engine.Engine [cached since 0.002203s ago] {'name_1': 'Executive Summary', 'param_1': 1}
INFO:sqlalchemy.engine.Engine:[cached since 0.002203s ago] {'name_1': 'Executive Summary', 'param_1': 1}
2026-05-07 09:19:29,750 INFO sqlalchemy.engine.Engine SELECT prompt_templates.id AS prompt_templates_id, prompt_templates.name AS prompt_templates_name, prompt_templates.category AS prompt_templates_category, prompt_templates.template AS prompt_templates_template, prompt_templates.description AS prompt_templates_description, prompt_templates.created_at AS prompt_templates_created_at 
FROM prompt_templates 
WHERE prompt_templates.name = %(name_1)s 
 LIMIT %(param_1)s
INFO:sqlalchemy.engine.Engine:SELECT prompt_templates.id AS prompt_templates_id, prompt_templates.name AS prompt_templates_name, prompt_templates.category AS prompt_templates_category, prompt_templates.template AS prompt_templates_template, prompt_templates.description AS prompt_templates_description, prompt_templates.created_at AS prompt_templates_created_at 
FROM prompt_templates 
WHERE prompt_templates.name = %(name_1)s 
 LIMIT %(param_1)s
2026-05-07 09:19:29,750 INFO sqlalchemy.engine.Engine [cached since 0.003333s ago] {'name_1': 'Comparative Analysis', 'param_1': 1}
INFO:sqlalchemy.engine.Engine:[cached since 0.003333s ago] {'name_1': 'Comparative Analysis', 'param_1': 1}
2026-05-07 09:19:29,751 INFO sqlalchemy.engine.Engine SELECT prompt_templates.id AS prompt_templates_id, prompt_templates.name AS prompt_templates_name, prompt_templates.category AS prompt_templates_category, prompt_templates.template AS prompt_templates_template, prompt_templates.description AS prompt_templates_description, prompt_templates.created_at AS prompt_templates_created_at 
FROM prompt_templates 
WHERE prompt_templates.name = %(name_1)s 
 LIMIT %(param_1)s
INFO:sqlalchemy.engine.Engine:SELECT prompt_templates.id AS prompt_templates_id, prompt_templates.name AS prompt_templates_name, prompt_templates.category AS prompt_templates_category, prompt_templates.template AS prompt_templates_template, prompt_templates.description AS prompt_templates_description, prompt_templates.created_at AS prompt_templates_created_at 
FROM prompt_templates 
WHERE prompt_templates.name = %(name_1)s 
 LIMIT %(param_1)s
2026-05-07 09:19:29,751 INFO sqlalchemy.engine.Engine [cached since 0.004329s ago] {'name_1': 'Data Extraction', 'param_1': 1}
INFO:sqlalchemy.engine.Engine:[cached since 0.004329s ago] {'name_1': 'Data Extraction', 'param_1': 1}
2026-05-07 09:19:29,751 INFO sqlalchemy.engine.Engine COMMIT
INFO:sqlalchemy.engine.Engine:COMMIT
INFO:backend.prompt_manager:Default prompt templates seeded.
INFO:backend.embeddings:Loading embedding model: BAAI/bge-base-en-v1.5
INFO:sentence_transformers.SentenceTransformer:Use pytorch device_name: cpu
INFO:sentence_transformers.SentenceTransformer:Load pretrained SentenceTransformer: BAAI/bge-base-en-v1.5
INFO:backend.embeddings:Embedding dimension: 768
[0;93m2026-05-07 09:19:30.865702871 [W:onnxruntime:Default, device_discovery.cc:211 DiscoverDevicesForPlatform] GPU device discovery failed: device_discovery.cc:91 ReadFileContents Failed to open file: "/sys/class/drm/card0/device/vendor"[m
ERROR:chromadb.telemetry.product.posthog:Failed to send telemetry event ClientStartEvent: capture() takes 1 positional argument but 3 were given
ERROR:chromadb.telemetry.product.posthog:Failed to send telemetry event ClientCreateCollectionEvent: capture() takes 1 positional argument but 3 were given
INFO:backend.vector_store:ChromaDB collection 'documents' ready (898 items)
INFO:backend.main:Services pre-warmed: embedding model loaded and ready.
INFO:     Application startup complete.
ERROR:    [Errno 98] error while attempting to bind on address ('0.0.0.0', 8000): address already in use
INFO:     Waiting for application shutdown.
INFO:backend.main:Shutdown complete.
INFO:     Application shutdown complete.
INFO:     Started server process [1171396]
INFO:     Waiting for application startup.
INFO:backend.main:Starting AI Knowledge Platform …
2026-05-07 09:19:50,312 INFO sqlalchemy.engine.Engine select pg_catalog.version()
INFO:sqlalchemy.engine.Engine:select pg_catalog.version()
2026-05-07 09:19:50,312 INFO sqlalchemy.engine.Engine [raw sql] {}
INFO:sqlalchemy.engine.Engine:[raw sql] {}
2026-05-07 09:19:50,313 INFO sqlalchemy.engine.Engine select current_schema()
INFO:sqlalchemy.engine.Engine:select current_schema()
2026-05-07 09:19:50,313 INFO sqlalchemy.engine.Engine [raw sql] {}
INFO:sqlalchemy.engine.Engine:[raw sql] {}
2026-05-07 09:19:50,314 INFO sqlalchemy.engine.Engine show standard_conforming_strings
INFO:sqlalchemy.engine.Engine:show standard_conforming_strings
2026-05-07 09:19:50,314 INFO sqlalchemy.engine.Engine [raw sql] {}
INFO:sqlalchemy.engine.Engine:[raw sql] {}
2026-05-07 09:19:50,315 INFO sqlalchemy.engine.Engine BEGIN (implicit)
INFO:sqlalchemy.engine.Engine:BEGIN (implicit)
2026-05-07 09:19:50,319 INFO sqlalchemy.engine.Engine SELECT pg_catalog.pg_class.relname 
FROM pg_catalog.pg_class JOIN pg_catalog.pg_namespace ON pg_catalog.pg_namespace.oid = pg_catalog.pg_class.relnamespace 
WHERE pg_catalog.pg_class.relname = %(table_name)s AND pg_catalog.pg_class.relkind = ANY (ARRAY[%(param_1)s, %(param_2)s, %(param_3)s, %(param_4)s, %(param_5)s]) AND pg_catalog.pg_table_is_visible(pg_catalog.pg_class.oid) AND pg_catalog.pg_namespace.nspname != %(nspname_1)s
INFO:sqlalchemy.engine.Engine:SELECT pg_catalog.pg_class.relname 
FROM pg_catalog.pg_class JOIN pg_catalog.pg_namespace ON pg_catalog.pg_namespace.oid = pg_catalog.pg_class.relnamespace 
WHERE pg_catalog.pg_class.relname = %(table_name)s AND pg_catalog.pg_class.relkind = ANY (ARRAY[%(param_1)s, %(param_2)s, %(param_3)s, %(param_4)s, %(param_5)s]) AND pg_catalog.pg_table_is_visible(pg_catalog.pg_class.oid) AND pg_catalog.pg_namespace.nspname != %(nspname_1)s
2026-05-07 09:19:50,319 INFO sqlalchemy.engine.Engine [generated in 0.00025s] {'table_name': 'documents', 'param_1': 'r', 'param_2': 'p', 'param_3': 'f', 'param_4': 'v', 'param_5': 'm', 'nspname_1': 'pg_catalog'}
INFO:sqlalchemy.engine.Engine:[generated in 0.00025s] {'table_name': 'documents', 'param_1': 'r', 'param_2': 'p', 'param_3': 'f', 'param_4': 'v', 'param_5': 'm', 'nspname_1': 'pg_catalog'}
2026-05-07 09:19:50,321 INFO sqlalchemy.engine.Engine SELECT pg_catalog.pg_class.relname 
FROM pg_catalog.pg_class JOIN pg_catalog.pg_namespace ON pg_catalog.pg_namespace.oid = pg_catalog.pg_class.relnamespace 
WHERE pg_catalog.pg_class.relname = %(table_name)s AND pg_catalog.pg_class.relkind = ANY (ARRAY[%(param_1)s, %(param_2)s, %(param_3)s, %(param_4)s, %(param_5)s]) AND pg_catalog.pg_table_is_visible(pg_catalog.pg_class.oid) AND pg_catalog.pg_namespace.nspname != %(nspname_1)s
INFO:sqlalchemy.engine.Engine:SELECT pg_catalog.pg_class.relname 
FROM pg_catalog.pg_class JOIN pg_catalog.pg_namespace ON pg_catalog.pg_namespace.oid = pg_catalog.pg_class.relnamespace 
WHERE pg_catalog.pg_class.relname = %(table_name)s AND pg_catalog.pg_class.relkind = ANY (ARRAY[%(param_1)s, %(param_2)s, %(param_3)s, %(param_4)s, %(param_5)s]) AND pg_catalog.pg_table_is_visible(pg_catalog.pg_class.oid) AND pg_catalog.pg_namespace.nspname != %(nspname_1)s
2026-05-07 09:19:50,321 INFO sqlalchemy.engine.Engine [cached since 0.002118s ago] {'table_name': 'prompt_templates', 'param_1': 'r', 'param_2': 'p', 'param_3': 'f', 'param_4': 'v', 'param_5': 'm', 'nspname_1': 'pg_catalog'}
INFO:sqlalchemy.engine.Engine:[cached since 0.002118s ago] {'table_name': 'prompt_templates', 'param_1': 'r', 'param_2': 'p', 'param_3': 'f', 'param_4': 'v', 'param_5': 'm', 'nspname_1': 'pg_catalog'}
2026-05-07 09:19:50,322 INFO sqlalchemy.engine.Engine SELECT pg_catalog.pg_class.relname 
FROM pg_catalog.pg_class JOIN pg_catalog.pg_namespace ON pg_catalog.pg_namespace.oid = pg_catalog.pg_class.relnamespace 
WHERE pg_catalog.pg_class.relname = %(table_name)s AND pg_catalog.pg_class.relkind = ANY (ARRAY[%(param_1)s, %(param_2)s, %(param_3)s, %(param_4)s, %(param_5)s]) AND pg_catalog.pg_table_is_visible(pg_catalog.pg_class.oid) AND pg_catalog.pg_namespace.nspname != %(nspname_1)s
INFO:sqlalchemy.engine.Engine:SELECT pg_catalog.pg_class.relname 
FROM pg_catalog.pg_class JOIN pg_catalog.pg_namespace ON pg_catalog.pg_namespace.oid = pg_catalog.pg_class.relnamespace 
WHERE pg_catalog.pg_class.relname = %(table_name)s AND pg_catalog.pg_class.relkind = ANY (ARRAY[%(param_1)s, %(param_2)s, %(param_3)s, %(param_4)s, %(param_5)s]) AND pg_catalog.pg_table_is_visible(pg_catalog.pg_class.oid) AND pg_catalog.pg_namespace.nspname != %(nspname_1)s
2026-05-07 09:19:50,322 INFO sqlalchemy.engine.Engine [cached since 0.002996s ago] {'table_name': 'conversations', 'param_1': 'r', 'param_2': 'p', 'param_3': 'f', 'param_4': 'v', 'param_5': 'm', 'nspname_1': 'pg_catalog'}
INFO:sqlalchemy.engine.Engine:[cached since 0.002996s ago] {'table_name': 'conversations', 'param_1': 'r', 'param_2': 'p', 'param_3': 'f', 'param_4': 'v', 'param_5': 'm', 'nspname_1': 'pg_catalog'}
2026-05-07 09:19:50,322 INFO sqlalchemy.engine.Engine SELECT pg_catalog.pg_class.relname 
FROM pg_catalog.pg_class JOIN pg_catalog.pg_namespace ON pg_catalog.pg_namespace.oid = pg_catalog.pg_class.relnamespace 
WHERE pg_catalog.pg_class.relname = %(table_name)s AND pg_catalog.pg_class.relkind = ANY (ARRAY[%(param_1)s, %(param_2)s, %(param_3)s, %(param_4)s, %(param_5)s]) AND pg_catalog.pg_table_is_visible(pg_catalog.pg_class.oid) AND pg_catalog.pg_namespace.nspname != %(nspname_1)s
INFO:sqlalchemy.engine.Engine:SELECT pg_catalog.pg_class.relname 
FROM pg_catalog.pg_class JOIN pg_catalog.pg_namespace ON pg_catalog.pg_namespace.oid = pg_catalog.pg_class.relnamespace 
WHERE pg_catalog.pg_class.relname = %(table_name)s AND pg_catalog.pg_class.relkind = ANY (ARRAY[%(param_1)s, %(param_2)s, %(param_3)s, %(param_4)s, %(param_5)s]) AND pg_catalog.pg_table_is_visible(pg_catalog.pg_class.oid) AND pg_catalog.pg_namespace.nspname != %(nspname_1)s
2026-05-07 09:19:50,322 INFO sqlalchemy.engine.Engine [cached since 0.003789s ago] {'table_name': 'users', 'param_1': 'r', 'param_2': 'p', 'param_3': 'f', 'param_4': 'v', 'param_5': 'm', 'nspname_1': 'pg_catalog'}
INFO:sqlalchemy.engine.Engine:[cached since 0.003789s ago] {'table_name': 'users', 'param_1': 'r', 'param_2': 'p', 'param_3': 'f', 'param_4': 'v', 'param_5': 'm', 'nspname_1': 'pg_catalog'}
2026-05-07 09:19:50,323 INFO sqlalchemy.engine.Engine SELECT pg_catalog.pg_class.relname 
FROM pg_catalog.pg_class JOIN pg_catalog.pg_namespace ON pg_catalog.pg_namespace.oid = pg_catalog.pg_class.relnamespace 
WHERE pg_catalog.pg_class.relname = %(table_name)s AND pg_catalog.pg_class.relkind = ANY (ARRAY[%(param_1)s, %(param_2)s, %(param_3)s, %(param_4)s, %(param_5)s]) AND pg_catalog.pg_table_is_visible(pg_catalog.pg_class.oid) AND pg_catalog.pg_namespace.nspname != %(nspname_1)s
INFO:sqlalchemy.engine.Engine:SELECT pg_catalog.pg_class.relname 
FROM pg_catalog.pg_class JOIN pg_catalog.pg_namespace ON pg_catalog.pg_namespace.oid = pg_catalog.pg_class.relnamespace 
WHERE pg_catalog.pg_class.relname = %(table_name)s AND pg_catalog.pg_class.relkind = ANY (ARRAY[%(param_1)s, %(param_2)s, %(param_3)s, %(param_4)s, %(param_5)s]) AND pg_catalog.pg_table_is_visible(pg_catalog.pg_class.oid) AND pg_catalog.pg_namespace.nspname != %(nspname_1)s
2026-05-07 09:19:50,323 INFO sqlalchemy.engine.Engine [cached since 0.004551s ago] {'table_name': 'llm_usage', 'param_1': 'r', 'param_2': 'p', 'param_3': 'f', 'param_4': 'v', 'param_5': 'm', 'nspname_1': 'pg_catalog'}
INFO:sqlalchemy.engine.Engine:[cached since 0.004551s ago] {'table_name': 'llm_usage', 'param_1': 'r', 'param_2': 'p', 'param_3': 'f', 'param_4': 'v', 'param_5': 'm', 'nspname_1': 'pg_catalog'}
2026-05-07 09:19:50,324 INFO sqlalchemy.engine.Engine SELECT pg_catalog.pg_class.relname 
FROM pg_catalog.pg_class JOIN pg_catalog.pg_namespace ON pg_catalog.pg_namespace.oid = pg_catalog.pg_class.relnamespace 
WHERE pg_catalog.pg_class.relname = %(table_name)s AND pg_catalog.pg_class.relkind = ANY (ARRAY[%(param_1)s, %(param_2)s, %(param_3)s, %(param_4)s, %(param_5)s]) AND pg_catalog.pg_table_is_visible(pg_catalog.pg_class.oid) AND pg_catalog.pg_namespace.nspname != %(nspname_1)s
INFO:sqlalchemy.engine.Engine:SELECT pg_catalog.pg_class.relname 
FROM pg_catalog.pg_class JOIN pg_catalog.pg_namespace ON pg_catalog.pg_namespace.oid = pg_catalog.pg_class.relnamespace 
WHERE pg_catalog.pg_class.relname = %(table_name)s AND pg_catalog.pg_class.relkind = ANY (ARRAY[%(param_1)s, %(param_2)s, %(param_3)s, %(param_4)s, %(param_5)s]) AND pg_catalog.pg_table_is_visible(pg_catalog.pg_class.oid) AND pg_catalog.pg_namespace.nspname != %(nspname_1)s
2026-05-07 09:19:50,324 INFO sqlalchemy.engine.Engine [cached since 0.00529s ago] {'table_name': 'saved_reports', 'param_1': 'r', 'param_2': 'p', 'param_3': 'f', 'param_4': 'v', 'param_5': 'm', 'nspname_1': 'pg_catalog'}
INFO:sqlalchemy.engine.Engine:[cached since 0.00529s ago] {'table_name': 'saved_reports', 'param_1': 'r', 'param_2': 'p', 'param_3': 'f', 'param_4': 'v', 'param_5': 'm', 'nspname_1': 'pg_catalog'}
2026-05-07 09:19:50,325 INFO sqlalchemy.engine.Engine SELECT pg_catalog.pg_class.relname 
FROM pg_catalog.pg_class JOIN pg_catalog.pg_namespace ON pg_catalog.pg_namespace.oid = pg_catalog.pg_class.relnamespace 
WHERE pg_catalog.pg_class.relname = %(table_name)s AND pg_catalog.pg_class.relkind = ANY (ARRAY[%(param_1)s, %(param_2)s, %(param_3)s, %(param_4)s, %(param_5)s]) AND pg_catalog.pg_table_is_visible(pg_catalog.pg_class.oid) AND pg_catalog.pg_namespace.nspname != %(nspname_1)s
INFO:sqlalchemy.engine.Engine:SELECT pg_catalog.pg_class.relname 
FROM pg_catalog.pg_class JOIN pg_catalog.pg_namespace ON pg_catalog.pg_namespace.oid = pg_catalog.pg_class.relnamespace 
WHERE pg_catalog.pg_class.relname = %(table_name)s AND pg_catalog.pg_class.relkind = ANY (ARRAY[%(param_1)s, %(param_2)s, %(param_3)s, %(param_4)s, %(param_5)s]) AND pg_catalog.pg_table_is_visible(pg_catalog.pg_class.oid) AND pg_catalog.pg_namespace.nspname != %(nspname_1)s
2026-05-07 09:19:50,325 INFO sqlalchemy.engine.Engine [cached since 0.006014s ago] {'table_name': 'audit_logs', 'param_1': 'r', 'param_2': 'p', 'param_3': 'f', 'param_4': 'v', 'param_5': 'm', 'nspname_1': 'pg_catalog'}
INFO:sqlalchemy.engine.Engine:[cached since 0.006014s ago] {'table_name': 'audit_logs', 'param_1': 'r', 'param_2': 'p', 'param_3': 'f', 'param_4': 'v', 'param_5': 'm', 'nspname_1': 'pg_catalog'}
2026-05-07 09:19:50,327 INFO sqlalchemy.engine.Engine SELECT pg_catalog.pg_type.typname 
FROM pg_catalog.pg_type JOIN pg_catalog.pg_namespace ON pg_catalog.pg_namespace.oid = pg_catalog.pg_type.typnamespace 
WHERE pg_catalog.pg_type.typname = %(typname_1)s AND pg_catalog.pg_type_is_visible(pg_catalog.pg_type.oid) AND pg_catalog.pg_namespace.nspname != %(nspname_1)s
INFO:sqlalchemy.engine.Engine:SELECT pg_catalog.pg_type.typname 
FROM pg_catalog.pg_type JOIN pg_catalog.pg_namespace ON pg_catalog.pg_namespace.oid = pg_catalog.pg_type.typnamespace 
WHERE pg_catalog.pg_type.typname = %(typname_1)s AND pg_catalog.pg_type_is_visible(pg_catalog.pg_type.oid) AND pg_catalog.pg_namespace.nspname != %(nspname_1)s
2026-05-07 09:19:50,327 INFO sqlalchemy.engine.Engine [generated in 0.00019s] {'typname_1': 'doc_status', 'nspname_1': 'pg_catalog'}
INFO:sqlalchemy.engine.Engine:[generated in 0.00019s] {'typname_1': 'doc_status', 'nspname_1': 'pg_catalog'}
2026-05-07 09:19:50,328 INFO sqlalchemy.engine.Engine COMMIT
INFO:sqlalchemy.engine.Engine:COMMIT
INFO:backend.main:Database tables ensured.
2026-05-07 09:19:50,333 INFO sqlalchemy.engine.Engine BEGIN (implicit)
INFO:sqlalchemy.engine.Engine:BEGIN (implicit)
2026-05-07 09:19:50,335 INFO sqlalchemy.engine.Engine SELECT prompt_templates.id AS prompt_templates_id, prompt_templates.name AS prompt_templates_name, prompt_templates.category AS prompt_templates_category, prompt_templates.template AS prompt_templates_template, prompt_templates.description AS prompt_templates_description, prompt_templates.created_at AS prompt_templates_created_at 
FROM prompt_templates 
WHERE prompt_templates.name = %(name_1)s 
 LIMIT %(param_1)s
INFO:sqlalchemy.engine.Engine:SELECT prompt_templates.id AS prompt_templates_id, prompt_templates.name AS prompt_templates_name, prompt_templates.category AS prompt_templates_category, prompt_templates.template AS prompt_templates_template, prompt_templates.description AS prompt_templates_description, prompt_templates.created_at AS prompt_templates_created_at 
FROM prompt_templates 
WHERE prompt_templates.name = %(name_1)s 
 LIMIT %(param_1)s
2026-05-07 09:19:50,336 INFO sqlalchemy.engine.Engine [generated in 0.00026s] {'name_1': 'Default RAG', 'param_1': 1}
INFO:sqlalchemy.engine.Engine:[generated in 0.00026s] {'name_1': 'Default RAG', 'param_1': 1}
2026-05-07 09:19:50,337 INFO sqlalchemy.engine.Engine SELECT prompt_templates.id AS prompt_templates_id, prompt_templates.name AS prompt_templates_name, prompt_templates.category AS prompt_templates_category, prompt_templates.template AS prompt_templates_template, prompt_templates.description AS prompt_templates_description, prompt_templates.created_at AS prompt_templates_created_at 
FROM prompt_templates 
WHERE prompt_templates.name = %(name_1)s 
 LIMIT %(param_1)s
INFO:sqlalchemy.engine.Engine:SELECT prompt_templates.id AS prompt_templates_id, prompt_templates.name AS prompt_templates_name, prompt_templates.category AS prompt_templates_category, prompt_templates.template AS prompt_templates_template, prompt_templates.description AS prompt_templates_description, prompt_templates.created_at AS prompt_templates_created_at 
FROM prompt_templates 
WHERE prompt_templates.name = %(name_1)s 
 LIMIT %(param_1)s
2026-05-07 09:19:50,338 INFO sqlalchemy.engine.Engine [cached since 0.002257s ago] {'name_1': 'Executive Summary', 'param_1': 1}
INFO:sqlalchemy.engine.Engine:[cached since 0.002257s ago] {'name_1': 'Executive Summary', 'param_1': 1}
2026-05-07 09:19:50,339 INFO sqlalchemy.engine.Engine SELECT prompt_templates.id AS prompt_templates_id, prompt_templates.name AS prompt_templates_name, prompt_templates.category AS prompt_templates_category, prompt_templates.template AS prompt_templates_template, prompt_templates.description AS prompt_templates_description, prompt_templates.created_at AS prompt_templates_created_at 
FROM prompt_templates 
WHERE prompt_templates.name = %(name_1)s 
 LIMIT %(param_1)s
INFO:sqlalchemy.engine.Engine:SELECT prompt_templates.id AS prompt_templates_id, prompt_templates.name AS prompt_templates_name, prompt_templates.category AS prompt_templates_category, prompt_templates.template AS prompt_templates_template, prompt_templates.description AS prompt_templates_description, prompt_templates.created_at AS prompt_templates_created_at 
FROM prompt_templates 
WHERE prompt_templates.name = %(name_1)s 
 LIMIT %(param_1)s
2026-05-07 09:19:50,339 INFO sqlalchemy.engine.Engine [cached since 0.003435s ago] {'name_1': 'Comparative Analysis', 'param_1': 1}
INFO:sqlalchemy.engine.Engine:[cached since 0.003435s ago] {'name_1': 'Comparative Analysis', 'param_1': 1}
2026-05-07 09:19:50,340 INFO sqlalchemy.engine.Engine SELECT prompt_templates.id AS prompt_templates_id, prompt_templates.name AS prompt_templates_name, prompt_templates.category AS prompt_templates_category, prompt_templates.template AS prompt_templates_template, prompt_templates.description AS prompt_templates_description, prompt_templates.created_at AS prompt_templates_created_at 
FROM prompt_templates 
WHERE prompt_templates.name = %(name_1)s 
 LIMIT %(param_1)s
INFO:sqlalchemy.engine.Engine:SELECT prompt_templates.id AS prompt_templates_id, prompt_templates.name AS prompt_templates_name, prompt_templates.category AS prompt_templates_category, prompt_templates.template AS prompt_templates_template, prompt_templates.description AS prompt_templates_description, prompt_templates.created_at AS prompt_templates_created_at 
FROM prompt_templates 
WHERE prompt_templates.name = %(name_1)s 
 LIMIT %(param_1)s
2026-05-07 09:19:50,340 INFO sqlalchemy.engine.Engine [cached since 0.004459s ago] {'name_1': 'Data Extraction', 'param_1': 1}
INFO:sqlalchemy.engine.Engine:[cached since 0.004459s ago] {'name_1': 'Data Extraction', 'param_1': 1}
2026-05-07 09:19:50,340 INFO sqlalchemy.engine.Engine COMMIT
INFO:sqlalchemy.engine.Engine:COMMIT
INFO:backend.prompt_manager:Default prompt templates seeded.
INFO:backend.embeddings:Loading embedding model: BAAI/bge-base-en-v1.5
INFO:sentence_transformers.SentenceTransformer:Use pytorch device_name: cpu
INFO:sentence_transformers.SentenceTransformer:Load pretrained SentenceTransformer: BAAI/bge-base-en-v1.5
INFO:backend.embeddings:Embedding dimension: 768
[0;93m2026-05-07 09:19:51.357309944 [W:onnxruntime:Default, device_discovery.cc:211 DiscoverDevicesForPlatform] GPU device discovery failed: device_discovery.cc:91 ReadFileContents Failed to open file: "/sys/class/drm/card0/device/vendor"[m
ERROR:chromadb.telemetry.product.posthog:Failed to send telemetry event ClientStartEvent: capture() takes 1 positional argument but 3 were given
ERROR:chromadb.telemetry.product.posthog:Failed to send telemetry event ClientCreateCollectionEvent: capture() takes 1 positional argument but 3 were given
INFO:backend.vector_store:ChromaDB collection 'documents' ready (898 items)
INFO:backend.main:Services pre-warmed: embedding model loaded and ready.
INFO:     Application startup complete.
ERROR:    [Errno 98] error while attempting to bind on address ('0.0.0.0', 8000): address already in use
INFO:     Waiting for application shutdown.
INFO:backend.main:Shutdown complete.
INFO:     Application shutdown complete.
INFO:     Started server process [1171485]
INFO:     Waiting for application startup.
INFO:backend.main:Starting AI Knowledge Platform …
2026-05-07 09:20:11,018 INFO sqlalchemy.engine.Engine select pg_catalog.version()
INFO:sqlalchemy.engine.Engine:select pg_catalog.version()
2026-05-07 09:20:11,018 INFO sqlalchemy.engine.Engine [raw sql] {}
INFO:sqlalchemy.engine.Engine:[raw sql] {}
2026-05-07 09:20:11,019 INFO sqlalchemy.engine.Engine select current_schema()
INFO:sqlalchemy.engine.Engine:select current_schema()
2026-05-07 09:20:11,019 INFO sqlalchemy.engine.Engine [raw sql] {}
INFO:sqlalchemy.engine.Engine:[raw sql] {}
2026-05-07 09:20:11,020 INFO sqlalchemy.engine.Engine show standard_conforming_strings
INFO:sqlalchemy.engine.Engine:show standard_conforming_strings
2026-05-07 09:20:11,020 INFO sqlalchemy.engine.Engine [raw sql] {}
INFO:sqlalchemy.engine.Engine:[raw sql] {}
2026-05-07 09:20:11,021 INFO sqlalchemy.engine.Engine BEGIN (implicit)
INFO:sqlalchemy.engine.Engine:BEGIN (implicit)
2026-05-07 09:20:11,026 INFO sqlalchemy.engine.Engine SELECT pg_catalog.pg_class.relname 
FROM pg_catalog.pg_class JOIN pg_catalog.pg_namespace ON pg_catalog.pg_namespace.oid = pg_catalog.pg_class.relnamespace 
WHERE pg_catalog.pg_class.relname = %(table_name)s AND pg_catalog.pg_class.relkind = ANY (ARRAY[%(param_1)s, %(param_2)s, %(param_3)s, %(param_4)s, %(param_5)s]) AND pg_catalog.pg_table_is_visible(pg_catalog.pg_class.oid) AND pg_catalog.pg_namespace.nspname != %(nspname_1)s
INFO:sqlalchemy.engine.Engine:SELECT pg_catalog.pg_class.relname 
FROM pg_catalog.pg_class JOIN pg_catalog.pg_namespace ON pg_catalog.pg_namespace.oid = pg_catalog.pg_class.relnamespace 
WHERE pg_catalog.pg_class.relname = %(table_name)s AND pg_catalog.pg_class.relkind = ANY (ARRAY[%(param_1)s, %(param_2)s, %(param_3)s, %(param_4)s, %(param_5)s]) AND pg_catalog.pg_table_is_visible(pg_catalog.pg_class.oid) AND pg_catalog.pg_namespace.nspname != %(nspname_1)s
2026-05-07 09:20:11,027 INFO sqlalchemy.engine.Engine [generated in 0.00035s] {'table_name': 'documents', 'param_1': 'r', 'param_2': 'p', 'param_3': 'f', 'param_4': 'v', 'param_5': 'm', 'nspname_1': 'pg_catalog'}
INFO:sqlalchemy.engine.Engine:[generated in 0.00035s] {'table_name': 'documents', 'param_1': 'r', 'param_2': 'p', 'param_3': 'f', 'param_4': 'v', 'param_5': 'm', 'nspname_1': 'pg_catalog'}
2026-05-07 09:20:11,029 INFO sqlalchemy.engine.Engine SELECT pg_catalog.pg_class.relname 
FROM pg_catalog.pg_class JOIN pg_catalog.pg_namespace ON pg_catalog.pg_namespace.oid = pg_catalog.pg_class.relnamespace 
WHERE pg_catalog.pg_class.relname = %(table_name)s AND pg_catalog.pg_class.relkind = ANY (ARRAY[%(param_1)s, %(param_2)s, %(param_3)s, %(param_4)s, %(param_5)s]) AND pg_catalog.pg_table_is_visible(pg_catalog.pg_class.oid) AND pg_catalog.pg_namespace.nspname != %(nspname_1)s
INFO:sqlalchemy.engine.Engine:SELECT pg_catalog.pg_class.relname 
FROM pg_catalog.pg_class JOIN pg_catalog.pg_namespace ON pg_catalog.pg_namespace.oid = pg_catalog.pg_class.relnamespace 
WHERE pg_catalog.pg_class.relname = %(table_name)s AND pg_catalog.pg_class.relkind = ANY (ARRAY[%(param_1)s, %(param_2)s, %(param_3)s, %(param_4)s, %(param_5)s]) AND pg_catalog.pg_table_is_visible(pg_catalog.pg_class.oid) AND pg_catalog.pg_namespace.nspname != %(nspname_1)s
2026-05-07 09:20:11,029 INFO sqlalchemy.engine.Engine [cached since 0.002441s ago] {'table_name': 'prompt_templates', 'param_1': 'r', 'param_2': 'p', 'param_3': 'f', 'param_4': 'v', 'param_5': 'm', 'nspname_1': 'pg_catalog'}
INFO:sqlalchemy.engine.Engine:[cached since 0.002441s ago] {'table_name': 'prompt_templates', 'param_1': 'r', 'param_2': 'p', 'param_3': 'f', 'param_4': 'v', 'param_5': 'm', 'nspname_1': 'pg_catalog'}
2026-05-07 09:20:11,030 INFO sqlalchemy.engine.Engine SELECT pg_catalog.pg_class.relname 
FROM pg_catalog.pg_class JOIN pg_catalog.pg_namespace ON pg_catalog.pg_namespace.oid = pg_catalog.pg_class.relnamespace 
WHERE pg_catalog.pg_class.relname = %(table_name)s AND pg_catalog.pg_class.relkind = ANY (ARRAY[%(param_1)s, %(param_2)s, %(param_3)s, %(param_4)s, %(param_5)s]) AND pg_catalog.pg_table_is_visible(pg_catalog.pg_class.oid) AND pg_catalog.pg_namespace.nspname != %(nspname_1)s
INFO:sqlalchemy.engine.Engine:SELECT pg_catalog.pg_class.relname 
FROM pg_catalog.pg_class JOIN pg_catalog.pg_namespace ON pg_catalog.pg_namespace.oid = pg_catalog.pg_class.relnamespace 
WHERE pg_catalog.pg_class.relname = %(table_name)s AND pg_catalog.pg_class.relkind = ANY (ARRAY[%(param_1)s, %(param_2)s, %(param_3)s, %(param_4)s, %(param_5)s]) AND pg_catalog.pg_table_is_visible(pg_catalog.pg_class.oid) AND pg_catalog.pg_namespace.nspname != %(nspname_1)s
2026-05-07 09:20:11,030 INFO sqlalchemy.engine.Engine [cached since 0.003587s ago] {'table_name': 'conversations', 'param_1': 'r', 'param_2': 'p', 'param_3': 'f', 'param_4': 'v', 'param_5': 'm', 'nspname_1': 'pg_catalog'}
INFO:sqlalchemy.engine.Engine:[cached since 0.003587s ago] {'table_name': 'conversations', 'param_1': 'r', 'param_2': 'p', 'param_3': 'f', 'param_4': 'v', 'param_5': 'm', 'nspname_1': 'pg_catalog'}
2026-05-07 09:20:11,031 INFO sqlalchemy.engine.Engine SELECT pg_catalog.pg_class.relname 
FROM pg_catalog.pg_class JOIN pg_catalog.pg_namespace ON pg_catalog.pg_namespace.oid = pg_catalog.pg_class.relnamespace 
WHERE pg_catalog.pg_class.relname = %(table_name)s AND pg_catalog.pg_class.relkind = ANY (ARRAY[%(param_1)s, %(param_2)s, %(param_3)s, %(param_4)s, %(param_5)s]) AND pg_catalog.pg_table_is_visible(pg_catalog.pg_class.oid) AND pg_catalog.pg_namespace.nspname != %(nspname_1)s
INFO:sqlalchemy.engine.Engine:SELECT pg_catalog.pg_class.relname 
FROM pg_catalog.pg_class JOIN pg_catalog.pg_namespace ON pg_catalog.pg_namespace.oid = pg_catalog.pg_class.relnamespace 
WHERE pg_catalog.pg_class.relname = %(table_name)s AND pg_catalog.pg_class.relkind = ANY (ARRAY[%(param_1)s, %(param_2)s, %(param_3)s, %(param_4)s, %(param_5)s]) AND pg_catalog.pg_table_is_visible(pg_catalog.pg_class.oid) AND pg_catalog.pg_namespace.nspname != %(nspname_1)s
2026-05-07 09:20:11,031 INFO sqlalchemy.engine.Engine [cached since 0.004543s ago] {'table_name': 'users', 'param_1': 'r', 'param_2': 'p', 'param_3': 'f', 'param_4': 'v', 'param_5': 'm', 'nspname_1': 'pg_catalog'}
INFO:sqlalchemy.engine.Engine:[cached since 0.004543s ago] {'table_name': 'users', 'param_1': 'r', 'param_2': 'p', 'param_3': 'f', 'param_4': 'v', 'param_5': 'm', 'nspname_1': 'pg_catalog'}
2026-05-07 09:20:11,032 INFO sqlalchemy.engine.Engine SELECT pg_catalog.pg_class.relname 
FROM pg_catalog.pg_class JOIN pg_catalog.pg_namespace ON pg_catalog.pg_namespace.oid = pg_catalog.pg_class.relnamespace 
WHERE pg_catalog.pg_class.relname = %(table_name)s AND pg_catalog.pg_class.relkind = ANY (ARRAY[%(param_1)s, %(param_2)s, %(param_3)s, %(param_4)s, %(param_5)s]) AND pg_catalog.pg_table_is_visible(pg_catalog.pg_class.oid) AND pg_catalog.pg_namespace.nspname != %(nspname_1)s
INFO:sqlalchemy.engine.Engine:SELECT pg_catalog.pg_class.relname 
FROM pg_catalog.pg_class JOIN pg_catalog.pg_namespace ON pg_catalog.pg_namespace.oid = pg_catalog.pg_class.relnamespace 
WHERE pg_catalog.pg_class.relname = %(table_name)s AND pg_catalog.pg_class.relkind = ANY (ARRAY[%(param_1)s, %(param_2)s, %(param_3)s, %(param_4)s, %(param_5)s]) AND pg_catalog.pg_table_is_visible(pg_catalog.pg_class.oid) AND pg_catalog.pg_namespace.nspname != %(nspname_1)s
2026-05-07 09:20:11,032 INFO sqlalchemy.engine.Engine [cached since 0.005367s ago] {'table_name': 'llm_usage', 'param_1': 'r', 'param_2': 'p', 'param_3': 'f', 'param_4': 'v', 'param_5': 'm', 'nspname_1': 'pg_catalog'}
INFO:sqlalchemy.engine.Engine:[cached since 0.005367s ago] {'table_name': 'llm_usage', 'param_1': 'r', 'param_2': 'p', 'param_3': 'f', 'param_4': 'v', 'param_5': 'm', 'nspname_1': 'pg_catalog'}
2026-05-07 09:20:11,032 INFO sqlalchemy.engine.Engine SELECT pg_catalog.pg_class.relname 
FROM pg_catalog.pg_class JOIN pg_catalog.pg_namespace ON pg_catalog.pg_namespace.oid = pg_catalog.pg_class.relnamespace 
WHERE pg_catalog.pg_class.relname = %(table_name)s AND pg_catalog.pg_class.relkind = ANY (ARRAY[%(param_1)s, %(param_2)s, %(param_3)s, %(param_4)s, %(param_5)s]) AND pg_catalog.pg_table_is_visible(pg_catalog.pg_class.oid) AND pg_catalog.pg_namespace.nspname != %(nspname_1)s
INFO:sqlalchemy.engine.Engine:SELECT pg_catalog.pg_class.relname 
FROM pg_catalog.pg_class JOIN pg_catalog.pg_namespace ON pg_catalog.pg_namespace.oid = pg_catalog.pg_class.relnamespace 
WHERE pg_catalog.pg_class.relname = %(table_name)s AND pg_catalog.pg_class.relkind = ANY (ARRAY[%(param_1)s, %(param_2)s, %(param_3)s, %(param_4)s, %(param_5)s]) AND pg_catalog.pg_table_is_visible(pg_catalog.pg_class.oid) AND pg_catalog.pg_namespace.nspname != %(nspname_1)s
2026-05-07 09:20:11,032 INFO sqlalchemy.engine.Engine [cached since 0.006163s ago] {'table_name': 'saved_reports', 'param_1': 'r', 'param_2': 'p', 'param_3': 'f', 'param_4': 'v', 'param_5': 'm', 'nspname_1': 'pg_catalog'}
INFO:sqlalchemy.engine.Engine:[cached since 0.006163s ago] {'table_name': 'saved_reports', 'param_1': 'r', 'param_2': 'p', 'param_3': 'f', 'param_4': 'v', 'param_5': 'm', 'nspname_1': 'pg_catalog'}
2026-05-07 09:20:11,033 INFO sqlalchemy.engine.Engine SELECT pg_catalog.pg_class.relname 
FROM pg_catalog.pg_class JOIN pg_catalog.pg_namespace ON pg_catalog.pg_namespace.oid = pg_catalog.pg_class.relnamespace 
WHERE pg_catalog.pg_class.relname = %(table_name)s AND pg_catalog.pg_class.relkind = ANY (ARRAY[%(param_1)s, %(param_2)s, %(param_3)s, %(param_4)s, %(param_5)s]) AND pg_catalog.pg_table_is_visible(pg_catalog.pg_class.oid) AND pg_catalog.pg_namespace.nspname != %(nspname_1)s
INFO:sqlalchemy.engine.Engine:SELECT pg_catalog.pg_class.relname 
FROM pg_catalog.pg_class JOIN pg_catalog.pg_namespace ON pg_catalog.pg_namespace.oid = pg_catalog.pg_class.relnamespace 
WHERE pg_catalog.pg_class.relname = %(table_name)s AND pg_catalog.pg_class.relkind = ANY (ARRAY[%(param_1)s, %(param_2)s, %(param_3)s, %(param_4)s, %(param_5)s]) AND pg_catalog.pg_table_is_visible(pg_catalog.pg_class.oid) AND pg_catalog.pg_namespace.nspname != %(nspname_1)s
2026-05-07 09:20:11,033 INFO sqlalchemy.engine.Engine [cached since 0.006992s ago] {'table_name': 'audit_logs', 'param_1': 'r', 'param_2': 'p', 'param_3': 'f', 'param_4': 'v', 'param_5': 'm', 'nspname_1': 'pg_catalog'}
INFO:sqlalchemy.engine.Engine:[cached since 0.006992s ago] {'table_name': 'audit_logs', 'param_1': 'r', 'param_2': 'p', 'param_3': 'f', 'param_4': 'v', 'param_5': 'm', 'nspname_1': 'pg_catalog'}
2026-05-07 09:20:11,036 INFO sqlalchemy.engine.Engine SELECT pg_catalog.pg_type.typname 
FROM pg_catalog.pg_type JOIN pg_catalog.pg_namespace ON pg_catalog.pg_namespace.oid = pg_catalog.pg_type.typnamespace 
WHERE pg_catalog.pg_type.typname = %(typname_1)s AND pg_catalog.pg_type_is_visible(pg_catalog.pg_type.oid) AND pg_catalog.pg_namespace.nspname != %(nspname_1)s
INFO:sqlalchemy.engine.Engine:SELECT pg_catalog.pg_type.typname 
FROM pg_catalog.pg_type JOIN pg_catalog.pg_namespace ON pg_catalog.pg_namespace.oid = pg_catalog.pg_type.typnamespace 
WHERE pg_catalog.pg_type.typname = %(typname_1)s AND pg_catalog.pg_type_is_visible(pg_catalog.pg_type.oid) AND pg_catalog.pg_namespace.nspname != %(nspname_1)s
2026-05-07 09:20:11,036 INFO sqlalchemy.engine.Engine [generated in 0.00021s] {'typname_1': 'doc_status', 'nspname_1': 'pg_catalog'}
INFO:sqlalchemy.engine.Engine:[generated in 0.00021s] {'typname_1': 'doc_status', 'nspname_1': 'pg_catalog'}
2026-05-07 09:20:11,037 INFO sqlalchemy.engine.Engine COMMIT
INFO:sqlalchemy.engine.Engine:COMMIT
INFO:backend.main:Database tables ensured.
2026-05-07 09:20:11,287 INFO sqlalchemy.engine.Engine BEGIN (implicit)
INFO:sqlalchemy.engine.Engine:BEGIN (implicit)
2026-05-07 09:20:11,289 INFO sqlalchemy.engine.Engine SELECT prompt_templates.id AS prompt_templates_id, prompt_templates.name AS prompt_templates_name, prompt_templates.category AS prompt_templates_category, prompt_templates.template AS prompt_templates_template, prompt_templates.description AS prompt_templates_description, prompt_templates.created_at AS prompt_templates_created_at 
FROM prompt_templates 
WHERE prompt_templates.name = %(name_1)s 
 LIMIT %(param_1)s
INFO:sqlalchemy.engine.Engine:SELECT prompt_templates.id AS prompt_templates_id, prompt_templates.name AS prompt_templates_name, prompt_templates.category AS prompt_templates_category, prompt_templates.template AS prompt_templates_template, prompt_templates.description AS prompt_templates_description, prompt_templates.created_at AS prompt_templates_created_at 
FROM prompt_templates 
WHERE prompt_templates.name = %(name_1)s 
 LIMIT %(param_1)s
2026-05-07 09:20:11,290 INFO sqlalchemy.engine.Engine [generated in 0.00025s] {'name_1': 'Default RAG', 'param_1': 1}
INFO:sqlalchemy.engine.Engine:[generated in 0.00025s] {'name_1': 'Default RAG', 'param_1': 1}
2026-05-07 09:20:11,292 INFO sqlalchemy.engine.Engine SELECT prompt_templates.id AS prompt_templates_id, prompt_templates.name AS prompt_templates_name, prompt_templates.category AS prompt_templates_category, prompt_templates.template AS prompt_templates_template, prompt_templates.description AS prompt_templates_description, prompt_templates.created_at AS prompt_templates_created_at 
FROM prompt_templates 
WHERE prompt_templates.name = %(name_1)s 
 LIMIT %(param_1)s
INFO:sqlalchemy.engine.Engine:SELECT prompt_templates.id AS prompt_templates_id, prompt_templates.name AS prompt_templates_name, prompt_templates.category AS prompt_templates_category, prompt_templates.template AS prompt_templates_template, prompt_templates.description AS prompt_templates_description, prompt_templates.created_at AS prompt_templates_created_at 
FROM prompt_templates 
WHERE prompt_templates.name = %(name_1)s 
 LIMIT %(param_1)s
2026-05-07 09:20:11,292 INFO sqlalchemy.engine.Engine [cached since 0.002444s ago] {'name_1': 'Executive Summary', 'param_1': 1}
INFO:sqlalchemy.engine.Engine:[cached since 0.002444s ago] {'name_1': 'Executive Summary', 'param_1': 1}
2026-05-07 09:20:11,293 INFO sqlalchemy.engine.Engine SELECT prompt_templates.id AS prompt_templates_id, prompt_templates.name AS prompt_templates_name, prompt_templates.category AS prompt_templates_category, prompt_templates.template AS prompt_templates_template, prompt_templates.description AS prompt_templates_description, prompt_templates.created_at AS prompt_templates_created_at 
FROM prompt_templates 
WHERE prompt_templates.name = %(name_1)s 
 LIMIT %(param_1)s
INFO:sqlalchemy.engine.Engine:SELECT prompt_templates.id AS prompt_templates_id, prompt_templates.name AS prompt_templates_name, prompt_templates.category AS prompt_templates_category, prompt_templates.template AS prompt_templates_template, prompt_templates.description AS prompt_templates_description, prompt_templates.created_at AS prompt_templates_created_at 
FROM prompt_templates 
WHERE prompt_templates.name = %(name_1)s 
 LIMIT %(param_1)s
2026-05-07 09:20:11,293 INFO sqlalchemy.engine.Engine [cached since 0.003767s ago] {'name_1': 'Comparative Analysis', 'param_1': 1}
INFO:sqlalchemy.engine.Engine:[cached since 0.003767s ago] {'name_1': 'Comparative Analysis', 'param_1': 1}
2026-05-07 09:20:11,294 INFO sqlalchemy.engine.Engine SELECT prompt_templates.id AS prompt_templates_id, prompt_templates.name AS prompt_templates_name, prompt_templates.category AS prompt_templates_category, prompt_templates.template AS prompt_templates_template, prompt_templates.description AS prompt_templates_description, prompt_templates.created_at AS prompt_templates_created_at 
FROM prompt_templates 
WHERE prompt_templates.name = %(name_1)s 
 LIMIT %(param_1)s
INFO:sqlalchemy.engine.Engine:SELECT prompt_templates.id AS prompt_templates_id, prompt_templates.name AS prompt_templates_name, prompt_templates.category AS prompt_templates_category, prompt_templates.template AS prompt_templates_template, prompt_templates.description AS prompt_templates_description, prompt_templates.created_at AS prompt_templates_created_at 
FROM prompt_templates 
WHERE prompt_templates.name = %(name_1)s 
 LIMIT %(param_1)s
2026-05-07 09:20:11,294 INFO sqlalchemy.engine.Engine [cached since 0.004866s ago] {'name_1': 'Data Extraction', 'param_1': 1}
INFO:sqlalchemy.engine.Engine:[cached since 0.004866s ago] {'name_1': 'Data Extraction', 'param_1': 1}
2026-05-07 09:20:11,295 INFO sqlalchemy.engine.Engine COMMIT
INFO:sqlalchemy.engine.Engine:COMMIT
INFO:backend.prompt_manager:Default prompt templates seeded.
INFO:backend.embeddings:Loading embedding model: BAAI/bge-base-en-v1.5
INFO:sentence_transformers.SentenceTransformer:Use pytorch device_name: cpu
INFO:sentence_transformers.SentenceTransformer:Load pretrained SentenceTransformer: BAAI/bge-base-en-v1.5
INFO:backend.embeddings:Embedding dimension: 768
[0;93m2026-05-07 09:20:12.080131946 [W:onnxruntime:Default, device_discovery.cc:211 DiscoverDevicesForPlatform] GPU device discovery failed: device_discovery.cc:91 ReadFileContents Failed to open file: "/sys/class/drm/card0/device/vendor"[m
ERROR:chromadb.telemetry.product.posthog:Failed to send telemetry event ClientStartEvent: capture() takes 1 positional argument but 3 were given
ERROR:chromadb.telemetry.product.posthog:Failed to send telemetry event ClientCreateCollectionEvent: capture() takes 1 positional argument but 3 were given
INFO:backend.vector_store:ChromaDB collection 'documents' ready (898 items)
INFO:backend.main:Services pre-warmed: embedding model loaded and ready.
INFO:     Application startup complete.
ERROR:    [Errno 98] error while attempting to bind on address ('0.0.0.0', 8000): address already in use
INFO:     Waiting for application shutdown.
INFO:backend.main:Shutdown complete.
INFO:     Application shutdown complete.
INFO:     Started server process [1171579]
INFO:     Waiting for application startup.
INFO:backend.main:Starting AI Knowledge Platform …
2026-05-07 09:20:31,586 INFO sqlalchemy.engine.Engine select pg_catalog.version()
INFO:sqlalchemy.engine.Engine:select pg_catalog.version()
2026-05-07 09:20:31,586 INFO sqlalchemy.engine.Engine [raw sql] {}
INFO:sqlalchemy.engine.Engine:[raw sql] {}
2026-05-07 09:20:31,587 INFO sqlalchemy.engine.Engine select current_schema()
INFO:sqlalchemy.engine.Engine:select current_schema()
2026-05-07 09:20:31,587 INFO sqlalchemy.engine.Engine [raw sql] {}
INFO:sqlalchemy.engine.Engine:[raw sql] {}
2026-05-07 09:20:31,588 INFO sqlalchemy.engine.Engine show standard_conforming_strings
INFO:sqlalchemy.engine.Engine:show standard_conforming_strings
2026-05-07 09:20:31,588 INFO sqlalchemy.engine.Engine [raw sql] {}
INFO:sqlalchemy.engine.Engine:[raw sql] {}
2026-05-07 09:20:31,589 INFO sqlalchemy.engine.Engine BEGIN (implicit)
INFO:sqlalchemy.engine.Engine:BEGIN (implicit)
2026-05-07 09:20:31,831 INFO sqlalchemy.engine.Engine SELECT pg_catalog.pg_class.relname 
FROM pg_catalog.pg_class JOIN pg_catalog.pg_namespace ON pg_catalog.pg_namespace.oid = pg_catalog.pg_class.relnamespace 
WHERE pg_catalog.pg_class.relname = %(table_name)s AND pg_catalog.pg_class.relkind = ANY (ARRAY[%(param_1)s, %(param_2)s, %(param_3)s, %(param_4)s, %(param_5)s]) AND pg_catalog.pg_table_is_visible(pg_catalog.pg_class.oid) AND pg_catalog.pg_namespace.nspname != %(nspname_1)s
INFO:sqlalchemy.engine.Engine:SELECT pg_catalog.pg_class.relname 
FROM pg_catalog.pg_class JOIN pg_catalog.pg_namespace ON pg_catalog.pg_namespace.oid = pg_catalog.pg_class.relnamespace 
WHERE pg_catalog.pg_class.relname = %(table_name)s AND pg_catalog.pg_class.relkind = ANY (ARRAY[%(param_1)s, %(param_2)s, %(param_3)s, %(param_4)s, %(param_5)s]) AND pg_catalog.pg_table_is_visible(pg_catalog.pg_class.oid) AND pg_catalog.pg_namespace.nspname != %(nspname_1)s
2026-05-07 09:20:31,832 INFO sqlalchemy.engine.Engine [generated in 0.00037s] {'table_name': 'documents', 'param_1': 'r', 'param_2': 'p', 'param_3': 'f', 'param_4': 'v', 'param_5': 'm', 'nspname_1': 'pg_catalog'}
INFO:sqlalchemy.engine.Engine:[generated in 0.00037s] {'table_name': 'documents', 'param_1': 'r', 'param_2': 'p', 'param_3': 'f', 'param_4': 'v', 'param_5': 'm', 'nspname_1': 'pg_catalog'}
2026-05-07 09:20:31,834 INFO sqlalchemy.engine.Engine SELECT pg_catalog.pg_class.relname 
FROM pg_catalog.pg_class JOIN pg_catalog.pg_namespace ON pg_catalog.pg_namespace.oid = pg_catalog.pg_class.relnamespace 
WHERE pg_catalog.pg_class.relname = %(table_name)s AND pg_catalog.pg_class.relkind = ANY (ARRAY[%(param_1)s, %(param_2)s, %(param_3)s, %(param_4)s, %(param_5)s]) AND pg_catalog.pg_table_is_visible(pg_catalog.pg_class.oid) AND pg_catalog.pg_namespace.nspname != %(nspname_1)s
INFO:sqlalchemy.engine.Engine:SELECT pg_catalog.pg_class.relname 
FROM pg_catalog.pg_class JOIN pg_catalog.pg_namespace ON pg_catalog.pg_namespace.oid = pg_catalog.pg_class.relnamespace 
WHERE pg_catalog.pg_class.relname = %(table_name)s AND pg_catalog.pg_class.relkind = ANY (ARRAY[%(param_1)s, %(param_2)s, %(param_3)s, %(param_4)s, %(param_5)s]) AND pg_catalog.pg_table_is_visible(pg_catalog.pg_class.oid) AND pg_catalog.pg_namespace.nspname != %(nspname_1)s
2026-05-07 09:20:31,834 INFO sqlalchemy.engine.Engine [cached since 0.002513s ago] {'table_name': 'prompt_templates', 'param_1': 'r', 'param_2': 'p', 'param_3': 'f', 'param_4': 'v', 'param_5': 'm', 'nspname_1': 'pg_catalog'}
INFO:sqlalchemy.engine.Engine:[cached since 0.002513s ago] {'table_name': 'prompt_templates', 'param_1': 'r', 'param_2': 'p', 'param_3': 'f', 'param_4': 'v', 'param_5': 'm', 'nspname_1': 'pg_catalog'}
2026-05-07 09:20:31,835 INFO sqlalchemy.engine.Engine SELECT pg_catalog.pg_class.relname 
FROM pg_catalog.pg_class JOIN pg_catalog.pg_namespace ON pg_catalog.pg_namespace.oid = pg_catalog.pg_class.relnamespace 
WHERE pg_catalog.pg_class.relname = %(table_name)s AND pg_catalog.pg_class.relkind = ANY (ARRAY[%(param_1)s, %(param_2)s, %(param_3)s, %(param_4)s, %(param_5)s]) AND pg_catalog.pg_table_is_visible(pg_catalog.pg_class.oid) AND pg_catalog.pg_namespace.nspname != %(nspname_1)s
INFO:sqlalchemy.engine.Engine:SELECT pg_catalog.pg_class.relname 
FROM pg_catalog.pg_class JOIN pg_catalog.pg_namespace ON pg_catalog.pg_namespace.oid = pg_catalog.pg_class.relnamespace 
WHERE pg_catalog.pg_class.relname = %(table_name)s AND pg_catalog.pg_class.relkind = ANY (ARRAY[%(param_1)s, %(param_2)s, %(param_3)s, %(param_4)s, %(param_5)s]) AND pg_catalog.pg_table_is_visible(pg_catalog.pg_class.oid) AND pg_catalog.pg_namespace.nspname != %(nspname_1)s
2026-05-07 09:20:31,835 INFO sqlalchemy.engine.Engine [cached since 0.003551s ago] {'table_name': 'conversations', 'param_1': 'r', 'param_2': 'p', 'param_3': 'f', 'param_4': 'v', 'param_5': 'm', 'nspname_1': 'pg_catalog'}
INFO:sqlalchemy.engine.Engine:[cached since 0.003551s ago] {'table_name': 'conversations', 'param_1': 'r', 'param_2': 'p', 'param_3': 'f', 'param_4': 'v', 'param_5': 'm', 'nspname_1': 'pg_catalog'}
2026-05-07 09:20:31,836 INFO sqlalchemy.engine.Engine SELECT pg_catalog.pg_class.relname 
FROM pg_catalog.pg_class JOIN pg_catalog.pg_namespace ON pg_catalog.pg_namespace.oid = pg_catalog.pg_class.relnamespace 
WHERE pg_catalog.pg_class.relname = %(table_name)s AND pg_catalog.pg_class.relkind = ANY (ARRAY[%(param_1)s, %(param_2)s, %(param_3)s, %(param_4)s, %(param_5)s]) AND pg_catalog.pg_table_is_visible(pg_catalog.pg_class.oid) AND pg_catalog.pg_namespace.nspname != %(nspname_1)s
INFO:sqlalchemy.engine.Engine:SELECT pg_catalog.pg_class.relname 
FROM pg_catalog.pg_class JOIN pg_catalog.pg_namespace ON pg_catalog.pg_namespace.oid = pg_catalog.pg_class.relnamespace 
WHERE pg_catalog.pg_class.relname = %(table_name)s AND pg_catalog.pg_class.relkind = ANY (ARRAY[%(param_1)s, %(param_2)s, %(param_3)s, %(param_4)s, %(param_5)s]) AND pg_catalog.pg_table_is_visible(pg_catalog.pg_class.oid) AND pg_catalog.pg_namespace.nspname != %(nspname_1)s
2026-05-07 09:20:31,836 INFO sqlalchemy.engine.Engine [cached since 0.004459s ago] {'table_name': 'users', 'param_1': 'r', 'param_2': 'p', 'param_3': 'f', 'param_4': 'v', 'param_5': 'm', 'nspname_1': 'pg_catalog'}
INFO:sqlalchemy.engine.Engine:[cached since 0.004459s ago] {'table_name': 'users', 'param_1': 'r', 'param_2': 'p', 'param_3': 'f', 'param_4': 'v', 'param_5': 'm', 'nspname_1': 'pg_catalog'}
2026-05-07 09:20:31,836 INFO sqlalchemy.engine.Engine SELECT pg_catalog.pg_class.relname 
FROM pg_catalog.pg_class JOIN pg_catalog.pg_namespace ON pg_catalog.pg_namespace.oid = pg_catalog.pg_class.relnamespace 
WHERE pg_catalog.pg_class.relname = %(table_name)s AND pg_catalog.pg_class.relkind = ANY (ARRAY[%(param_1)s, %(param_2)s, %(param_3)s, %(param_4)s, %(param_5)s]) AND pg_catalog.pg_table_is_visible(pg_catalog.pg_class.oid) AND pg_catalog.pg_namespace.nspname != %(nspname_1)s
INFO:sqlalchemy.engine.Engine:SELECT pg_catalog.pg_class.relname 
FROM pg_catalog.pg_class JOIN pg_catalog.pg_namespace ON pg_catalog.pg_namespace.oid = pg_catalog.pg_class.relnamespace 
WHERE pg_catalog.pg_class.relname = %(table_name)s AND pg_catalog.pg_class.relkind = ANY (ARRAY[%(param_1)s, %(param_2)s, %(param_3)s, %(param_4)s, %(param_5)s]) AND pg_catalog.pg_table_is_visible(pg_catalog.pg_class.oid) AND pg_catalog.pg_namespace.nspname != %(nspname_1)s
2026-05-07 09:20:31,837 INFO sqlalchemy.engine.Engine [cached since 0.005309s ago] {'table_name': 'llm_usage', 'param_1': 'r', 'param_2': 'p', 'param_3': 'f', 'param_4': 'v', 'param_5': 'm', 'nspname_1': 'pg_catalog'}
INFO:sqlalchemy.engine.Engine:[cached since 0.005309s ago] {'table_name': 'llm_usage', 'param_1': 'r', 'param_2': 'p', 'param_3': 'f', 'param_4': 'v', 'param_5': 'm', 'nspname_1': 'pg_catalog'}
2026-05-07 09:20:31,837 INFO sqlalchemy.engine.Engine SELECT pg_catalog.pg_class.relname 
FROM pg_catalog.pg_class JOIN pg_catalog.pg_namespace ON pg_catalog.pg_namespace.oid = pg_catalog.pg_class.relnamespace 
WHERE pg_catalog.pg_class.relname = %(table_name)s AND pg_catalog.pg_class.relkind = ANY (ARRAY[%(param_1)s, %(param_2)s, %(param_3)s, %(param_4)s, %(param_5)s]) AND pg_catalog.pg_table_is_visible(pg_catalog.pg_class.oid) AND pg_catalog.pg_namespace.nspname != %(nspname_1)s
INFO:sqlalchemy.engine.Engine:SELECT pg_catalog.pg_class.relname 
FROM pg_catalog.pg_class JOIN pg_catalog.pg_namespace ON pg_catalog.pg_namespace.oid = pg_catalog.pg_class.relnamespace 
WHERE pg_catalog.pg_class.relname = %(table_name)s AND pg_catalog.pg_class.relkind = ANY (ARRAY[%(param_1)s, %(param_2)s, %(param_3)s, %(param_4)s, %(param_5)s]) AND pg_catalog.pg_table_is_visible(pg_catalog.pg_class.oid) AND pg_catalog.pg_namespace.nspname != %(nspname_1)s
2026-05-07 09:20:31,837 INFO sqlalchemy.engine.Engine [cached since 0.006131s ago] {'table_name': 'saved_reports', 'param_1': 'r', 'param_2': 'p', 'param_3': 'f', 'param_4': 'v', 'param_5': 'm', 'nspname_1': 'pg_catalog'}
INFO:sqlalchemy.engine.Engine:[cached since 0.006131s ago] {'table_name': 'saved_reports', 'param_1': 'r', 'param_2': 'p', 'param_3': 'f', 'param_4': 'v', 'param_5': 'm', 'nspname_1': 'pg_catalog'}
2026-05-07 09:20:31,838 INFO sqlalchemy.engine.Engine SELECT pg_catalog.pg_class.relname 
FROM pg_catalog.pg_class JOIN pg_catalog.pg_namespace ON pg_catalog.pg_namespace.oid = pg_catalog.pg_class.relnamespace 
WHERE pg_catalog.pg_class.relname = %(table_name)s AND pg_catalog.pg_class.relkind = ANY (ARRAY[%(param_1)s, %(param_2)s, %(param_3)s, %(param_4)s, %(param_5)s]) AND pg_catalog.pg_table_is_visible(pg_catalog.pg_class.oid) AND pg_catalog.pg_namespace.nspname != %(nspname_1)s
INFO:sqlalchemy.engine.Engine:SELECT pg_catalog.pg_class.relname 
FROM pg_catalog.pg_class JOIN pg_catalog.pg_namespace ON pg_catalog.pg_namespace.oid = pg_catalog.pg_class.relnamespace 
WHERE pg_catalog.pg_class.relname = %(table_name)s AND pg_catalog.pg_class.relkind = ANY (ARRAY[%(param_1)s, %(param_2)s, %(param_3)s, %(param_4)s, %(param_5)s]) AND pg_catalog.pg_table_is_visible(pg_catalog.pg_class.oid) AND pg_catalog.pg_namespace.nspname != %(nspname_1)s
2026-05-07 09:20:31,838 INFO sqlalchemy.engine.Engine [cached since 0.006961s ago] {'table_name': 'audit_logs', 'param_1': 'r', 'param_2': 'p', 'param_3': 'f', 'param_4': 'v', 'param_5': 'm', 'nspname_1': 'pg_catalog'}
INFO:sqlalchemy.engine.Engine:[cached since 0.006961s ago] {'table_name': 'audit_logs', 'param_1': 'r', 'param_2': 'p', 'param_3': 'f', 'param_4': 'v', 'param_5': 'm', 'nspname_1': 'pg_catalog'}
2026-05-07 09:20:31,840 INFO sqlalchemy.engine.Engine SELECT pg_catalog.pg_type.typname 
FROM pg_catalog.pg_type JOIN pg_catalog.pg_namespace ON pg_catalog.pg_namespace.oid = pg_catalog.pg_type.typnamespace 
WHERE pg_catalog.pg_type.typname = %(typname_1)s AND pg_catalog.pg_type_is_visible(pg_catalog.pg_type.oid) AND pg_catalog.pg_namespace.nspname != %(nspname_1)s
INFO:sqlalchemy.engine.Engine:SELECT pg_catalog.pg_type.typname 
FROM pg_catalog.pg_type JOIN pg_catalog.pg_namespace ON pg_catalog.pg_namespace.oid = pg_catalog.pg_type.typnamespace 
WHERE pg_catalog.pg_type.typname = %(typname_1)s AND pg_catalog.pg_type_is_visible(pg_catalog.pg_type.oid) AND pg_catalog.pg_namespace.nspname != %(nspname_1)s
2026-05-07 09:20:31,840 INFO sqlalchemy.engine.Engine [generated in 0.00020s] {'typname_1': 'doc_status', 'nspname_1': 'pg_catalog'}
INFO:sqlalchemy.engine.Engine:[generated in 0.00020s] {'typname_1': 'doc_status', 'nspname_1': 'pg_catalog'}
2026-05-07 09:20:31,841 INFO sqlalchemy.engine.Engine COMMIT
INFO:sqlalchemy.engine.Engine:COMMIT
INFO:backend.main:Database tables ensured.
2026-05-07 09:20:31,847 INFO sqlalchemy.engine.Engine BEGIN (implicit)
INFO:sqlalchemy.engine.Engine:BEGIN (implicit)
2026-05-07 09:20:31,849 INFO sqlalchemy.engine.Engine SELECT prompt_templates.id AS prompt_templates_id, prompt_templates.name AS prompt_templates_name, prompt_templates.category AS prompt_templates_category, prompt_templates.template AS prompt_templates_template, prompt_templates.description AS prompt_templates_description, prompt_templates.created_at AS prompt_templates_created_at 
FROM prompt_templates 
WHERE prompt_templates.name = %(name_1)s 
 LIMIT %(param_1)s
INFO:sqlalchemy.engine.Engine:SELECT prompt_templates.id AS prompt_templates_id, prompt_templates.name AS prompt_templates_name, prompt_templates.category AS prompt_templates_category, prompt_templates.template AS prompt_templates_template, prompt_templates.description AS prompt_templates_description, prompt_templates.created_at AS prompt_templates_created_at 
FROM prompt_templates 
WHERE prompt_templates.name = %(name_1)s 
 LIMIT %(param_1)s
2026-05-07 09:20:31,849 INFO sqlalchemy.engine.Engine [generated in 0.00023s] {'name_1': 'Default RAG', 'param_1': 1}
INFO:sqlalchemy.engine.Engine:[generated in 0.00023s] {'name_1': 'Default RAG', 'param_1': 1}
2026-05-07 09:20:31,851 INFO sqlalchemy.engine.Engine SELECT prompt_templates.id AS prompt_templates_id, prompt_templates.name AS prompt_templates_name, prompt_templates.category AS prompt_templates_category, prompt_templates.template AS prompt_templates_template, prompt_templates.description AS prompt_templates_description, prompt_templates.created_at AS prompt_templates_created_at 
FROM prompt_templates 
WHERE prompt_templates.name = %(name_1)s 
 LIMIT %(param_1)s
INFO:sqlalchemy.engine.Engine:SELECT prompt_templates.id AS prompt_templates_id, prompt_templates.name AS prompt_templates_name, prompt_templates.category AS prompt_templates_category, prompt_templates.template AS prompt_templates_template, prompt_templates.description AS prompt_templates_description, prompt_templates.created_at AS prompt_templates_created_at 
FROM prompt_templates 
WHERE prompt_templates.name = %(name_1)s 
 LIMIT %(param_1)s
2026-05-07 09:20:31,851 INFO sqlalchemy.engine.Engine [cached since 0.002212s ago] {'name_1': 'Executive Summary', 'param_1': 1}
INFO:sqlalchemy.engine.Engine:[cached since 0.002212s ago] {'name_1': 'Executive Summary', 'param_1': 1}
2026-05-07 09:20:31,852 INFO sqlalchemy.engine.Engine SELECT prompt_templates.id AS prompt_templates_id, prompt_templates.name AS prompt_templates_name, prompt_templates.category AS prompt_templates_category, prompt_templates.template AS prompt_templates_template, prompt_templates.description AS prompt_templates_description, prompt_templates.created_at AS prompt_templates_created_at 
FROM prompt_templates 
WHERE prompt_templates.name = %(name_1)s 
 LIMIT %(param_1)s
INFO:sqlalchemy.engine.Engine:SELECT prompt_templates.id AS prompt_templates_id, prompt_templates.name AS prompt_templates_name, prompt_templates.category AS prompt_templates_category, prompt_templates.template AS prompt_templates_template, prompt_templates.description AS prompt_templates_description, prompt_templates.created_at AS prompt_templates_created_at 
FROM prompt_templates 
WHERE prompt_templates.name = %(name_1)s 
 LIMIT %(param_1)s
2026-05-07 09:20:31,854 INFO sqlalchemy.engine.Engine [cached since 0.004872s ago] {'name_1': 'Comparative Analysis', 'param_1': 1}
INFO:sqlalchemy.engine.Engine:[cached since 0.004872s ago] {'name_1': 'Comparative Analysis', 'param_1': 1}
2026-05-07 09:20:31,855 INFO sqlalchemy.engine.Engine SELECT prompt_templates.id AS prompt_templates_id, prompt_templates.name AS prompt_templates_name, prompt_templates.category AS prompt_templates_category, prompt_templates.template AS prompt_templates_template, prompt_templates.description AS prompt_templates_description, prompt_templates.created_at AS prompt_templates_created_at 
FROM prompt_templates 
WHERE prompt_templates.name = %(name_1)s 
 LIMIT %(param_1)s
INFO:sqlalchemy.engine.Engine:SELECT prompt_templates.id AS prompt_templates_id, prompt_templates.name AS prompt_templates_name, prompt_templates.category AS prompt_templates_category, prompt_templates.template AS prompt_templates_template, prompt_templates.description AS prompt_templates_description, prompt_templates.created_at AS prompt_templates_created_at 
FROM prompt_templates 
WHERE prompt_templates.name = %(name_1)s 
 LIMIT %(param_1)s
2026-05-07 09:20:31,855 INFO sqlalchemy.engine.Engine [cached since 0.006105s ago] {'name_1': 'Data Extraction', 'param_1': 1}
INFO:sqlalchemy.engine.Engine:[cached since 0.006105s ago] {'name_1': 'Data Extraction', 'param_1': 1}
2026-05-07 09:20:31,855 INFO sqlalchemy.engine.Engine COMMIT
INFO:sqlalchemy.engine.Engine:COMMIT
INFO:backend.prompt_manager:Default prompt templates seeded.
INFO:backend.embeddings:Loading embedding model: BAAI/bge-base-en-v1.5
INFO:sentence_transformers.SentenceTransformer:Use pytorch device_name: cpu
INFO:sentence_transformers.SentenceTransformer:Load pretrained SentenceTransformer: BAAI/bge-base-en-v1.5
INFO:backend.embeddings:Embedding dimension: 768
[0;93m2026-05-07 09:20:32.654160816 [W:onnxruntime:Default, device_discovery.cc:211 DiscoverDevicesForPlatform] GPU device discovery failed: device_discovery.cc:91 ReadFileContents Failed to open file: "/sys/class/drm/card0/device/vendor"[m
ERROR:chromadb.telemetry.product.posthog:Failed to send telemetry event ClientStartEvent: capture() takes 1 positional argument but 3 were given
ERROR:chromadb.telemetry.product.posthog:Failed to send telemetry event ClientCreateCollectionEvent: capture() takes 1 positional argument but 3 were given
INFO:backend.vector_store:ChromaDB collection 'documents' ready (898 items)
INFO:backend.main:Services pre-warmed: embedding model loaded and ready.
INFO:     Application startup complete.
ERROR:    [Errno 98] error while attempting to bind on address ('0.0.0.0', 8000): address already in use
INFO:     Waiting for application shutdown.
INFO:backend.main:Shutdown complete.
INFO:     Application shutdown complete.
INFO:     Started server process [1171662]
INFO:     Waiting for application startup.
INFO:backend.main:Starting AI Knowledge Platform …
2026-05-07 09:20:52,866 INFO sqlalchemy.engine.Engine select pg_catalog.version()
INFO:sqlalchemy.engine.Engine:select pg_catalog.version()
2026-05-07 09:20:52,866 INFO sqlalchemy.engine.Engine [raw sql] {}
INFO:sqlalchemy.engine.Engine:[raw sql] {}
2026-05-07 09:20:52,867 INFO sqlalchemy.engine.Engine select current_schema()
INFO:sqlalchemy.engine.Engine:select current_schema()
2026-05-07 09:20:52,867 INFO sqlalchemy.engine.Engine [raw sql] {}
INFO:sqlalchemy.engine.Engine:[raw sql] {}
2026-05-07 09:20:52,868 INFO sqlalchemy.engine.Engine show standard_conforming_strings
INFO:sqlalchemy.engine.Engine:show standard_conforming_strings
2026-05-07 09:20:52,868 INFO sqlalchemy.engine.Engine [raw sql] {}
INFO:sqlalchemy.engine.Engine:[raw sql] {}
2026-05-07 09:20:52,869 INFO sqlalchemy.engine.Engine BEGIN (implicit)
INFO:sqlalchemy.engine.Engine:BEGIN (implicit)
2026-05-07 09:20:52,874 INFO sqlalchemy.engine.Engine SELECT pg_catalog.pg_class.relname 
FROM pg_catalog.pg_class JOIN pg_catalog.pg_namespace ON pg_catalog.pg_namespace.oid = pg_catalog.pg_class.relnamespace 
WHERE pg_catalog.pg_class.relname = %(table_name)s AND pg_catalog.pg_class.relkind = ANY (ARRAY[%(param_1)s, %(param_2)s, %(param_3)s, %(param_4)s, %(param_5)s]) AND pg_catalog.pg_table_is_visible(pg_catalog.pg_class.oid) AND pg_catalog.pg_namespace.nspname != %(nspname_1)s
INFO:sqlalchemy.engine.Engine:SELECT pg_catalog.pg_class.relname 
FROM pg_catalog.pg_class JOIN pg_catalog.pg_namespace ON pg_catalog.pg_namespace.oid = pg_catalog.pg_class.relnamespace 
WHERE pg_catalog.pg_class.relname = %(table_name)s AND pg_catalog.pg_class.relkind = ANY (ARRAY[%(param_1)s, %(param_2)s, %(param_3)s, %(param_4)s, %(param_5)s]) AND pg_catalog.pg_table_is_visible(pg_catalog.pg_class.oid) AND pg_catalog.pg_namespace.nspname != %(nspname_1)s
2026-05-07 09:20:52,874 INFO sqlalchemy.engine.Engine [generated in 0.00030s] {'table_name': 'documents', 'param_1': 'r', 'param_2': 'p', 'param_3': 'f', 'param_4': 'v', 'param_5': 'm', 'nspname_1': 'pg_catalog'}
INFO:sqlalchemy.engine.Engine:[generated in 0.00030s] {'table_name': 'documents', 'param_1': 'r', 'param_2': 'p', 'param_3': 'f', 'param_4': 'v', 'param_5': 'm', 'nspname_1': 'pg_catalog'}
2026-05-07 09:20:52,876 INFO sqlalchemy.engine.Engine SELECT pg_catalog.pg_class.relname 
FROM pg_catalog.pg_class JOIN pg_catalog.pg_namespace ON pg_catalog.pg_namespace.oid = pg_catalog.pg_class.relnamespace 
WHERE pg_catalog.pg_class.relname = %(table_name)s AND pg_catalog.pg_class.relkind = ANY (ARRAY[%(param_1)s, %(param_2)s, %(param_3)s, %(param_4)s, %(param_5)s]) AND pg_catalog.pg_table_is_visible(pg_catalog.pg_class.oid) AND pg_catalog.pg_namespace.nspname != %(nspname_1)s
INFO:sqlalchemy.engine.Engine:SELECT pg_catalog.pg_class.relname 
FROM pg_catalog.pg_class JOIN pg_catalog.pg_namespace ON pg_catalog.pg_namespace.oid = pg_catalog.pg_class.relnamespace 
WHERE pg_catalog.pg_class.relname = %(table_name)s AND pg_catalog.pg_class.relkind = ANY (ARRAY[%(param_1)s, %(param_2)s, %(param_3)s, %(param_4)s, %(param_5)s]) AND pg_catalog.pg_table_is_visible(pg_catalog.pg_class.oid) AND pg_catalog.pg_namespace.nspname != %(nspname_1)s
2026-05-07 09:20:52,876 INFO sqlalchemy.engine.Engine [cached since 0.00228s ago] {'table_name': 'prompt_templates', 'param_1': 'r', 'param_2': 'p', 'param_3': 'f', 'param_4': 'v', 'param_5': 'm', 'nspname_1': 'pg_catalog'}
INFO:sqlalchemy.engine.Engine:[cached since 0.00228s ago] {'table_name': 'prompt_templates', 'param_1': 'r', 'param_2': 'p', 'param_3': 'f', 'param_4': 'v', 'param_5': 'm', 'nspname_1': 'pg_catalog'}
2026-05-07 09:20:52,877 INFO sqlalchemy.engine.Engine SELECT pg_catalog.pg_class.relname 
FROM pg_catalog.pg_class JOIN pg_catalog.pg_namespace ON pg_catalog.pg_namespace.oid = pg_catalog.pg_class.relnamespace 
WHERE pg_catalog.pg_class.relname = %(table_name)s AND pg_catalog.pg_class.relkind = ANY (ARRAY[%(param_1)s, %(param_2)s, %(param_3)s, %(param_4)s, %(param_5)s]) AND pg_catalog.pg_table_is_visible(pg_catalog.pg_class.oid) AND pg_catalog.pg_namespace.nspname != %(nspname_1)s
INFO:sqlalchemy.engine.Engine:SELECT pg_catalog.pg_class.relname 
FROM pg_catalog.pg_class JOIN pg_catalog.pg_namespace ON pg_catalog.pg_namespace.oid = pg_catalog.pg_class.relnamespace 
WHERE pg_catalog.pg_class.relname = %(table_name)s AND pg_catalog.pg_class.relkind = ANY (ARRAY[%(param_1)s, %(param_2)s, %(param_3)s, %(param_4)s, %(param_5)s]) AND pg_catalog.pg_table_is_visible(pg_catalog.pg_class.oid) AND pg_catalog.pg_namespace.nspname != %(nspname_1)s
2026-05-07 09:20:52,877 INFO sqlalchemy.engine.Engine [cached since 0.003277s ago] {'table_name': 'conversations', 'param_1': 'r', 'param_2': 'p', 'param_3': 'f', 'param_4': 'v', 'param_5': 'm', 'nspname_1': 'pg_catalog'}
INFO:sqlalchemy.engine.Engine:[cached since 0.003277s ago] {'table_name': 'conversations', 'param_1': 'r', 'param_2': 'p', 'param_3': 'f', 'param_4': 'v', 'param_5': 'm', 'nspname_1': 'pg_catalog'}
2026-05-07 09:20:52,878 INFO sqlalchemy.engine.Engine SELECT pg_catalog.pg_class.relname 
FROM pg_catalog.pg_class JOIN pg_catalog.pg_namespace ON pg_catalog.pg_namespace.oid = pg_catalog.pg_class.relnamespace 
WHERE pg_catalog.pg_class.relname = %(table_name)s AND pg_catalog.pg_class.relkind = ANY (ARRAY[%(param_1)s, %(param_2)s, %(param_3)s, %(param_4)s, %(param_5)s]) AND pg_catalog.pg_table_is_visible(pg_catalog.pg_class.oid) AND pg_catalog.pg_namespace.nspname != %(nspname_1)s
INFO:sqlalchemy.engine.Engine:SELECT pg_catalog.pg_class.relname 
FROM pg_catalog.pg_class JOIN pg_catalog.pg_namespace ON pg_catalog.pg_namespace.oid = pg_catalog.pg_class.relnamespace 
WHERE pg_catalog.pg_class.relname = %(table_name)s AND pg_catalog.pg_class.relkind = ANY (ARRAY[%(param_1)s, %(param_2)s, %(param_3)s, %(param_4)s, %(param_5)s]) AND pg_catalog.pg_table_is_visible(pg_catalog.pg_class.oid) AND pg_catalog.pg_namespace.nspname != %(nspname_1)s
2026-05-07 09:20:52,878 INFO sqlalchemy.engine.Engine [cached since 0.004114s ago] {'table_name': 'users', 'param_1': 'r', 'param_2': 'p', 'param_3': 'f', 'param_4': 'v', 'param_5': 'm', 'nspname_1': 'pg_catalog'}
INFO:sqlalchemy.engine.Engine:[cached since 0.004114s ago] {'table_name': 'users', 'param_1': 'r', 'param_2': 'p', 'param_3': 'f', 'param_4': 'v', 'param_5': 'm', 'nspname_1': 'pg_catalog'}
2026-05-07 09:20:52,878 INFO sqlalchemy.engine.Engine SELECT pg_catalog.pg_class.relname 
FROM pg_catalog.pg_class JOIN pg_catalog.pg_namespace ON pg_catalog.pg_namespace.oid = pg_catalog.pg_class.relnamespace 
WHERE pg_catalog.pg_class.relname = %(table_name)s AND pg_catalog.pg_class.relkind = ANY (ARRAY[%(param_1)s, %(param_2)s, %(param_3)s, %(param_4)s, %(param_5)s]) AND pg_catalog.pg_table_is_visible(pg_catalog.pg_class.oid) AND pg_catalog.pg_namespace.nspname != %(nspname_1)s
INFO:sqlalchemy.engine.Engine:SELECT pg_catalog.pg_class.relname 
FROM pg_catalog.pg_class JOIN pg_catalog.pg_namespace ON pg_catalog.pg_namespace.oid = pg_catalog.pg_class.relnamespace 
WHERE pg_catalog.pg_class.relname = %(table_name)s AND pg_catalog.pg_class.relkind = ANY (ARRAY[%(param_1)s, %(param_2)s, %(param_3)s, %(param_4)s, %(param_5)s]) AND pg_catalog.pg_table_is_visible(pg_catalog.pg_class.oid) AND pg_catalog.pg_namespace.nspname != %(nspname_1)s
2026-05-07 09:20:52,878 INFO sqlalchemy.engine.Engine [cached since 0.004905s ago] {'table_name': 'llm_usage', 'param_1': 'r', 'param_2': 'p', 'param_3': 'f', 'param_4': 'v', 'param_5': 'm', 'nspname_1': 'pg_catalog'}
INFO:sqlalchemy.engine.Engine:[cached since 0.004905s ago] {'table_name': 'llm_usage', 'param_1': 'r', 'param_2': 'p', 'param_3': 'f', 'param_4': 'v', 'param_5': 'm', 'nspname_1': 'pg_catalog'}
2026-05-07 09:20:52,879 INFO sqlalchemy.engine.Engine SELECT pg_catalog.pg_class.relname 
FROM pg_catalog.pg_class JOIN pg_catalog.pg_namespace ON pg_catalog.pg_namespace.oid = pg_catalog.pg_class.relnamespace 
WHERE pg_catalog.pg_class.relname = %(table_name)s AND pg_catalog.pg_class.relkind = ANY (ARRAY[%(param_1)s, %(param_2)s, %(param_3)s, %(param_4)s, %(param_5)s]) AND pg_catalog.pg_table_is_visible(pg_catalog.pg_class.oid) AND pg_catalog.pg_namespace.nspname != %(nspname_1)s
INFO:sqlalchemy.engine.Engine:SELECT pg_catalog.pg_class.relname 
FROM pg_catalog.pg_class JOIN pg_catalog.pg_namespace ON pg_catalog.pg_namespace.oid = pg_catalog.pg_class.relnamespace 
WHERE pg_catalog.pg_class.relname = %(table_name)s AND pg_catalog.pg_class.relkind = ANY (ARRAY[%(param_1)s, %(param_2)s, %(param_3)s, %(param_4)s, %(param_5)s]) AND pg_catalog.pg_table_is_visible(pg_catalog.pg_class.oid) AND pg_catalog.pg_namespace.nspname != %(nspname_1)s
2026-05-07 09:20:52,879 INFO sqlalchemy.engine.Engine [cached since 0.005639s ago] {'table_name': 'saved_reports', 'param_1': 'r', 'param_2': 'p', 'param_3': 'f', 'param_4': 'v', 'param_5': 'm', 'nspname_1': 'pg_catalog'}
INFO:sqlalchemy.engine.Engine:[cached since 0.005639s ago] {'table_name': 'saved_reports', 'param_1': 'r', 'param_2': 'p', 'param_3': 'f', 'param_4': 'v', 'param_5': 'm', 'nspname_1': 'pg_catalog'}
2026-05-07 09:20:52,880 INFO sqlalchemy.engine.Engine SELECT pg_catalog.pg_class.relname 
FROM pg_catalog.pg_class JOIN pg_catalog.pg_namespace ON pg_catalog.pg_namespace.oid = pg_catalog.pg_class.relnamespace 
WHERE pg_catalog.pg_class.relname = %(table_name)s AND pg_catalog.pg_class.relkind = ANY (ARRAY[%(param_1)s, %(param_2)s, %(param_3)s, %(param_4)s, %(param_5)s]) AND pg_catalog.pg_table_is_visible(pg_catalog.pg_class.oid) AND pg_catalog.pg_namespace.nspname != %(nspname_1)s
INFO:sqlalchemy.engine.Engine:SELECT pg_catalog.pg_class.relname 
FROM pg_catalog.pg_class JOIN pg_catalog.pg_namespace ON pg_catalog.pg_namespace.oid = pg_catalog.pg_class.relnamespace 
WHERE pg_catalog.pg_class.relname = %(table_name)s AND pg_catalog.pg_class.relkind = ANY (ARRAY[%(param_1)s, %(param_2)s, %(param_3)s, %(param_4)s, %(param_5)s]) AND pg_catalog.pg_table_is_visible(pg_catalog.pg_class.oid) AND pg_catalog.pg_namespace.nspname != %(nspname_1)s
2026-05-07 09:20:52,880 INFO sqlalchemy.engine.Engine [cached since 0.006385s ago] {'table_name': 'audit_logs', 'param_1': 'r', 'param_2': 'p', 'param_3': 'f', 'param_4': 'v', 'param_5': 'm', 'nspname_1': 'pg_catalog'}
INFO:sqlalchemy.engine.Engine:[cached since 0.006385s ago] {'table_name': 'audit_logs', 'param_1': 'r', 'param_2': 'p', 'param_3': 'f', 'param_4': 'v', 'param_5': 'm', 'nspname_1': 'pg_catalog'}
2026-05-07 09:20:52,882 INFO sqlalchemy.engine.Engine SELECT pg_catalog.pg_type.typname 
FROM pg_catalog.pg_type JOIN pg_catalog.pg_namespace ON pg_catalog.pg_namespace.oid = pg_catalog.pg_type.typnamespace 
WHERE pg_catalog.pg_type.typname = %(typname_1)s AND pg_catalog.pg_type_is_visible(pg_catalog.pg_type.oid) AND pg_catalog.pg_namespace.nspname != %(nspname_1)s
INFO:sqlalchemy.engine.Engine:SELECT pg_catalog.pg_type.typname 
FROM pg_catalog.pg_type JOIN pg_catalog.pg_namespace ON pg_catalog.pg_namespace.oid = pg_catalog.pg_type.typnamespace 
WHERE pg_catalog.pg_type.typname = %(typname_1)s AND pg_catalog.pg_type_is_visible(pg_catalog.pg_type.oid) AND pg_catalog.pg_namespace.nspname != %(nspname_1)s
2026-05-07 09:20:52,882 INFO sqlalchemy.engine.Engine [generated in 0.00020s] {'typname_1': 'doc_status', 'nspname_1': 'pg_catalog'}
INFO:sqlalchemy.engine.Engine:[generated in 0.00020s] {'typname_1': 'doc_status', 'nspname_1': 'pg_catalog'}
2026-05-07 09:20:52,883 INFO sqlalchemy.engine.Engine COMMIT
INFO:sqlalchemy.engine.Engine:COMMIT
INFO:backend.main:Database tables ensured.
2026-05-07 09:20:52,888 INFO sqlalchemy.engine.Engine BEGIN (implicit)
INFO:sqlalchemy.engine.Engine:BEGIN (implicit)
2026-05-07 09:20:52,891 INFO sqlalchemy.engine.Engine SELECT prompt_templates.id AS prompt_templates_id, prompt_templates.name AS prompt_templates_name, prompt_templates.category AS prompt_templates_category, prompt_templates.template AS prompt_templates_template, prompt_templates.description AS prompt_templates_description, prompt_templates.created_at AS prompt_templates_created_at 
FROM prompt_templates 
WHERE prompt_templates.name = %(name_1)s 
 LIMIT %(param_1)s
INFO:sqlalchemy.engine.Engine:SELECT prompt_templates.id AS prompt_templates_id, prompt_templates.name AS prompt_templates_name, prompt_templates.category AS prompt_templates_category, prompt_templates.template AS prompt_templates_template, prompt_templates.description AS prompt_templates_description, prompt_templates.created_at AS prompt_templates_created_at 
FROM prompt_templates 
WHERE prompt_templates.name = %(name_1)s 
 LIMIT %(param_1)s
2026-05-07 09:20:52,891 INFO sqlalchemy.engine.Engine [generated in 0.00021s] {'name_1': 'Default RAG', 'param_1': 1}
INFO:sqlalchemy.engine.Engine:[generated in 0.00021s] {'name_1': 'Default RAG', 'param_1': 1}
2026-05-07 09:20:52,893 INFO sqlalchemy.engine.Engine SELECT prompt_templates.id AS prompt_templates_id, prompt_templates.name AS prompt_templates_name, prompt_templates.category AS prompt_templates_category, prompt_templates.template AS prompt_templates_template, prompt_templates.description AS prompt_templates_description, prompt_templates.created_at AS prompt_templates_created_at 
FROM prompt_templates 
WHERE prompt_templates.name = %(name_1)s 
 LIMIT %(param_1)s
INFO:sqlalchemy.engine.Engine:SELECT prompt_templates.id AS prompt_templates_id, prompt_templates.name AS prompt_templates_name, prompt_templates.category AS prompt_templates_category, prompt_templates.template AS prompt_templates_template, prompt_templates.description AS prompt_templates_description, prompt_templates.created_at AS prompt_templates_created_at 
FROM prompt_templates 
WHERE prompt_templates.name = %(name_1)s 
 LIMIT %(param_1)s
2026-05-07 09:20:52,893 INFO sqlalchemy.engine.Engine [cached since 0.002178s ago] {'name_1': 'Executive Summary', 'param_1': 1}
INFO:sqlalchemy.engine.Engine:[cached since 0.002178s ago] {'name_1': 'Executive Summary', 'param_1': 1}
2026-05-07 09:20:52,894 INFO sqlalchemy.engine.Engine SELECT prompt_templates.id AS prompt_templates_id, prompt_templates.name AS prompt_templates_name, prompt_templates.category AS prompt_templates_category, prompt_templates.template AS prompt_templates_template, prompt_templates.description AS prompt_templates_description, prompt_templates.created_at AS prompt_templates_created_at 
FROM prompt_templates 
WHERE prompt_templates.name = %(name_1)s 
 LIMIT %(param_1)s
INFO:sqlalchemy.engine.Engine:SELECT prompt_templates.id AS prompt_templates_id, prompt_templates.name AS prompt_templates_name, prompt_templates.category AS prompt_templates_category, prompt_templates.template AS prompt_templates_template, prompt_templates.description AS prompt_templates_description, prompt_templates.created_at AS prompt_templates_created_at 
FROM prompt_templates 
WHERE prompt_templates.name = %(name_1)s 
 LIMIT %(param_1)s
2026-05-07 09:20:52,894 INFO sqlalchemy.engine.Engine [cached since 0.003343s ago] {'name_1': 'Comparative Analysis', 'param_1': 1}
INFO:sqlalchemy.engine.Engine:[cached since 0.003343s ago] {'name_1': 'Comparative Analysis', 'param_1': 1}
2026-05-07 09:20:52,895 INFO sqlalchemy.engine.Engine SELECT prompt_templates.id AS prompt_templates_id, prompt_templates.name AS prompt_templates_name, prompt_templates.category AS prompt_templates_category, prompt_templates.template AS prompt_templates_template, prompt_templates.description AS prompt_templates_description, prompt_templates.created_at AS prompt_templates_created_at 
FROM prompt_templates 
WHERE prompt_templates.name = %(name_1)s 
 LIMIT %(param_1)s
INFO:sqlalchemy.engine.Engine:SELECT prompt_templates.id AS prompt_templates_id, prompt_templates.name AS prompt_templates_name, prompt_templates.category AS prompt_templates_category, prompt_templates.template AS prompt_templates_template, prompt_templates.description AS prompt_templates_description, prompt_templates.created_at AS prompt_templates_created_at 
FROM prompt_templates 
WHERE prompt_templates.name = %(name_1)s 
 LIMIT %(param_1)s
2026-05-07 09:20:52,895 INFO sqlalchemy.engine.Engine [cached since 0.004378s ago] {'name_1': 'Data Extraction', 'param_1': 1}
INFO:sqlalchemy.engine.Engine:[cached since 0.004378s ago] {'name_1': 'Data Extraction', 'param_1': 1}
2026-05-07 09:20:52,895 INFO sqlalchemy.engine.Engine COMMIT
INFO:sqlalchemy.engine.Engine:COMMIT
INFO:backend.prompt_manager:Default prompt templates seeded.
INFO:backend.embeddings:Loading embedding model: BAAI/bge-base-en-v1.5
INFO:sentence_transformers.SentenceTransformer:Use pytorch device_name: cpu
INFO:sentence_transformers.SentenceTransformer:Load pretrained SentenceTransformer: BAAI/bge-base-en-v1.5
INFO:backend.embeddings:Embedding dimension: 768
[0;93m2026-05-07 09:20:53.907787418 [W:onnxruntime:Default, device_discovery.cc:211 DiscoverDevicesForPlatform] GPU device discovery failed: device_discovery.cc:91 ReadFileContents Failed to open file: "/sys/class/drm/card0/device/vendor"[m
ERROR:chromadb.telemetry.product.posthog:Failed to send telemetry event ClientStartEvent: capture() takes 1 positional argument but 3 were given
ERROR:chromadb.telemetry.product.posthog:Failed to send telemetry event ClientCreateCollectionEvent: capture() takes 1 positional argument but 3 were given
INFO:backend.vector_store:ChromaDB collection 'documents' ready (898 items)
INFO:backend.main:Services pre-warmed: embedding model loaded and ready.
INFO:     Application startup complete.
ERROR:    [Errno 98] error while attempting to bind on address ('0.0.0.0', 8000): address already in use
INFO:     Waiting for application shutdown.
INFO:backend.main:Shutdown complete.
INFO:     Application shutdown complete.
INFO:     Started server process [1171873]
INFO:     Waiting for application startup.
INFO:backend.main:Starting AI Knowledge Platform …
2026-05-07 09:21:17,165 INFO sqlalchemy.engine.Engine select pg_catalog.version()
INFO:sqlalchemy.engine.Engine:select pg_catalog.version()
2026-05-07 09:21:17,165 INFO sqlalchemy.engine.Engine [raw sql] {}
INFO:sqlalchemy.engine.Engine:[raw sql] {}
2026-05-07 09:21:17,166 INFO sqlalchemy.engine.Engine select current_schema()
INFO:sqlalchemy.engine.Engine:select current_schema()
2026-05-07 09:21:17,167 INFO sqlalchemy.engine.Engine [raw sql] {}
INFO:sqlalchemy.engine.Engine:[raw sql] {}
2026-05-07 09:21:17,167 INFO sqlalchemy.engine.Engine show standard_conforming_strings
INFO:sqlalchemy.engine.Engine:show standard_conforming_strings
2026-05-07 09:21:17,167 INFO sqlalchemy.engine.Engine [raw sql] {}
INFO:sqlalchemy.engine.Engine:[raw sql] {}
2026-05-07 09:21:17,168 INFO sqlalchemy.engine.Engine BEGIN (implicit)
INFO:sqlalchemy.engine.Engine:BEGIN (implicit)
2026-05-07 09:21:17,174 INFO sqlalchemy.engine.Engine SELECT pg_catalog.pg_class.relname 
FROM pg_catalog.pg_class JOIN pg_catalog.pg_namespace ON pg_catalog.pg_namespace.oid = pg_catalog.pg_class.relnamespace 
WHERE pg_catalog.pg_class.relname = %(table_name)s AND pg_catalog.pg_class.relkind = ANY (ARRAY[%(param_1)s, %(param_2)s, %(param_3)s, %(param_4)s, %(param_5)s]) AND pg_catalog.pg_table_is_visible(pg_catalog.pg_class.oid) AND pg_catalog.pg_namespace.nspname != %(nspname_1)s
INFO:sqlalchemy.engine.Engine:SELECT pg_catalog.pg_class.relname 
FROM pg_catalog.pg_class JOIN pg_catalog.pg_namespace ON pg_catalog.pg_namespace.oid = pg_catalog.pg_class.relnamespace 
WHERE pg_catalog.pg_class.relname = %(table_name)s AND pg_catalog.pg_class.relkind = ANY (ARRAY[%(param_1)s, %(param_2)s, %(param_3)s, %(param_4)s, %(param_5)s]) AND pg_catalog.pg_table_is_visible(pg_catalog.pg_class.oid) AND pg_catalog.pg_namespace.nspname != %(nspname_1)s
2026-05-07 09:21:17,174 INFO sqlalchemy.engine.Engine [generated in 0.00040s] {'table_name': 'documents', 'param_1': 'r', 'param_2': 'p', 'param_3': 'f', 'param_4': 'v', 'param_5': 'm', 'nspname_1': 'pg_catalog'}
INFO:sqlalchemy.engine.Engine:[generated in 0.00040s] {'table_name': 'documents', 'param_1': 'r', 'param_2': 'p', 'param_3': 'f', 'param_4': 'v', 'param_5': 'm', 'nspname_1': 'pg_catalog'}
2026-05-07 09:21:17,177 INFO sqlalchemy.engine.Engine SELECT pg_catalog.pg_class.relname 
FROM pg_catalog.pg_class JOIN pg_catalog.pg_namespace ON pg_catalog.pg_namespace.oid = pg_catalog.pg_class.relnamespace 
WHERE pg_catalog.pg_class.relname = %(table_name)s AND pg_catalog.pg_class.relkind = ANY (ARRAY[%(param_1)s, %(param_2)s, %(param_3)s, %(param_4)s, %(param_5)s]) AND pg_catalog.pg_table_is_visible(pg_catalog.pg_class.oid) AND pg_catalog.pg_namespace.nspname != %(nspname_1)s
INFO:sqlalchemy.engine.Engine:SELECT pg_catalog.pg_class.relname 
FROM pg_catalog.pg_class JOIN pg_catalog.pg_namespace ON pg_catalog.pg_namespace.oid = pg_catalog.pg_class.relnamespace 
WHERE pg_catalog.pg_class.relname = %(table_name)s AND pg_catalog.pg_class.relkind = ANY (ARRAY[%(param_1)s, %(param_2)s, %(param_3)s, %(param_4)s, %(param_5)s]) AND pg_catalog.pg_table_is_visible(pg_catalog.pg_class.oid) AND pg_catalog.pg_namespace.nspname != %(nspname_1)s
2026-05-07 09:21:17,177 INFO sqlalchemy.engine.Engine [cached since 0.002891s ago] {'table_name': 'prompt_templates', 'param_1': 'r', 'param_2': 'p', 'param_3': 'f', 'param_4': 'v', 'param_5': 'm', 'nspname_1': 'pg_catalog'}
INFO:sqlalchemy.engine.Engine:[cached since 0.002891s ago] {'table_name': 'prompt_templates', 'param_1': 'r', 'param_2': 'p', 'param_3': 'f', 'param_4': 'v', 'param_5': 'm', 'nspname_1': 'pg_catalog'}
2026-05-07 09:21:17,178 INFO sqlalchemy.engine.Engine SELECT pg_catalog.pg_class.relname 
FROM pg_catalog.pg_class JOIN pg_catalog.pg_namespace ON pg_catalog.pg_namespace.oid = pg_catalog.pg_class.relnamespace 
WHERE pg_catalog.pg_class.relname = %(table_name)s AND pg_catalog.pg_class.relkind = ANY (ARRAY[%(param_1)s, %(param_2)s, %(param_3)s, %(param_4)s, %(param_5)s]) AND pg_catalog.pg_table_is_visible(pg_catalog.pg_class.oid) AND pg_catalog.pg_namespace.nspname != %(nspname_1)s
INFO:sqlalchemy.engine.Engine:SELECT pg_catalog.pg_class.relname 
FROM pg_catalog.pg_class JOIN pg_catalog.pg_namespace ON pg_catalog.pg_namespace.oid = pg_catalog.pg_class.relnamespace 
WHERE pg_catalog.pg_class.relname = %(table_name)s AND pg_catalog.pg_class.relkind = ANY (ARRAY[%(param_1)s, %(param_2)s, %(param_3)s, %(param_4)s, %(param_5)s]) AND pg_catalog.pg_table_is_visible(pg_catalog.pg_class.oid) AND pg_catalog.pg_namespace.nspname != %(nspname_1)s
2026-05-07 09:21:17,178 INFO sqlalchemy.engine.Engine [cached since 0.004108s ago] {'table_name': 'conversations', 'param_1': 'r', 'param_2': 'p', 'param_3': 'f', 'param_4': 'v', 'param_5': 'm', 'nspname_1': 'pg_catalog'}
INFO:sqlalchemy.engine.Engine:[cached since 0.004108s ago] {'table_name': 'conversations', 'param_1': 'r', 'param_2': 'p', 'param_3': 'f', 'param_4': 'v', 'param_5': 'm', 'nspname_1': 'pg_catalog'}
2026-05-07 09:21:17,179 INFO sqlalchemy.engine.Engine SELECT pg_catalog.pg_class.relname 
FROM pg_catalog.pg_class JOIN pg_catalog.pg_namespace ON pg_catalog.pg_namespace.oid = pg_catalog.pg_class.relnamespace 
WHERE pg_catalog.pg_class.relname = %(table_name)s AND pg_catalog.pg_class.relkind = ANY (ARRAY[%(param_1)s, %(param_2)s, %(param_3)s, %(param_4)s, %(param_5)s]) AND pg_catalog.pg_table_is_visible(pg_catalog.pg_class.oid) AND pg_catalog.pg_namespace.nspname != %(nspname_1)s
INFO:sqlalchemy.engine.Engine:SELECT pg_catalog.pg_class.relname 
FROM pg_catalog.pg_class JOIN pg_catalog.pg_namespace ON pg_catalog.pg_namespace.oid = pg_catalog.pg_class.relnamespace 
WHERE pg_catalog.pg_class.relname = %(table_name)s AND pg_catalog.pg_class.relkind = ANY (ARRAY[%(param_1)s, %(param_2)s, %(param_3)s, %(param_4)s, %(param_5)s]) AND pg_catalog.pg_table_is_visible(pg_catalog.pg_class.oid) AND pg_catalog.pg_namespace.nspname != %(nspname_1)s
2026-05-07 09:21:17,179 INFO sqlalchemy.engine.Engine [cached since 0.005142s ago] {'table_name': 'users', 'param_1': 'r', 'param_2': 'p', 'param_3': 'f', 'param_4': 'v', 'param_5': 'm', 'nspname_1': 'pg_catalog'}
INFO:sqlalchemy.engine.Engine:[cached since 0.005142s ago] {'table_name': 'users', 'param_1': 'r', 'param_2': 'p', 'param_3': 'f', 'param_4': 'v', 'param_5': 'm', 'nspname_1': 'pg_catalog'}
2026-05-07 09:21:17,180 INFO sqlalchemy.engine.Engine SELECT pg_catalog.pg_class.relname 
FROM pg_catalog.pg_class JOIN pg_catalog.pg_namespace ON pg_catalog.pg_namespace.oid = pg_catalog.pg_class.relnamespace 
WHERE pg_catalog.pg_class.relname = %(table_name)s AND pg_catalog.pg_class.relkind = ANY (ARRAY[%(param_1)s, %(param_2)s, %(param_3)s, %(param_4)s, %(param_5)s]) AND pg_catalog.pg_table_is_visible(pg_catalog.pg_class.oid) AND pg_catalog.pg_namespace.nspname != %(nspname_1)s
INFO:sqlalchemy.engine.Engine:SELECT pg_catalog.pg_class.relname 
FROM pg_catalog.pg_class JOIN pg_catalog.pg_namespace ON pg_catalog.pg_namespace.oid = pg_catalog.pg_class.relnamespace 
WHERE pg_catalog.pg_class.relname = %(table_name)s AND pg_catalog.pg_class.relkind = ANY (ARRAY[%(param_1)s, %(param_2)s, %(param_3)s, %(param_4)s, %(param_5)s]) AND pg_catalog.pg_table_is_visible(pg_catalog.pg_class.oid) AND pg_catalog.pg_namespace.nspname != %(nspname_1)s
2026-05-07 09:21:17,180 INFO sqlalchemy.engine.Engine [cached since 0.006125s ago] {'table_name': 'llm_usage', 'param_1': 'r', 'param_2': 'p', 'param_3': 'f', 'param_4': 'v', 'param_5': 'm', 'nspname_1': 'pg_catalog'}
INFO:sqlalchemy.engine.Engine:[cached since 0.006125s ago] {'table_name': 'llm_usage', 'param_1': 'r', 'param_2': 'p', 'param_3': 'f', 'param_4': 'v', 'param_5': 'm', 'nspname_1': 'pg_catalog'}
2026-05-07 09:21:17,181 INFO sqlalchemy.engine.Engine SELECT pg_catalog.pg_class.relname 
FROM pg_catalog.pg_class JOIN pg_catalog.pg_namespace ON pg_catalog.pg_namespace.oid = pg_catalog.pg_class.relnamespace 
WHERE pg_catalog.pg_class.relname = %(table_name)s AND pg_catalog.pg_class.relkind = ANY (ARRAY[%(param_1)s, %(param_2)s, %(param_3)s, %(param_4)s, %(param_5)s]) AND pg_catalog.pg_table_is_visible(pg_catalog.pg_class.oid) AND pg_catalog.pg_namespace.nspname != %(nspname_1)s
INFO:sqlalchemy.engine.Engine:SELECT pg_catalog.pg_class.relname 
FROM pg_catalog.pg_class JOIN pg_catalog.pg_namespace ON pg_catalog.pg_namespace.oid = pg_catalog.pg_class.relnamespace 
WHERE pg_catalog.pg_class.relname = %(table_name)s AND pg_catalog.pg_class.relkind = ANY (ARRAY[%(param_1)s, %(param_2)s, %(param_3)s, %(param_4)s, %(param_5)s]) AND pg_catalog.pg_table_is_visible(pg_catalog.pg_class.oid) AND pg_catalog.pg_namespace.nspname != %(nspname_1)s
2026-05-07 09:21:17,181 INFO sqlalchemy.engine.Engine [cached since 0.007071s ago] {'table_name': 'saved_reports', 'param_1': 'r', 'param_2': 'p', 'param_3': 'f', 'param_4': 'v', 'param_5': 'm', 'nspname_1': 'pg_catalog'}
INFO:sqlalchemy.engine.Engine:[cached since 0.007071s ago] {'table_name': 'saved_reports', 'param_1': 'r', 'param_2': 'p', 'param_3': 'f', 'param_4': 'v', 'param_5': 'm', 'nspname_1': 'pg_catalog'}
2026-05-07 09:21:17,182 INFO sqlalchemy.engine.Engine SELECT pg_catalog.pg_class.relname 
FROM pg_catalog.pg_class JOIN pg_catalog.pg_namespace ON pg_catalog.pg_namespace.oid = pg_catalog.pg_class.relnamespace 
WHERE pg_catalog.pg_class.relname = %(table_name)s AND pg_catalog.pg_class.relkind = ANY (ARRAY[%(param_1)s, %(param_2)s, %(param_3)s, %(param_4)s, %(param_5)s]) AND pg_catalog.pg_table_is_visible(pg_catalog.pg_class.oid) AND pg_catalog.pg_namespace.nspname != %(nspname_1)s
INFO:sqlalchemy.engine.Engine:SELECT pg_catalog.pg_class.relname 
FROM pg_catalog.pg_class JOIN pg_catalog.pg_namespace ON pg_catalog.pg_namespace.oid = pg_catalog.pg_class.relnamespace 
WHERE pg_catalog.pg_class.relname = %(table_name)s AND pg_catalog.pg_class.relkind = ANY (ARRAY[%(param_1)s, %(param_2)s, %(param_3)s, %(param_4)s, %(param_5)s]) AND pg_catalog.pg_table_is_visible(pg_catalog.pg_class.oid) AND pg_catalog.pg_namespace.nspname != %(nspname_1)s
2026-05-07 09:21:17,182 INFO sqlalchemy.engine.Engine [cached since 0.008001s ago] {'table_name': 'audit_logs', 'param_1': 'r', 'param_2': 'p', 'param_3': 'f', 'param_4': 'v', 'param_5': 'm', 'nspname_1': 'pg_catalog'}
INFO:sqlalchemy.engine.Engine:[cached since 0.008001s ago] {'table_name': 'audit_logs', 'param_1': 'r', 'param_2': 'p', 'param_3': 'f', 'param_4': 'v', 'param_5': 'm', 'nspname_1': 'pg_catalog'}
2026-05-07 09:21:17,185 INFO sqlalchemy.engine.Engine SELECT pg_catalog.pg_type.typname 
FROM pg_catalog.pg_type JOIN pg_catalog.pg_namespace ON pg_catalog.pg_namespace.oid = pg_catalog.pg_type.typnamespace 
WHERE pg_catalog.pg_type.typname = %(typname_1)s AND pg_catalog.pg_type_is_visible(pg_catalog.pg_type.oid) AND pg_catalog.pg_namespace.nspname != %(nspname_1)s
INFO:sqlalchemy.engine.Engine:SELECT pg_catalog.pg_type.typname 
FROM pg_catalog.pg_type JOIN pg_catalog.pg_namespace ON pg_catalog.pg_namespace.oid = pg_catalog.pg_type.typnamespace 
WHERE pg_catalog.pg_type.typname = %(typname_1)s AND pg_catalog.pg_type_is_visible(pg_catalog.pg_type.oid) AND pg_catalog.pg_namespace.nspname != %(nspname_1)s
2026-05-07 09:21:17,185 INFO sqlalchemy.engine.Engine [generated in 0.00029s] {'typname_1': 'doc_status', 'nspname_1': 'pg_catalog'}
INFO:sqlalchemy.engine.Engine:[generated in 0.00029s] {'typname_1': 'doc_status', 'nspname_1': 'pg_catalog'}
2026-05-07 09:21:17,186 INFO sqlalchemy.engine.Engine COMMIT
INFO:sqlalchemy.engine.Engine:COMMIT
INFO:backend.main:Database tables ensured.
2026-05-07 09:21:17,194 INFO sqlalchemy.engine.Engine BEGIN (implicit)
INFO:sqlalchemy.engine.Engine:BEGIN (implicit)
2026-05-07 09:21:17,197 INFO sqlalchemy.engine.Engine SELECT prompt_templates.id AS prompt_templates_id, prompt_templates.name AS prompt_templates_name, prompt_templates.category AS prompt_templates_category, prompt_templates.template AS prompt_templates_template, prompt_templates.description AS prompt_templates_description, prompt_templates.created_at AS prompt_templates_created_at 
FROM prompt_templates 
WHERE prompt_templates.name = %(name_1)s 
 LIMIT %(param_1)s
INFO:sqlalchemy.engine.Engine:SELECT prompt_templates.id AS prompt_templates_id, prompt_templates.name AS prompt_templates_name, prompt_templates.category AS prompt_templates_category, prompt_templates.template AS prompt_templates_template, prompt_templates.description AS prompt_templates_description, prompt_templates.created_at AS prompt_templates_created_at 
FROM prompt_templates 
WHERE prompt_templates.name = %(name_1)s 
 LIMIT %(param_1)s
2026-05-07 09:21:17,197 INFO sqlalchemy.engine.Engine [generated in 0.00032s] {'name_1': 'Default RAG', 'param_1': 1}
INFO:sqlalchemy.engine.Engine:[generated in 0.00032s] {'name_1': 'Default RAG', 'param_1': 1}
2026-05-07 09:21:17,199 INFO sqlalchemy.engine.Engine SELECT prompt_templates.id AS prompt_templates_id, prompt_templates.name AS prompt_templates_name, prompt_templates.category AS prompt_templates_category, prompt_templates.template AS prompt_templates_template, prompt_templates.description AS prompt_templates_description, prompt_templates.created_at AS prompt_templates_created_at 
FROM prompt_templates 
WHERE prompt_templates.name = %(name_1)s 
 LIMIT %(param_1)s
INFO:sqlalchemy.engine.Engine:SELECT prompt_templates.id AS prompt_templates_id, prompt_templates.name AS prompt_templates_name, prompt_templates.category AS prompt_templates_category, prompt_templates.template AS prompt_templates_template, prompt_templates.description AS prompt_templates_description, prompt_templates.created_at AS prompt_templates_created_at 
FROM prompt_templates 
WHERE prompt_templates.name = %(name_1)s 
 LIMIT %(param_1)s
2026-05-07 09:21:17,200 INFO sqlalchemy.engine.Engine [cached since 0.002854s ago] {'name_1': 'Executive Summary', 'param_1': 1}
INFO:sqlalchemy.engine.Engine:[cached since 0.002854s ago] {'name_1': 'Executive Summary', 'param_1': 1}
2026-05-07 09:21:17,201 INFO sqlalchemy.engine.Engine SELECT prompt_templates.id AS prompt_templates_id, prompt_templates.name AS prompt_templates_name, prompt_templates.category AS prompt_templates_category, prompt_templates.template AS prompt_templates_template, prompt_templates.description AS prompt_templates_description, prompt_templates.created_at AS prompt_templates_created_at 
FROM prompt_templates 
WHERE prompt_templates.name = %(name_1)s 
 LIMIT %(param_1)s
INFO:sqlalchemy.engine.Engine:SELECT prompt_templates.id AS prompt_templates_id, prompt_templates.name AS prompt_templates_name, prompt_templates.category AS prompt_templates_category, prompt_templates.template AS prompt_templates_template, prompt_templates.description AS prompt_templates_description, prompt_templates.created_at AS prompt_templates_created_at 
FROM prompt_templates 
WHERE prompt_templates.name = %(name_1)s 
 LIMIT %(param_1)s
2026-05-07 09:21:17,201 INFO sqlalchemy.engine.Engine [cached since 0.004309s ago] {'name_1': 'Comparative Analysis', 'param_1': 1}
INFO:sqlalchemy.engine.Engine:[cached since 0.004309s ago] {'name_1': 'Comparative Analysis', 'param_1': 1}
2026-05-07 09:21:17,202 INFO sqlalchemy.engine.Engine SELECT prompt_templates.id AS prompt_templates_id, prompt_templates.name AS prompt_templates_name, prompt_templates.category AS prompt_templates_category, prompt_templates.template AS prompt_templates_template, prompt_templates.description AS prompt_templates_description, prompt_templates.created_at AS prompt_templates_created_at 
FROM prompt_templates 
WHERE prompt_templates.name = %(name_1)s 
 LIMIT %(param_1)s
INFO:sqlalchemy.engine.Engine:SELECT prompt_templates.id AS prompt_templates_id, prompt_templates.name AS prompt_templates_name, prompt_templates.category AS prompt_templates_category, prompt_templates.template AS prompt_templates_template, prompt_templates.description AS prompt_templates_description, prompt_templates.created_at AS prompt_templates_created_at 
FROM prompt_templates 
WHERE prompt_templates.name = %(name_1)s 
 LIMIT %(param_1)s
2026-05-07 09:21:17,202 INFO sqlalchemy.engine.Engine [cached since 0.00555s ago] {'name_1': 'Data Extraction', 'param_1': 1}
INFO:sqlalchemy.engine.Engine:[cached since 0.00555s ago] {'name_1': 'Data Extraction', 'param_1': 1}
2026-05-07 09:21:17,203 INFO sqlalchemy.engine.Engine COMMIT
INFO:sqlalchemy.engine.Engine:COMMIT
INFO:backend.prompt_manager:Default prompt templates seeded.
INFO:backend.embeddings:Loading embedding model: BAAI/bge-base-en-v1.5
INFO:sentence_transformers.SentenceTransformer:Use pytorch device_name: cpu
INFO:sentence_transformers.SentenceTransformer:Load pretrained SentenceTransformer: BAAI/bge-base-en-v1.5
INFO:backend.embeddings:Embedding dimension: 768
[0;93m2026-05-07 09:21:18.636340881 [W:onnxruntime:Default, device_discovery.cc:211 DiscoverDevicesForPlatform] GPU device discovery failed: device_discovery.cc:91 ReadFileContents Failed to open file: "/sys/class/drm/card0/device/vendor"[m
ERROR:chromadb.telemetry.product.posthog:Failed to send telemetry event ClientStartEvent: capture() takes 1 positional argument but 3 were given
ERROR:chromadb.telemetry.product.posthog:Failed to send telemetry event ClientCreateCollectionEvent: capture() takes 1 positional argument but 3 were given
INFO:backend.vector_store:ChromaDB collection 'documents' ready (898 items)
INFO:backend.main:Services pre-warmed: embedding model loaded and ready.
INFO:     Application startup complete.
ERROR:    [Errno 98] error while attempting to bind on address ('0.0.0.0', 8000): address already in use
INFO:     Waiting for application shutdown.
INFO:backend.main:Shutdown complete.
INFO:     Application shutdown complete.
INFO:     Started server process [1171987]
INFO:     Waiting for application startup.
INFO:backend.main:Starting AI Knowledge Platform …
2026-05-07 09:21:42,856 INFO sqlalchemy.engine.Engine select pg_catalog.version()
INFO:sqlalchemy.engine.Engine:select pg_catalog.version()
2026-05-07 09:21:42,856 INFO sqlalchemy.engine.Engine [raw sql] {}
INFO:sqlalchemy.engine.Engine:[raw sql] {}
2026-05-07 09:21:42,860 INFO sqlalchemy.engine.Engine select current_schema()
INFO:sqlalchemy.engine.Engine:select current_schema()
2026-05-07 09:21:42,860 INFO sqlalchemy.engine.Engine [raw sql] {}
INFO:sqlalchemy.engine.Engine:[raw sql] {}
2026-05-07 09:21:42,861 INFO sqlalchemy.engine.Engine show standard_conforming_strings
INFO:sqlalchemy.engine.Engine:show standard_conforming_strings
2026-05-07 09:21:42,861 INFO sqlalchemy.engine.Engine [raw sql] {}
INFO:sqlalchemy.engine.Engine:[raw sql] {}
2026-05-07 09:21:42,862 INFO sqlalchemy.engine.Engine BEGIN (implicit)
INFO:sqlalchemy.engine.Engine:BEGIN (implicit)
2026-05-07 09:21:43,228 INFO sqlalchemy.engine.Engine SELECT pg_catalog.pg_class.relname 
FROM pg_catalog.pg_class JOIN pg_catalog.pg_namespace ON pg_catalog.pg_namespace.oid = pg_catalog.pg_class.relnamespace 
WHERE pg_catalog.pg_class.relname = %(table_name)s AND pg_catalog.pg_class.relkind = ANY (ARRAY[%(param_1)s, %(param_2)s, %(param_3)s, %(param_4)s, %(param_5)s]) AND pg_catalog.pg_table_is_visible(pg_catalog.pg_class.oid) AND pg_catalog.pg_namespace.nspname != %(nspname_1)s
INFO:sqlalchemy.engine.Engine:SELECT pg_catalog.pg_class.relname 
FROM pg_catalog.pg_class JOIN pg_catalog.pg_namespace ON pg_catalog.pg_namespace.oid = pg_catalog.pg_class.relnamespace 
WHERE pg_catalog.pg_class.relname = %(table_name)s AND pg_catalog.pg_class.relkind = ANY (ARRAY[%(param_1)s, %(param_2)s, %(param_3)s, %(param_4)s, %(param_5)s]) AND pg_catalog.pg_table_is_visible(pg_catalog.pg_class.oid) AND pg_catalog.pg_namespace.nspname != %(nspname_1)s
2026-05-07 09:21:43,228 INFO sqlalchemy.engine.Engine [generated in 0.00044s] {'table_name': 'documents', 'param_1': 'r', 'param_2': 'p', 'param_3': 'f', 'param_4': 'v', 'param_5': 'm', 'nspname_1': 'pg_catalog'}
INFO:sqlalchemy.engine.Engine:[generated in 0.00044s] {'table_name': 'documents', 'param_1': 'r', 'param_2': 'p', 'param_3': 'f', 'param_4': 'v', 'param_5': 'm', 'nspname_1': 'pg_catalog'}
2026-05-07 09:21:43,231 INFO sqlalchemy.engine.Engine SELECT pg_catalog.pg_class.relname 
FROM pg_catalog.pg_class JOIN pg_catalog.pg_namespace ON pg_catalog.pg_namespace.oid = pg_catalog.pg_class.relnamespace 
WHERE pg_catalog.pg_class.relname = %(table_name)s AND pg_catalog.pg_class.relkind = ANY (ARRAY[%(param_1)s, %(param_2)s, %(param_3)s, %(param_4)s, %(param_5)s]) AND pg_catalog.pg_table_is_visible(pg_catalog.pg_class.oid) AND pg_catalog.pg_namespace.nspname != %(nspname_1)s
INFO:sqlalchemy.engine.Engine:SELECT pg_catalog.pg_class.relname 
FROM pg_catalog.pg_class JOIN pg_catalog.pg_namespace ON pg_catalog.pg_namespace.oid = pg_catalog.pg_class.relnamespace 
WHERE pg_catalog.pg_class.relname = %(table_name)s AND pg_catalog.pg_class.relkind = ANY (ARRAY[%(param_1)s, %(param_2)s, %(param_3)s, %(param_4)s, %(param_5)s]) AND pg_catalog.pg_table_is_visible(pg_catalog.pg_class.oid) AND pg_catalog.pg_namespace.nspname != %(nspname_1)s
2026-05-07 09:21:43,231 INFO sqlalchemy.engine.Engine [cached since 0.003207s ago] {'table_name': 'prompt_templates', 'param_1': 'r', 'param_2': 'p', 'param_3': 'f', 'param_4': 'v', 'param_5': 'm', 'nspname_1': 'pg_catalog'}
INFO:sqlalchemy.engine.Engine:[cached since 0.003207s ago] {'table_name': 'prompt_templates', 'param_1': 'r', 'param_2': 'p', 'param_3': 'f', 'param_4': 'v', 'param_5': 'm', 'nspname_1': 'pg_catalog'}
2026-05-07 09:21:43,232 INFO sqlalchemy.engine.Engine SELECT pg_catalog.pg_class.relname 
FROM pg_catalog.pg_class JOIN pg_catalog.pg_namespace ON pg_catalog.pg_namespace.oid = pg_catalog.pg_class.relnamespace 
WHERE pg_catalog.pg_class.relname = %(table_name)s AND pg_catalog.pg_class.relkind = ANY (ARRAY[%(param_1)s, %(param_2)s, %(param_3)s, %(param_4)s, %(param_5)s]) AND pg_catalog.pg_table_is_visible(pg_catalog.pg_class.oid) AND pg_catalog.pg_namespace.nspname != %(nspname_1)s
INFO:sqlalchemy.engine.Engine:SELECT pg_catalog.pg_class.relname 
FROM pg_catalog.pg_class JOIN pg_catalog.pg_namespace ON pg_catalog.pg_namespace.oid = pg_catalog.pg_class.relnamespace 
WHERE pg_catalog.pg_class.relname = %(table_name)s AND pg_catalog.pg_class.relkind = ANY (ARRAY[%(param_1)s, %(param_2)s, %(param_3)s, %(param_4)s, %(param_5)s]) AND pg_catalog.pg_table_is_visible(pg_catalog.pg_class.oid) AND pg_catalog.pg_namespace.nspname != %(nspname_1)s
2026-05-07 09:21:43,232 INFO sqlalchemy.engine.Engine [cached since 0.004443s ago] {'table_name': 'conversations', 'param_1': 'r', 'param_2': 'p', 'param_3': 'f', 'param_4': 'v', 'param_5': 'm', 'nspname_1': 'pg_catalog'}
INFO:sqlalchemy.engine.Engine:[cached since 0.004443s ago] {'table_name': 'conversations', 'param_1': 'r', 'param_2': 'p', 'param_3': 'f', 'param_4': 'v', 'param_5': 'm', 'nspname_1': 'pg_catalog'}
2026-05-07 09:21:43,233 INFO sqlalchemy.engine.Engine SELECT pg_catalog.pg_class.relname 
FROM pg_catalog.pg_class JOIN pg_catalog.pg_namespace ON pg_catalog.pg_namespace.oid = pg_catalog.pg_class.relnamespace 
WHERE pg_catalog.pg_class.relname = %(table_name)s AND pg_catalog.pg_class.relkind = ANY (ARRAY[%(param_1)s, %(param_2)s, %(param_3)s, %(param_4)s, %(param_5)s]) AND pg_catalog.pg_table_is_visible(pg_catalog.pg_class.oid) AND pg_catalog.pg_namespace.nspname != %(nspname_1)s
INFO:sqlalchemy.engine.Engine:SELECT pg_catalog.pg_class.relname 
FROM pg_catalog.pg_class JOIN pg_catalog.pg_namespace ON pg_catalog.pg_namespace.oid = pg_catalog.pg_class.relnamespace 
WHERE pg_catalog.pg_class.relname = %(table_name)s AND pg_catalog.pg_class.relkind = ANY (ARRAY[%(param_1)s, %(param_2)s, %(param_3)s, %(param_4)s, %(param_5)s]) AND pg_catalog.pg_table_is_visible(pg_catalog.pg_class.oid) AND pg_catalog.pg_namespace.nspname != %(nspname_1)s
2026-05-07 09:21:43,233 INFO sqlalchemy.engine.Engine [cached since 0.005529s ago] {'table_name': 'users', 'param_1': 'r', 'param_2': 'p', 'param_3': 'f', 'param_4': 'v', 'param_5': 'm', 'nspname_1': 'pg_catalog'}
INFO:sqlalchemy.engine.Engine:[cached since 0.005529s ago] {'table_name': 'users', 'param_1': 'r', 'param_2': 'p', 'param_3': 'f', 'param_4': 'v', 'param_5': 'm', 'nspname_1': 'pg_catalog'}
2026-05-07 09:21:43,236 INFO sqlalchemy.engine.Engine SELECT pg_catalog.pg_class.relname 
FROM pg_catalog.pg_class JOIN pg_catalog.pg_namespace ON pg_catalog.pg_namespace.oid = pg_catalog.pg_class.relnamespace 
WHERE pg_catalog.pg_class.relname = %(table_name)s AND pg_catalog.pg_class.relkind = ANY (ARRAY[%(param_1)s, %(param_2)s, %(param_3)s, %(param_4)s, %(param_5)s]) AND pg_catalog.pg_table_is_visible(pg_catalog.pg_class.oid) AND pg_catalog.pg_namespace.nspname != %(nspname_1)s
INFO:sqlalchemy.engine.Engine:SELECT pg_catalog.pg_class.relname 
FROM pg_catalog.pg_class JOIN pg_catalog.pg_namespace ON pg_catalog.pg_namespace.oid = pg_catalog.pg_class.relnamespace 
WHERE pg_catalog.pg_class.relname = %(table_name)s AND pg_catalog.pg_class.relkind = ANY (ARRAY[%(param_1)s, %(param_2)s, %(param_3)s, %(param_4)s, %(param_5)s]) AND pg_catalog.pg_table_is_visible(pg_catalog.pg_class.oid) AND pg_catalog.pg_namespace.nspname != %(nspname_1)s
2026-05-07 09:21:43,236 INFO sqlalchemy.engine.Engine [cached since 0.008349s ago] {'table_name': 'llm_usage', 'param_1': 'r', 'param_2': 'p', 'param_3': 'f', 'param_4': 'v', 'param_5': 'm', 'nspname_1': 'pg_catalog'}
INFO:sqlalchemy.engine.Engine:[cached since 0.008349s ago] {'table_name': 'llm_usage', 'param_1': 'r', 'param_2': 'p', 'param_3': 'f', 'param_4': 'v', 'param_5': 'm', 'nspname_1': 'pg_catalog'}
2026-05-07 09:21:43,237 INFO sqlalchemy.engine.Engine SELECT pg_catalog.pg_class.relname 
FROM pg_catalog.pg_class JOIN pg_catalog.pg_namespace ON pg_catalog.pg_namespace.oid = pg_catalog.pg_class.relnamespace 
WHERE pg_catalog.pg_class.relname = %(table_name)s AND pg_catalog.pg_class.relkind = ANY (ARRAY[%(param_1)s, %(param_2)s, %(param_3)s, %(param_4)s, %(param_5)s]) AND pg_catalog.pg_table_is_visible(pg_catalog.pg_class.oid) AND pg_catalog.pg_namespace.nspname != %(nspname_1)s
INFO:sqlalchemy.engine.Engine:SELECT pg_catalog.pg_class.relname 
FROM pg_catalog.pg_class JOIN pg_catalog.pg_namespace ON pg_catalog.pg_namespace.oid = pg_catalog.pg_class.relnamespace 
WHERE pg_catalog.pg_class.relname = %(table_name)s AND pg_catalog.pg_class.relkind = ANY (ARRAY[%(param_1)s, %(param_2)s, %(param_3)s, %(param_4)s, %(param_5)s]) AND pg_catalog.pg_table_is_visible(pg_catalog.pg_class.oid) AND pg_catalog.pg_namespace.nspname != %(nspname_1)s
2026-05-07 09:21:43,237 INFO sqlalchemy.engine.Engine [cached since 0.009519s ago] {'table_name': 'saved_reports', 'param_1': 'r', 'param_2': 'p', 'param_3': 'f', 'param_4': 'v', 'param_5': 'm', 'nspname_1': 'pg_catalog'}
INFO:sqlalchemy.engine.Engine:[cached since 0.009519s ago] {'table_name': 'saved_reports', 'param_1': 'r', 'param_2': 'p', 'param_3': 'f', 'param_4': 'v', 'param_5': 'm', 'nspname_1': 'pg_catalog'}
2026-05-07 09:21:43,238 INFO sqlalchemy.engine.Engine SELECT pg_catalog.pg_class.relname 
FROM pg_catalog.pg_class JOIN pg_catalog.pg_namespace ON pg_catalog.pg_namespace.oid = pg_catalog.pg_class.relnamespace 
WHERE pg_catalog.pg_class.relname = %(table_name)s AND pg_catalog.pg_class.relkind = ANY (ARRAY[%(param_1)s, %(param_2)s, %(param_3)s, %(param_4)s, %(param_5)s]) AND pg_catalog.pg_table_is_visible(pg_catalog.pg_class.oid) AND pg_catalog.pg_namespace.nspname != %(nspname_1)s
INFO:sqlalchemy.engine.Engine:SELECT pg_catalog.pg_class.relname 
FROM pg_catalog.pg_class JOIN pg_catalog.pg_namespace ON pg_catalog.pg_namespace.oid = pg_catalog.pg_class.relnamespace 
WHERE pg_catalog.pg_class.relname = %(table_name)s AND pg_catalog.pg_class.relkind = ANY (ARRAY[%(param_1)s, %(param_2)s, %(param_3)s, %(param_4)s, %(param_5)s]) AND pg_catalog.pg_table_is_visible(pg_catalog.pg_class.oid) AND pg_catalog.pg_namespace.nspname != %(nspname_1)s
2026-05-07 09:21:43,238 INFO sqlalchemy.engine.Engine [cached since 0.01051s ago] {'table_name': 'audit_logs', 'param_1': 'r', 'param_2': 'p', 'param_3': 'f', 'param_4': 'v', 'param_5': 'm', 'nspname_1': 'pg_catalog'}
INFO:sqlalchemy.engine.Engine:[cached since 0.01051s ago] {'table_name': 'audit_logs', 'param_1': 'r', 'param_2': 'p', 'param_3': 'f', 'param_4': 'v', 'param_5': 'm', 'nspname_1': 'pg_catalog'}
2026-05-07 09:21:43,241 INFO sqlalchemy.engine.Engine SELECT pg_catalog.pg_type.typname 
FROM pg_catalog.pg_type JOIN pg_catalog.pg_namespace ON pg_catalog.pg_namespace.oid = pg_catalog.pg_type.typnamespace 
WHERE pg_catalog.pg_type.typname = %(typname_1)s AND pg_catalog.pg_type_is_visible(pg_catalog.pg_type.oid) AND pg_catalog.pg_namespace.nspname != %(nspname_1)s
INFO:sqlalchemy.engine.Engine:SELECT pg_catalog.pg_type.typname 
FROM pg_catalog.pg_type JOIN pg_catalog.pg_namespace ON pg_catalog.pg_namespace.oid = pg_catalog.pg_type.typnamespace 
WHERE pg_catalog.pg_type.typname = %(typname_1)s AND pg_catalog.pg_type_is_visible(pg_catalog.pg_type.oid) AND pg_catalog.pg_namespace.nspname != %(nspname_1)s
2026-05-07 09:21:43,241 INFO sqlalchemy.engine.Engine [generated in 0.00029s] {'typname_1': 'doc_status', 'nspname_1': 'pg_catalog'}
INFO:sqlalchemy.engine.Engine:[generated in 0.00029s] {'typname_1': 'doc_status', 'nspname_1': 'pg_catalog'}
2026-05-07 09:21:43,242 INFO sqlalchemy.engine.Engine COMMIT
INFO:sqlalchemy.engine.Engine:COMMIT
INFO:backend.main:Database tables ensured.
2026-05-07 09:21:43,253 INFO sqlalchemy.engine.Engine BEGIN (implicit)
INFO:sqlalchemy.engine.Engine:BEGIN (implicit)
2026-05-07 09:21:43,256 INFO sqlalchemy.engine.Engine SELECT prompt_templates.id AS prompt_templates_id, prompt_templates.name AS prompt_templates_name, prompt_templates.category AS prompt_templates_category, prompt_templates.template AS prompt_templates_template, prompt_templates.description AS prompt_templates_description, prompt_templates.created_at AS prompt_templates_created_at 
FROM prompt_templates 
WHERE prompt_templates.name = %(name_1)s 
 LIMIT %(param_1)s
INFO:sqlalchemy.engine.Engine:SELECT prompt_templates.id AS prompt_templates_id, prompt_templates.name AS prompt_templates_name, prompt_templates.category AS prompt_templates_category, prompt_templates.template AS prompt_templates_template, prompt_templates.description AS prompt_templates_description, prompt_templates.created_at AS prompt_templates_created_at 
FROM prompt_templates 
WHERE prompt_templates.name = %(name_1)s 
 LIMIT %(param_1)s
2026-05-07 09:21:43,256 INFO sqlalchemy.engine.Engine [generated in 0.00033s] {'name_1': 'Default RAG', 'param_1': 1}
INFO:sqlalchemy.engine.Engine:[generated in 0.00033s] {'name_1': 'Default RAG', 'param_1': 1}
2026-05-07 09:21:43,260 INFO sqlalchemy.engine.Engine SELECT prompt_templates.id AS prompt_templates_id, prompt_templates.name AS prompt_templates_name, prompt_templates.category AS prompt_templates_category, prompt_templates.template AS prompt_templates_template, prompt_templates.description AS prompt_templates_description, prompt_templates.created_at AS prompt_templates_created_at 
FROM prompt_templates 
WHERE prompt_templates.name = %(name_1)s 
 LIMIT %(param_1)s
INFO:sqlalchemy.engine.Engine:SELECT prompt_templates.id AS prompt_templates_id, prompt_templates.name AS prompt_templates_name, prompt_templates.category AS prompt_templates_category, prompt_templates.template AS prompt_templates_template, prompt_templates.description AS prompt_templates_description, prompt_templates.created_at AS prompt_templates_created_at 
FROM prompt_templates 
WHERE prompt_templates.name = %(name_1)s 
 LIMIT %(param_1)s
2026-05-07 09:21:43,260 INFO sqlalchemy.engine.Engine [cached since 0.004176s ago] {'name_1': 'Executive Summary', 'param_1': 1}
INFO:sqlalchemy.engine.Engine:[cached since 0.004176s ago] {'name_1': 'Executive Summary', 'param_1': 1}
2026-05-07 09:21:43,262 INFO sqlalchemy.engine.Engine SELECT prompt_templates.id AS prompt_templates_id, prompt_templates.name AS prompt_templates_name, prompt_templates.category AS prompt_templates_category, prompt_templates.template AS prompt_templates_template, prompt_templates.description AS prompt_templates_description, prompt_templates.created_at AS prompt_templates_created_at 
FROM prompt_templates 
WHERE prompt_templates.name = %(name_1)s 
 LIMIT %(param_1)s
INFO:sqlalchemy.engine.Engine:SELECT prompt_templates.id AS prompt_templates_id, prompt_templates.name AS prompt_templates_name, prompt_templates.category AS prompt_templates_category, prompt_templates.template AS prompt_templates_template, prompt_templates.description AS prompt_templates_description, prompt_templates.created_at AS prompt_templates_created_at 
FROM prompt_templates 
WHERE prompt_templates.name = %(name_1)s 
 LIMIT %(param_1)s
2026-05-07 09:21:43,262 INFO sqlalchemy.engine.Engine [cached since 0.006146s ago] {'name_1': 'Comparative Analysis', 'param_1': 1}
INFO:sqlalchemy.engine.Engine:[cached since 0.006146s ago] {'name_1': 'Comparative Analysis', 'param_1': 1}
2026-05-07 09:21:43,265 INFO sqlalchemy.engine.Engine SELECT prompt_templates.id AS prompt_templates_id, prompt_templates.name AS prompt_templates_name, prompt_templates.category AS prompt_templates_category, prompt_templates.template AS prompt_templates_template, prompt_templates.description AS prompt_templates_description, prompt_templates.created_at AS prompt_templates_created_at 
FROM prompt_templates 
WHERE prompt_templates.name = %(name_1)s 
 LIMIT %(param_1)s
INFO:sqlalchemy.engine.Engine:SELECT prompt_templates.id AS prompt_templates_id, prompt_templates.name AS prompt_templates_name, prompt_templates.category AS prompt_templates_category, prompt_templates.template AS prompt_templates_template, prompt_templates.description AS prompt_templates_description, prompt_templates.created_at AS prompt_templates_created_at 
FROM prompt_templates 
WHERE prompt_templates.name = %(name_1)s 
 LIMIT %(param_1)s
2026-05-07 09:21:43,265 INFO sqlalchemy.engine.Engine [cached since 0.009034s ago] {'name_1': 'Data Extraction', 'param_1': 1}
INFO:sqlalchemy.engine.Engine:[cached since 0.009034s ago] {'name_1': 'Data Extraction', 'param_1': 1}
2026-05-07 09:21:43,266 INFO sqlalchemy.engine.Engine COMMIT
INFO:sqlalchemy.engine.Engine:COMMIT
INFO:backend.prompt_manager:Default prompt templates seeded.
INFO:backend.embeddings:Loading embedding model: BAAI/bge-base-en-v1.5
INFO:sentence_transformers.SentenceTransformer:Use pytorch device_name: cpu
INFO:sentence_transformers.SentenceTransformer:Load pretrained SentenceTransformer: BAAI/bge-base-en-v1.5
INFO:backend.embeddings:Embedding dimension: 768
[0;93m2026-05-07 09:21:44.455896134 [W:onnxruntime:Default, device_discovery.cc:211 DiscoverDevicesForPlatform] GPU device discovery failed: device_discovery.cc:91 ReadFileContents Failed to open file: "/sys/class/drm/card0/device/vendor"[m
ERROR:chromadb.telemetry.product.posthog:Failed to send telemetry event ClientStartEvent: capture() takes 1 positional argument but 3 were given
ERROR:chromadb.telemetry.product.posthog:Failed to send telemetry event ClientCreateCollectionEvent: capture() takes 1 positional argument but 3 were given
INFO:backend.vector_store:ChromaDB collection 'documents' ready (898 items)
INFO:backend.main:Services pre-warmed: embedding model loaded and ready.
INFO:     Application startup complete.
ERROR:    [Errno 98] error while attempting to bind on address ('0.0.0.0', 8000): address already in use
INFO:     Waiting for application shutdown.
INFO:backend.main:Shutdown complete.
INFO:     Application shutdown complete.
INFO:     Started server process [1172248]
INFO:     Waiting for application startup.
INFO:backend.main:Starting AI Knowledge Platform …
2026-05-07 09:22:06,808 INFO sqlalchemy.engine.Engine select pg_catalog.version()
INFO:sqlalchemy.engine.Engine:select pg_catalog.version()
2026-05-07 09:22:06,808 INFO sqlalchemy.engine.Engine [raw sql] {}
INFO:sqlalchemy.engine.Engine:[raw sql] {}
2026-05-07 09:22:06,810 INFO sqlalchemy.engine.Engine select current_schema()
INFO:sqlalchemy.engine.Engine:select current_schema()
2026-05-07 09:22:06,810 INFO sqlalchemy.engine.Engine [raw sql] {}
INFO:sqlalchemy.engine.Engine:[raw sql] {}
2026-05-07 09:22:06,810 INFO sqlalchemy.engine.Engine show standard_conforming_strings
INFO:sqlalchemy.engine.Engine:show standard_conforming_strings
2026-05-07 09:22:06,810 INFO sqlalchemy.engine.Engine [raw sql] {}
INFO:sqlalchemy.engine.Engine:[raw sql] {}
2026-05-07 09:22:06,811 INFO sqlalchemy.engine.Engine BEGIN (implicit)
INFO:sqlalchemy.engine.Engine:BEGIN (implicit)
2026-05-07 09:22:07,068 INFO sqlalchemy.engine.Engine SELECT pg_catalog.pg_class.relname 
FROM pg_catalog.pg_class JOIN pg_catalog.pg_namespace ON pg_catalog.pg_namespace.oid = pg_catalog.pg_class.relnamespace 
WHERE pg_catalog.pg_class.relname = %(table_name)s AND pg_catalog.pg_class.relkind = ANY (ARRAY[%(param_1)s, %(param_2)s, %(param_3)s, %(param_4)s, %(param_5)s]) AND pg_catalog.pg_table_is_visible(pg_catalog.pg_class.oid) AND pg_catalog.pg_namespace.nspname != %(nspname_1)s
INFO:sqlalchemy.engine.Engine:SELECT pg_catalog.pg_class.relname 
FROM pg_catalog.pg_class JOIN pg_catalog.pg_namespace ON pg_catalog.pg_namespace.oid = pg_catalog.pg_class.relnamespace 
WHERE pg_catalog.pg_class.relname = %(table_name)s AND pg_catalog.pg_class.relkind = ANY (ARRAY[%(param_1)s, %(param_2)s, %(param_3)s, %(param_4)s, %(param_5)s]) AND pg_catalog.pg_table_is_visible(pg_catalog.pg_class.oid) AND pg_catalog.pg_namespace.nspname != %(nspname_1)s
2026-05-07 09:22:07,068 INFO sqlalchemy.engine.Engine [generated in 0.00038s] {'table_name': 'documents', 'param_1': 'r', 'param_2': 'p', 'param_3': 'f', 'param_4': 'v', 'param_5': 'm', 'nspname_1': 'pg_catalog'}
INFO:sqlalchemy.engine.Engine:[generated in 0.00038s] {'table_name': 'documents', 'param_1': 'r', 'param_2': 'p', 'param_3': 'f', 'param_4': 'v', 'param_5': 'm', 'nspname_1': 'pg_catalog'}
2026-05-07 09:22:07,070 INFO sqlalchemy.engine.Engine SELECT pg_catalog.pg_class.relname 
FROM pg_catalog.pg_class JOIN pg_catalog.pg_namespace ON pg_catalog.pg_namespace.oid = pg_catalog.pg_class.relnamespace 
WHERE pg_catalog.pg_class.relname = %(table_name)s AND pg_catalog.pg_class.relkind = ANY (ARRAY[%(param_1)s, %(param_2)s, %(param_3)s, %(param_4)s, %(param_5)s]) AND pg_catalog.pg_table_is_visible(pg_catalog.pg_class.oid) AND pg_catalog.pg_namespace.nspname != %(nspname_1)s
INFO:sqlalchemy.engine.Engine:SELECT pg_catalog.pg_class.relname 
FROM pg_catalog.pg_class JOIN pg_catalog.pg_namespace ON pg_catalog.pg_namespace.oid = pg_catalog.pg_class.relnamespace 
WHERE pg_catalog.pg_class.relname = %(table_name)s AND pg_catalog.pg_class.relkind = ANY (ARRAY[%(param_1)s, %(param_2)s, %(param_3)s, %(param_4)s, %(param_5)s]) AND pg_catalog.pg_table_is_visible(pg_catalog.pg_class.oid) AND pg_catalog.pg_namespace.nspname != %(nspname_1)s
2026-05-07 09:22:07,070 INFO sqlalchemy.engine.Engine [cached since 0.002744s ago] {'table_name': 'prompt_templates', 'param_1': 'r', 'param_2': 'p', 'param_3': 'f', 'param_4': 'v', 'param_5': 'm', 'nspname_1': 'pg_catalog'}
INFO:sqlalchemy.engine.Engine:[cached since 0.002744s ago] {'table_name': 'prompt_templates', 'param_1': 'r', 'param_2': 'p', 'param_3': 'f', 'param_4': 'v', 'param_5': 'm', 'nspname_1': 'pg_catalog'}
2026-05-07 09:22:07,071 INFO sqlalchemy.engine.Engine SELECT pg_catalog.pg_class.relname 
FROM pg_catalog.pg_class JOIN pg_catalog.pg_namespace ON pg_catalog.pg_namespace.oid = pg_catalog.pg_class.relnamespace 
WHERE pg_catalog.pg_class.relname = %(table_name)s AND pg_catalog.pg_class.relkind = ANY (ARRAY[%(param_1)s, %(param_2)s, %(param_3)s, %(param_4)s, %(param_5)s]) AND pg_catalog.pg_table_is_visible(pg_catalog.pg_class.oid) AND pg_catalog.pg_namespace.nspname != %(nspname_1)s
INFO:sqlalchemy.engine.Engine:SELECT pg_catalog.pg_class.relname 
FROM pg_catalog.pg_class JOIN pg_catalog.pg_namespace ON pg_catalog.pg_namespace.oid = pg_catalog.pg_class.relnamespace 
WHERE pg_catalog.pg_class.relname = %(table_name)s AND pg_catalog.pg_class.relkind = ANY (ARRAY[%(param_1)s, %(param_2)s, %(param_3)s, %(param_4)s, %(param_5)s]) AND pg_catalog.pg_table_is_visible(pg_catalog.pg_class.oid) AND pg_catalog.pg_namespace.nspname != %(nspname_1)s
2026-05-07 09:22:07,072 INFO sqlalchemy.engine.Engine [cached since 0.00389s ago] {'table_name': 'conversations', 'param_1': 'r', 'param_2': 'p', 'param_3': 'f', 'param_4': 'v', 'param_5': 'm', 'nspname_1': 'pg_catalog'}
INFO:sqlalchemy.engine.Engine:[cached since 0.00389s ago] {'table_name': 'conversations', 'param_1': 'r', 'param_2': 'p', 'param_3': 'f', 'param_4': 'v', 'param_5': 'm', 'nspname_1': 'pg_catalog'}
2026-05-07 09:22:07,073 INFO sqlalchemy.engine.Engine SELECT pg_catalog.pg_class.relname 
FROM pg_catalog.pg_class JOIN pg_catalog.pg_namespace ON pg_catalog.pg_namespace.oid = pg_catalog.pg_class.relnamespace 
WHERE pg_catalog.pg_class.relname = %(table_name)s AND pg_catalog.pg_class.relkind = ANY (ARRAY[%(param_1)s, %(param_2)s, %(param_3)s, %(param_4)s, %(param_5)s]) AND pg_catalog.pg_table_is_visible(pg_catalog.pg_class.oid) AND pg_catalog.pg_namespace.nspname != %(nspname_1)s
INFO:sqlalchemy.engine.Engine:SELECT pg_catalog.pg_class.relname 
FROM pg_catalog.pg_class JOIN pg_catalog.pg_namespace ON pg_catalog.pg_namespace.oid = pg_catalog.pg_class.relnamespace 
WHERE pg_catalog.pg_class.relname = %(table_name)s AND pg_catalog.pg_class.relkind = ANY (ARRAY[%(param_1)s, %(param_2)s, %(param_3)s, %(param_4)s, %(param_5)s]) AND pg_catalog.pg_table_is_visible(pg_catalog.pg_class.oid) AND pg_catalog.pg_namespace.nspname != %(nspname_1)s
2026-05-07 09:22:07,073 INFO sqlalchemy.engine.Engine [cached since 0.005001s ago] {'table_name': 'users', 'param_1': 'r', 'param_2': 'p', 'param_3': 'f', 'param_4': 'v', 'param_5': 'm', 'nspname_1': 'pg_catalog'}
INFO:sqlalchemy.engine.Engine:[cached since 0.005001s ago] {'table_name': 'users', 'param_1': 'r', 'param_2': 'p', 'param_3': 'f', 'param_4': 'v', 'param_5': 'm', 'nspname_1': 'pg_catalog'}
2026-05-07 09:22:07,074 INFO sqlalchemy.engine.Engine SELECT pg_catalog.pg_class.relname 
FROM pg_catalog.pg_class JOIN pg_catalog.pg_namespace ON pg_catalog.pg_namespace.oid = pg_catalog.pg_class.relnamespace 
WHERE pg_catalog.pg_class.relname = %(table_name)s AND pg_catalog.pg_class.relkind = ANY (ARRAY[%(param_1)s, %(param_2)s, %(param_3)s, %(param_4)s, %(param_5)s]) AND pg_catalog.pg_table_is_visible(pg_catalog.pg_class.oid) AND pg_catalog.pg_namespace.nspname != %(nspname_1)s
INFO:sqlalchemy.engine.Engine:SELECT pg_catalog.pg_class.relname 
FROM pg_catalog.pg_class JOIN pg_catalog.pg_namespace ON pg_catalog.pg_namespace.oid = pg_catalog.pg_class.relnamespace 
WHERE pg_catalog.pg_class.relname = %(table_name)s AND pg_catalog.pg_class.relkind = ANY (ARRAY[%(param_1)s, %(param_2)s, %(param_3)s, %(param_4)s, %(param_5)s]) AND pg_catalog.pg_table_is_visible(pg_catalog.pg_class.oid) AND pg_catalog.pg_namespace.nspname != %(nspname_1)s
2026-05-07 09:22:07,074 INFO sqlalchemy.engine.Engine [cached since 0.005978s ago] {'table_name': 'llm_usage', 'param_1': 'r', 'param_2': 'p', 'param_3': 'f', 'param_4': 'v', 'param_5': 'm', 'nspname_1': 'pg_catalog'}
INFO:sqlalchemy.engine.Engine:[cached since 0.005978s ago] {'table_name': 'llm_usage', 'param_1': 'r', 'param_2': 'p', 'param_3': 'f', 'param_4': 'v', 'param_5': 'm', 'nspname_1': 'pg_catalog'}
2026-05-07 09:22:07,074 INFO sqlalchemy.engine.Engine SELECT pg_catalog.pg_class.relname 
FROM pg_catalog.pg_class JOIN pg_catalog.pg_namespace ON pg_catalog.pg_namespace.oid = pg_catalog.pg_class.relnamespace 
WHERE pg_catalog.pg_class.relname = %(table_name)s AND pg_catalog.pg_class.relkind = ANY (ARRAY[%(param_1)s, %(param_2)s, %(param_3)s, %(param_4)s, %(param_5)s]) AND pg_catalog.pg_table_is_visible(pg_catalog.pg_class.oid) AND pg_catalog.pg_namespace.nspname != %(nspname_1)s
INFO:sqlalchemy.engine.Engine:SELECT pg_catalog.pg_class.relname 
FROM pg_catalog.pg_class JOIN pg_catalog.pg_namespace ON pg_catalog.pg_namespace.oid = pg_catalog.pg_class.relnamespace 
WHERE pg_catalog.pg_class.relname = %(table_name)s AND pg_catalog.pg_class.relkind = ANY (ARRAY[%(param_1)s, %(param_2)s, %(param_3)s, %(param_4)s, %(param_5)s]) AND pg_catalog.pg_table_is_visible(pg_catalog.pg_class.oid) AND pg_catalog.pg_namespace.nspname != %(nspname_1)s
2026-05-07 09:22:07,075 INFO sqlalchemy.engine.Engine [cached since 0.006879s ago] {'table_name': 'saved_reports', 'param_1': 'r', 'param_2': 'p', 'param_3': 'f', 'param_4': 'v', 'param_5': 'm', 'nspname_1': 'pg_catalog'}
INFO:sqlalchemy.engine.Engine:[cached since 0.006879s ago] {'table_name': 'saved_reports', 'param_1': 'r', 'param_2': 'p', 'param_3': 'f', 'param_4': 'v', 'param_5': 'm', 'nspname_1': 'pg_catalog'}
2026-05-07 09:22:07,075 INFO sqlalchemy.engine.Engine SELECT pg_catalog.pg_class.relname 
FROM pg_catalog.pg_class JOIN pg_catalog.pg_namespace ON pg_catalog.pg_namespace.oid = pg_catalog.pg_class.relnamespace 
WHERE pg_catalog.pg_class.relname = %(table_name)s AND pg_catalog.pg_class.relkind = ANY (ARRAY[%(param_1)s, %(param_2)s, %(param_3)s, %(param_4)s, %(param_5)s]) AND pg_catalog.pg_table_is_visible(pg_catalog.pg_class.oid) AND pg_catalog.pg_namespace.nspname != %(nspname_1)s
INFO:sqlalchemy.engine.Engine:SELECT pg_catalog.pg_class.relname 
FROM pg_catalog.pg_class JOIN pg_catalog.pg_namespace ON pg_catalog.pg_namespace.oid = pg_catalog.pg_class.relnamespace 
WHERE pg_catalog.pg_class.relname = %(table_name)s AND pg_catalog.pg_class.relkind = ANY (ARRAY[%(param_1)s, %(param_2)s, %(param_3)s, %(param_4)s, %(param_5)s]) AND pg_catalog.pg_table_is_visible(pg_catalog.pg_class.oid) AND pg_catalog.pg_namespace.nspname != %(nspname_1)s
2026-05-07 09:22:07,075 INFO sqlalchemy.engine.Engine [cached since 0.00771s ago] {'table_name': 'audit_logs', 'param_1': 'r', 'param_2': 'p', 'param_3': 'f', 'param_4': 'v', 'param_5': 'm', 'nspname_1': 'pg_catalog'}
INFO:sqlalchemy.engine.Engine:[cached since 0.00771s ago] {'table_name': 'audit_logs', 'param_1': 'r', 'param_2': 'p', 'param_3': 'f', 'param_4': 'v', 'param_5': 'm', 'nspname_1': 'pg_catalog'}
2026-05-07 09:22:07,078 INFO sqlalchemy.engine.Engine SELECT pg_catalog.pg_type.typname 
FROM pg_catalog.pg_type JOIN pg_catalog.pg_namespace ON pg_catalog.pg_namespace.oid = pg_catalog.pg_type.typnamespace 
WHERE pg_catalog.pg_type.typname = %(typname_1)s AND pg_catalog.pg_type_is_visible(pg_catalog.pg_type.oid) AND pg_catalog.pg_namespace.nspname != %(nspname_1)s
INFO:sqlalchemy.engine.Engine:SELECT pg_catalog.pg_type.typname 
FROM pg_catalog.pg_type JOIN pg_catalog.pg_namespace ON pg_catalog.pg_namespace.oid = pg_catalog.pg_type.typnamespace 
WHERE pg_catalog.pg_type.typname = %(typname_1)s AND pg_catalog.pg_type_is_visible(pg_catalog.pg_type.oid) AND pg_catalog.pg_namespace.nspname != %(nspname_1)s
2026-05-07 09:22:07,078 INFO sqlalchemy.engine.Engine [generated in 0.00023s] {'typname_1': 'doc_status', 'nspname_1': 'pg_catalog'}
INFO:sqlalchemy.engine.Engine:[generated in 0.00023s] {'typname_1': 'doc_status', 'nspname_1': 'pg_catalog'}
2026-05-07 09:22:07,079 INFO sqlalchemy.engine.Engine COMMIT
INFO:sqlalchemy.engine.Engine:COMMIT
INFO:backend.main:Database tables ensured.
2026-05-07 09:22:07,085 INFO sqlalchemy.engine.Engine BEGIN (implicit)
INFO:sqlalchemy.engine.Engine:BEGIN (implicit)
2026-05-07 09:22:07,087 INFO sqlalchemy.engine.Engine SELECT prompt_templates.id AS prompt_templates_id, prompt_templates.name AS prompt_templates_name, prompt_templates.category AS prompt_templates_category, prompt_templates.template AS prompt_templates_template, prompt_templates.description AS prompt_templates_description, prompt_templates.created_at AS prompt_templates_created_at 
FROM prompt_templates 
WHERE prompt_templates.name = %(name_1)s 
 LIMIT %(param_1)s
INFO:sqlalchemy.engine.Engine:SELECT prompt_templates.id AS prompt_templates_id, prompt_templates.name AS prompt_templates_name, prompt_templates.category AS prompt_templates_category, prompt_templates.template AS prompt_templates_template, prompt_templates.description AS prompt_templates_description, prompt_templates.created_at AS prompt_templates_created_at 
FROM prompt_templates 
WHERE prompt_templates.name = %(name_1)s 
 LIMIT %(param_1)s
2026-05-07 09:22:07,087 INFO sqlalchemy.engine.Engine [generated in 0.00025s] {'name_1': 'Default RAG', 'param_1': 1}
INFO:sqlalchemy.engine.Engine:[generated in 0.00025s] {'name_1': 'Default RAG', 'param_1': 1}
2026-05-07 09:22:07,089 INFO sqlalchemy.engine.Engine SELECT prompt_templates.id AS prompt_templates_id, prompt_templates.name AS prompt_templates_name, prompt_templates.category AS prompt_templates_category, prompt_templates.template AS prompt_templates_template, prompt_templates.description AS prompt_templates_description, prompt_templates.created_at AS prompt_templates_created_at 
FROM prompt_templates 
WHERE prompt_templates.name = %(name_1)s 
 LIMIT %(param_1)s
INFO:sqlalchemy.engine.Engine:SELECT prompt_templates.id AS prompt_templates_id, prompt_templates.name AS prompt_templates_name, prompt_templates.category AS prompt_templates_category, prompt_templates.template AS prompt_templates_template, prompt_templates.description AS prompt_templates_description, prompt_templates.created_at AS prompt_templates_created_at 
FROM prompt_templates 
WHERE prompt_templates.name = %(name_1)s 
 LIMIT %(param_1)s
2026-05-07 09:22:07,089 INFO sqlalchemy.engine.Engine [cached since 0.002474s ago] {'name_1': 'Executive Summary', 'param_1': 1}
INFO:sqlalchemy.engine.Engine:[cached since 0.002474s ago] {'name_1': 'Executive Summary', 'param_1': 1}
2026-05-07 09:22:07,090 INFO sqlalchemy.engine.Engine SELECT prompt_templates.id AS prompt_templates_id, prompt_templates.name AS prompt_templates_name, prompt_templates.category AS prompt_templates_category, prompt_templates.template AS prompt_templates_template, prompt_templates.description AS prompt_templates_description, prompt_templates.created_at AS prompt_templates_created_at 
FROM prompt_templates 
WHERE prompt_templates.name = %(name_1)s 
 LIMIT %(param_1)s
INFO:sqlalchemy.engine.Engine:SELECT prompt_templates.id AS prompt_templates_id, prompt_templates.name AS prompt_templates_name, prompt_templates.category AS prompt_templates_category, prompt_templates.template AS prompt_templates_template, prompt_templates.description AS prompt_templates_description, prompt_templates.created_at AS prompt_templates_created_at 
FROM prompt_templates 
WHERE prompt_templates.name = %(name_1)s 
 LIMIT %(param_1)s
2026-05-07 09:22:07,090 INFO sqlalchemy.engine.Engine [cached since 0.003757s ago] {'name_1': 'Comparative Analysis', 'param_1': 1}
INFO:sqlalchemy.engine.Engine:[cached since 0.003757s ago] {'name_1': 'Comparative Analysis', 'param_1': 1}
2026-05-07 09:22:07,091 INFO sqlalchemy.engine.Engine SELECT prompt_templates.id AS prompt_templates_id, prompt_templates.name AS prompt_templates_name, prompt_templates.category AS prompt_templates_category, prompt_templates.template AS prompt_templates_template, prompt_templates.description AS prompt_templates_description, prompt_templates.created_at AS prompt_templates_created_at 
FROM prompt_templates 
WHERE prompt_templates.name = %(name_1)s 
 LIMIT %(param_1)s
INFO:sqlalchemy.engine.Engine:SELECT prompt_templates.id AS prompt_templates_id, prompt_templates.name AS prompt_templates_name, prompt_templates.category AS prompt_templates_category, prompt_templates.template AS prompt_templates_template, prompt_templates.description AS prompt_templates_description, prompt_templates.created_at AS prompt_templates_created_at 
FROM prompt_templates 
WHERE prompt_templates.name = %(name_1)s 
 LIMIT %(param_1)s
2026-05-07 09:22:07,092 INFO sqlalchemy.engine.Engine [cached since 0.004843s ago] {'name_1': 'Data Extraction', 'param_1': 1}
INFO:sqlalchemy.engine.Engine:[cached since 0.004843s ago] {'name_1': 'Data Extraction', 'param_1': 1}
2026-05-07 09:22:07,092 INFO sqlalchemy.engine.Engine COMMIT
INFO:sqlalchemy.engine.Engine:COMMIT
INFO:backend.prompt_manager:Default prompt templates seeded.
INFO:backend.embeddings:Loading embedding model: BAAI/bge-base-en-v1.5
INFO:sentence_transformers.SentenceTransformer:Use pytorch device_name: cpu
INFO:sentence_transformers.SentenceTransformer:Load pretrained SentenceTransformer: BAAI/bge-base-en-v1.5
INFO:backend.embeddings:Embedding dimension: 768
[0;93m2026-05-07 09:22:07.947943591 [W:onnxruntime:Default, device_discovery.cc:211 DiscoverDevicesForPlatform] GPU device discovery failed: device_discovery.cc:91 ReadFileContents Failed to open file: "/sys/class/drm/card0/device/vendor"[m
ERROR:chromadb.telemetry.product.posthog:Failed to send telemetry event ClientStartEvent: capture() takes 1 positional argument but 3 were given
ERROR:chromadb.telemetry.product.posthog:Failed to send telemetry event ClientCreateCollectionEvent: capture() takes 1 positional argument but 3 were given
INFO:backend.vector_store:ChromaDB collection 'documents' ready (898 items)
INFO:backend.main:Services pre-warmed: embedding model loaded and ready.
INFO:     Application startup complete.
ERROR:    [Errno 98] error while attempting to bind on address ('0.0.0.0', 8000): address already in use
INFO:     Waiting for application shutdown.
INFO:backend.main:Shutdown complete.
INFO:     Application shutdown complete.
